2025-08-03 23:01:47 error: TypeError: Cannot read properties of undefined (reading 'createWorker')
    at initWorker (D:\Web-Development\Projects\Croudly\live\backend\src\mediasoup\worker.ts:11:20)
    at setup (D:\Web-Development\Projects\Croudly\live\backend\src\mediasoup\transport.ts:17:28)
    at Object.<anonymous> (D:\Web-Development\Projects\Croudly\live\backend\src\mediasoup\transport.ts:37:1)
    at Module._compile (node:internal/modules/cjs/loader:1358:14)
    at Module.m._compile (D:\Web-Development\Projects\Croudly\live\backend\node_modules\ts-node\src\index.ts:1618:23)
    at Module._extensions..js (node:internal/modules/cjs/loader:1416:10)
    at Object.require.extensions.<computed> [as .ts] (D:\Web-Development\Projects\Croudly\live\backend\node_modules\ts-node\src\index.ts:1621:12)
    at Module.load (node:internal/modules/cjs/loader:1208:32)
    at Function.Module._load (node:internal/modules/cjs/loader:1024:12)
    at Module.require (node:internal/modules/cjs/loader:1233:19)
2025-08-03 23:01:49 error: TypeError: Cannot read properties of undefined (reading 'createWorker')
    at initWorker (D:\Web-Development\Projects\Croudly\live\backend\src\mediasoup\worker.ts:11:20)
    at createRouter (D:\Web-Development\Projects\Croudly\live\backend\src\mediasoup\router.ts:81:34)
    at D:\Web-Development\Projects\Croudly\live\backend\src\index.ts:24:23
    at processTicksAndRejections (node:internal/process/task_queues:95:5)
2025-08-03 23:03:14 error: UnsupportedError: media codec not supported [mimeType:video/H265]
    at Object.generateRouterRtpCapabilities (D:\Web-Development\Projects\Croudly\live\backend\node_modules\mediasoup\node\lib\ortc.js:167:19)
    at WorkerImpl.createRouter (D:\Web-Development\Projects\Croudly\live\backend\node_modules\mediasoup\node\lib\Worker.js:336:38)
    at createRouter (D:\Web-Development\Projects\Croudly\live\backend\src\mediasoup\router.ts:82:31)
    at async D:\Web-Development\Projects\Croudly\live\backend\src\index.ts:24:5
2025-08-10 11:02:51 error: Error: Room not found
    at getRoom (D:\Web-Development\Projects\Croudly\live\backend\src\rooms\room.store.ts:51:20)
    at joinAsViewer (D:\Web-Development\Projects\Croudly\live\backend\src\handlers\viewer.handler.ts:14:23)
    at Socket.<anonymous> (D:\Web-Development\Projects\Croudly\live\backend\src\handlers\viewerSocket.handler.ts:15:49)
    at Socket.emit (node:events:519:28)
    at Socket.emit (node:domain:488:12)
    at Socket.emitUntyped (D:\Web-Development\Projects\Croudly\live\backend\node_modules\socket.io\dist\typed-events.js:69:22)
    at D:\Web-Development\Projects\Croudly\live\backend\node_modules\socket.io\dist\socket.js:697:39
    at processTicksAndRejections (node:internal/process/task_queues:77:11)
2025-08-10 11:06:38 error: SocketId did not come through
2025-08-10 11:06:38 error: Error: Room not found
    at getRoom (D:\Web-Development\Projects\Croudly\live\backend\src\rooms\room.store.ts:51:20)
    at joinAsViewer (D:\Web-Development\Projects\Croudly\live\backend\src\handlers\viewer.handler.ts:14:23)
    at Socket.<anonymous> (D:\Web-Development\Projects\Croudly\live\backend\src\handlers\viewerSocket.handler.ts:15:49)
    at Socket.emit (node:events:519:28)
    at Socket.emit (node:domain:488:12)
    at Socket.emitUntyped (D:\Web-Development\Projects\Croudly\live\backend\node_modules\socket.io\dist\typed-events.js:69:22)
    at D:\Web-Development\Projects\Croudly\live\backend\node_modules\socket.io\dist\socket.js:697:39
    at processTicksAndRejections (node:internal/process/task_queues:77:11)
2025-08-10 11:06:38 error: SocketId did not come through
2025-08-10 11:06:38 error: SocketId did not come through
2025-08-10 11:06:38 error: Error: Room not found
    at getRoom (D:\Web-Development\Projects\Croudly\live\backend\src\rooms\room.store.ts:51:20)
    at joinAsViewer (D:\Web-Development\Projects\Croudly\live\backend\src\handlers\viewer.handler.ts:14:23)
    at Socket.<anonymous> (D:\Web-Development\Projects\Croudly\live\backend\src\handlers\viewerSocket.handler.ts:15:49)
    at Socket.emit (node:events:519:28)
    at Socket.emit (node:domain:488:12)
    at Socket.emitUntyped (D:\Web-Development\Projects\Croudly\live\backend\node_modules\socket.io\dist\typed-events.js:69:22)
    at D:\Web-Development\Projects\Croudly\live\backend\node_modules\socket.io\dist\socket.js:697:39
    at processTicksAndRejections (node:internal/process/task_queues:77:11)
2025-08-10 11:06:38 error: Error: Room not found
    at getRoom (D:\Web-Development\Projects\Croudly\live\backend\src\rooms\room.store.ts:51:20)
    at joinAsViewer (D:\Web-Development\Projects\Croudly\live\backend\src\handlers\viewer.handler.ts:14:23)
    at Socket.<anonymous> (D:\Web-Development\Projects\Croudly\live\backend\src\handlers\viewerSocket.handler.ts:15:49)
    at Socket.emit (node:events:519:28)
    at Socket.emit (node:domain:488:12)
    at Socket.emitUntyped (D:\Web-Development\Projects\Croudly\live\backend\node_modules\socket.io\dist\typed-events.js:69:22)
    at D:\Web-Development\Projects\Croudly\live\backend\node_modules\socket.io\dist\socket.js:697:39
    at processTicksAndRejections (node:internal/process/task_queues:77:11)
2025-08-12 18:11:09 error: Error: Room not found
    at getRoom (D:\Web-Development\Projects\Croudly\live\backend\src\rooms\room.store.ts:54:20)
    at Socket.<anonymous> (D:\Web-Development\Projects\Croudly\live\backend\src\handlers\broadcaster.handler.ts:24:35)
    at Socket.emit (node:events:519:28)
    at Socket.emit (node:domain:488:12)
    at Socket.emitUntyped (D:\Web-Development\Projects\Croudly\live\backend\node_modules\socket.io\dist\typed-events.js:69:22)
    at D:\Web-Development\Projects\Croudly\live\backend\node_modules\socket.io\dist\socket.js:697:39
    at processTicksAndRejections (node:internal/process/task_queues:77:11)
2025-08-12 18:11:11 error: Error: Room not found
    at getRoom (D:\Web-Development\Projects\Croudly\live\backend\src\rooms\room.store.ts:54:20)
    at Socket.<anonymous> (D:\Web-Development\Projects\Croudly\live\backend\src\handlers\broadcaster.handler.ts:24:35)
    at Socket.emit (node:events:519:28)
    at Socket.emit (node:domain:488:12)
    at Socket.emitUntyped (D:\Web-Development\Projects\Croudly\live\backend\node_modules\socket.io\dist\typed-events.js:69:22)
    at D:\Web-Development\Projects\Croudly\live\backend\node_modules\socket.io\dist\socket.js:697:39
    at processTicksAndRejections (node:internal/process/task_queues:77:11)
2025-08-12 18:13:30 error: Error: Room not found
    at getRoom (D:\Web-Development\Projects\Croudly\live\backend\src\rooms\room.store.ts:54:20)
    at Socket.<anonymous> (D:\Web-Development\Projects\Croudly\live\backend\src\handlers\broadcaster.handler.ts:24:35)
    at Socket.emit (node:events:519:28)
    at Socket.emit (node:domain:488:12)
    at Socket.emitUntyped (D:\Web-Development\Projects\Croudly\live\backend\node_modules\socket.io\dist\typed-events.js:69:22)
    at D:\Web-Development\Projects\Croudly\live\backend\node_modules\socket.io\dist\socket.js:697:39
    at processTicksAndRejections (node:internal/process/task_queues:77:11)
2025-08-12 18:15:09 error: Error: Room not found
    at getRoom (D:\Web-Development\Projects\Croudly\live\backend\src\rooms\room.store.ts:54:20)
    at Socket.<anonymous> (D:\Web-Development\Projects\Croudly\live\backend\src\handlers\broadcaster.handler.ts:24:35)
    at Socket.emit (node:events:519:28)
    at Socket.emit (node:domain:488:12)
    at Socket.emitUntyped (D:\Web-Development\Projects\Croudly\live\backend\node_modules\socket.io\dist\typed-events.js:69:22)
    at D:\Web-Development\Projects\Croudly\live\backend\node_modules\socket.io\dist\socket.js:697:39
    at processTicksAndRejections (node:internal/process/task_queues:77:11)
2025-08-12 18:16:02 error: Error: Room not found
    at getRoom (D:\Web-Development\Projects\Croudly\live\backend\src\rooms\room.store.ts:54:20)
    at Socket.<anonymous> (D:\Web-Development\Projects\Croudly\live\backend\src\handlers\broadcaster.handler.ts:25:35)
    at Socket.emit (node:events:519:28)
    at Socket.emit (node:domain:488:12)
    at Socket.emitUntyped (D:\Web-Development\Projects\Croudly\live\backend\node_modules\socket.io\dist\typed-events.js:69:22)
    at D:\Web-Development\Projects\Croudly\live\backend\node_modules\socket.io\dist\socket.js:697:39
    at processTicksAndRejections (node:internal/process/task_queues:77:11)
2025-08-12 18:16:34 error: Error: Room not found
    at getRoom (D:\Web-Development\Projects\Croudly\live\backend\src\rooms\room.store.ts:54:20)
    at Socket.<anonymous> (D:\Web-Development\Projects\Croudly\live\backend\src\handlers\broadcaster.handler.ts:25:35)
    at Socket.emit (node:events:519:28)
    at Socket.emit (node:domain:488:12)
    at Socket.emitUntyped (D:\Web-Development\Projects\Croudly\live\backend\node_modules\socket.io\dist\typed-events.js:69:22)
    at D:\Web-Development\Projects\Croudly\live\backend\node_modules\socket.io\dist\socket.js:697:39
    at processTicksAndRejections (node:internal/process/task_queues:77:11)
2025-08-12 18:17:09 error: Error: wrong webRtcServerId (no associated WebRtcServer found) [method:router.createWebRtcTransportWithServer]
    at Channel.processResponse (D:\Web-Development\Projects\Croudly\live\backend\node_modules\mediasoup\node\lib\Channel.js:251:33)
    at Socket.<anonymous> (D:\Web-Development\Projects\Croudly\live\backend\node_modules\mediasoup\node\lib\Channel.js:76:34)
    at Socket.emit (node:events:519:28)
    at Socket.emit (node:domain:488:12)
    at addChunk (node:internal/streams/readable:559:12)
    at readableAddChunkPushByteMode (node:internal/streams/readable:510:3)
    at Socket.Readable.push (node:internal/streams/readable:390:5)
    at Pipe.onStreamRead (node:internal/stream_base_commons:191:23)
2025-08-12 18:18:10 error: Error: wrong webRtcServerId (no associated WebRtcServer found) [method:router.createWebRtcTransportWithServer]
    at Channel.processResponse (D:\Web-Development\Projects\Croudly\live\backend\node_modules\mediasoup\node\lib\Channel.js:251:33)
    at Socket.<anonymous> (D:\Web-Development\Projects\Croudly\live\backend\node_modules\mediasoup\node\lib\Channel.js:76:34)
    at Socket.emit (node:events:519:28)
    at Socket.emit (node:domain:488:12)
    at addChunk (node:internal/streams/readable:559:12)
    at readableAddChunkPushByteMode (node:internal/streams/readable:510:3)
    at Socket.Readable.push (node:internal/streams/readable:390:5)
    at Pipe.onStreamRead (node:internal/stream_base_commons:191:23)
2025-08-12 18:24:00 error: Error: wrong webRtcServerId (no associated WebRtcServer found) [method:router.createWebRtcTransportWithServer]
    at Channel.processResponse (D:\Web-Development\Projects\Croudly\live\backend\node_modules\mediasoup\node\lib\Channel.js:251:33)
    at Socket.<anonymous> (D:\Web-Development\Projects\Croudly\live\backend\node_modules\mediasoup\node\lib\Channel.js:76:34)
    at Socket.emit (node:events:519:28)
    at Socket.emit (node:domain:488:12)
    at addChunk (node:internal/streams/readable:559:12)
    at readableAddChunkPushByteMode (node:internal/streams/readable:510:3)
    at Socket.Readable.push (node:internal/streams/readable:390:5)
    at Pipe.onStreamRead (node:internal/stream_base_commons:191:23)
2025-08-12 18:27:56 error: Error: wrong webRtcServerId (no associated WebRtcServer found) [method:router.createWebRtcTransportWithServer]
    at Channel.processResponse (D:\Web-Development\Projects\Croudly\live\backend\node_modules\mediasoup\node\lib\Channel.js:251:33)
    at Socket.<anonymous> (D:\Web-Development\Projects\Croudly\live\backend\node_modules\mediasoup\node\lib\Channel.js:76:34)
    at Socket.emit (node:events:519:28)
    at Socket.emit (node:domain:488:12)
    at addChunk (node:internal/streams/readable:559:12)
    at readableAddChunkPushByteMode (node:internal/streams/readable:510:3)
    at Socket.Readable.push (node:internal/streams/readable:390:5)
    at Pipe.onStreamRead (node:internal/stream_base_commons:191:23)
2025-08-12 18:30:54 error: Error: wrong webRtcServerId (no associated WebRtcServer found) [method:router.createWebRtcTransportWithServer]
    at Channel.processResponse (D:\Web-Development\Projects\Croudly\live\backend\node_modules\mediasoup\node\lib\Channel.js:251:33)
    at Socket.<anonymous> (D:\Web-Development\Projects\Croudly\live\backend\node_modules\mediasoup\node\lib\Channel.js:76:34)
    at Socket.emit (node:events:519:28)
    at Socket.emit (node:domain:488:12)
    at addChunk (node:internal/streams/readable:559:12)
    at readableAddChunkPushByteMode (node:internal/streams/readable:510:3)
    at Socket.Readable.push (node:internal/streams/readable:390:5)
    at Pipe.onStreamRead (node:internal/stream_base_commons:191:23)
2025-08-18 20:39:46 error: ValidationError: Transport validation failed: transportId: Path `transportId` is required.
    at model.Document.invalidate (D:\Web-Development\Projects\Croudly\live\backend\node_modules\mongoose\lib\document.js:3358:32)
    at D:\Web-Development\Projects\Croudly\live\backend\node_modules\mongoose\lib\document.js:3119:17
    at D:\Web-Development\Projects\Croudly\live\backend\node_modules\mongoose\lib\schemaType.js:1410:9
    at processTicksAndRejections (node:internal/process/task_queues:77:11)
2025-08-24 16:39:55 error: Error: wrong webRtcServerId (no associated WebRtcServer found) [method:router.createWebRtcTransportWithServer]
    at Channel.processResponse (D:\Web-Development\Projects\Croudly\live\backend\node_modules\mediasoup\node\lib\Channel.js:251:33)
    at Socket.<anonymous> (D:\Web-Development\Projects\Croudly\live\backend\node_modules\mediasoup\node\lib\Channel.js:76:34)
    at Socket.emit (node:events:519:28)
    at Socket.emit (node:domain:488:12)
    at addChunk (node:internal/streams/readable:559:12)
    at readableAddChunkPushByteMode (node:internal/streams/readable:510:3)
    at Socket.Readable.push (node:internal/streams/readable:390:5)
    at Pipe.onStreamRead (node:internal/stream_base_commons:191:23)
2025-08-24 18:51:26 error: Viewer does not exist with socketId : SJi8ihm2jnYd-uqZAAAD
2025-08-24 18:52:08 error: Viewer does not exist with socketId : HQb1SNpzcP2yJz8tAAAF
2025-08-24 18:54:36 error: Viewer does not exist with socketId : wod_KzIBm_Ej67auAAAE
2025-08-25 15:23:24 error: Error: wrong webRtcServerId (no associated WebRtcServer found) [method:router.createWebRtcTransportWithServer]
    at Channel.processResponse (D:\Web-Development\Projects\Croudly\live\backend\node_modules\mediasoup\node\lib\Channel.js:251:33)
    at Socket.<anonymous> (D:\Web-Development\Projects\Croudly\live\backend\node_modules\mediasoup\node\lib\Channel.js:76:34)
    at Socket.emit (node:events:519:28)
    at Socket.emit (node:domain:488:12)
    at addChunk (node:internal/streams/readable:559:12)
    at readableAddChunkPushByteMode (node:internal/streams/readable:510:3)
    at Socket.Readable.push (node:internal/streams/readable:390:5)
    at Pipe.onStreamRead (node:internal/stream_base_commons:191:23)
2025-08-25 15:28:56 error: TypeError: missing webRtcServer, listenInfos and listenIps (one of them is mandatory)
    at RouterImpl.createWebRtcTransport (D:\Web-Development\Projects\Croudly\live\backend\node_modules\mediasoup\node\lib\Router.js:157:19)
    at createWebRtcTransport (D:\Web-Development\Projects\Croudly\live\backend\src\mediasoup\transport.ts:29:34)
    at Socket.<anonymous> (D:\Web-Development\Projects\Croudly\live\backend\src\handlers\registerViewer.handler.ts:65:58)
    at Socket.emit (node:events:519:28)
    at Socket.emit (node:domain:488:12)
    at Socket.emitUntyped (D:\Web-Development\Projects\Croudly\live\backend\node_modules\socket.io\dist\typed-events.js:69:22)
    at D:\Web-Development\Projects\Croudly\live\backend\node_modules\socket.io\dist\socket.js:697:39
    at processTicksAndRejections (node:internal/process/task_queues:77:11)
2025-08-25 19:03:47 error: Error: querySrv ETIMEOUT _mongodb._tcp.cluster0.kez1ma6.mongodb.net
    at QueryReqWrap.onresolve [as oncomplete] (node:internal/dns/promises:291:17)
2025-08-25 19:04:28 error: Error: querySrv ETIMEOUT _mongodb._tcp.cluster0.kez1ma6.mongodb.net
    at QueryReqWrap.onresolve [as oncomplete] (node:internal/dns/promises:291:17)
2025-08-25 19:05:09 error: Error: querySrv ETIMEOUT _mongodb._tcp.cluster0.kez1ma6.mongodb.net
    at QueryReqWrap.onresolve [as oncomplete] (node:internal/dns/promises:291:17)
2025-08-26 18:10:15 error: Error: Room not found
    at getRoom (D:\Web-Development\Projects\Croudly\live\backend\src\rooms\room.store.ts:80:20)
    at joinAsViewer (D:\Web-Development\Projects\Croudly\live\backend\src\handlers\viewer.handler.ts:19:23)
    at Socket.<anonymous> (D:\Web-Development\Projects\Croudly\live\backend\src\handlers\registerViewer.handler.ts:20:25)
    at Socket.emit (node:events:519:28)
    at Socket.emit (node:domain:488:12)
    at Socket.emitUntyped (D:\Web-Development\Projects\Croudly\live\backend\node_modules\socket.io\dist\typed-events.js:69:22)
    at D:\Web-Development\Projects\Croudly\live\backend\node_modules\socket.io\dist\socket.js:697:39
    at processTicksAndRejections (node:internal/process/task_queues:77:11)
2025-08-26 18:39:13 error: Error: Room not found
    at getRoom (D:\Web-Development\Projects\Croudly\live\backend\src\rooms\room.store.ts:80:20)
    at Socket.<anonymous> (D:\Web-Development\Projects\Croudly\live\backend\src\handlers\broadcaster.handler.ts:36:27)
    at Socket.emit (node:events:519:28)
    at Socket.emit (node:domain:488:12)
    at Socket.emitUntyped (D:\Web-Development\Projects\Croudly\live\backend\node_modules\socket.io\dist\typed-events.js:69:22)
    at D:\Web-Development\Projects\Croudly\live\backend\node_modules\socket.io\dist\socket.js:697:39
    at processTicksAndRejections (node:internal/process/task_queues:77:11)
2025-08-26 18:45:18 error: RTC Failed Error: Room not found
2025-08-26 18:49:10 error: RTC Failed Error: Room not found
2025-08-26 19:01:12 error: RTC Failed Error: Room not found
2025-08-26 22:34:24 error: TypeError: transport.produce is not a function
    at Socket.<anonymous> (D:\Web-Development\Projects\Croudly\live\backend\src\handlers\broadcaster.handler.ts:207:40)
    at Socket.emit (node:events:519:28)
    at Socket.emit (node:domain:488:12)
    at Socket.emitUntyped (D:\Web-Development\Projects\Croudly\live\backend\node_modules\socket.io\dist\typed-events.js:69:22)
    at D:\Web-Development\Projects\Croudly\live\backend\node_modules\socket.io\dist\socket.js:697:39
    at processTicksAndRejections (node:internal/process/task_queues:77:11)
2025-08-26 22:39:48 error: TypeError: transport.produce is not a function
    at Socket.<anonymous> (D:\Web-Development\Projects\Croudly\live\backend\src\handlers\broadcaster.handler.ts:207:40)
    at Socket.emit (node:events:519:28)
    at Socket.emit (node:domain:488:12)
    at Socket.emitUntyped (D:\Web-Development\Projects\Croudly\live\backend\node_modules\socket.io\dist\typed-events.js:69:22)
    at D:\Web-Development\Projects\Croudly\live\backend\node_modules\socket.io\dist\socket.js:697:39
    at processTicksAndRejections (node:internal/process/task_queues:77:11)
2025-08-26 22:42:56 error: TypeError: Cannot read properties of undefined (reading 'id')
    at D:\Web-Development\Projects\Croudly\live\backend\src\handlers\broadcaster.handler.ts:200:28
    at Array.find (<anonymous>)
    at Socket.<anonymous> (D:\Web-Development\Projects\Croudly\live\backend\src\handlers\broadcaster.handler.ts:199:48)
    at Socket.emit (node:events:519:28)
    at Socket.emit (node:domain:488:12)
    at Socket.emitUntyped (D:\Web-Development\Projects\Croudly\live\backend\node_modules\socket.io\dist\typed-events.js:69:22)
    at D:\Web-Development\Projects\Croudly\live\backend\node_modules\socket.io\dist\socket.js:697:39
    at processTicksAndRejections (node:internal/process/task_queues:77:11)
2025-08-28 13:40:14 error: Viewer does not exist with socketId : undefined
2025-08-28 13:40:14 error: Viewer does not exist with socketId : undefined
2025-08-28 13:43:46 error: Viewer consumer does not exist
2025-08-28 13:43:46 error: Viewer consumer does not exist
2025-08-28 13:48:00 error: Viewer consumer does not exist
2025-08-28 13:48:01 error: Viewer consumer does not exist
2025-08-28 13:48:44 error: Viewer consumer does not exist
2025-08-28 13:48:44 error: Viewer consumer does not exist
2025-08-28 13:51:30 error: Viewer consumer does not exist
2025-08-28 13:51:30 error: Viewer consumer does not exist
2025-08-28 13:54:58 error: Viewer consumer does not exist
2025-08-28 13:54:58 error: Viewer consumer does not exist
2025-08-28 13:56:05 error: Viewer consumer does not exist
2025-08-28 13:56:05 error: Viewer consumer does not exist
2025-08-28 13:59:48 error: Viewer consumer does not exist
2025-08-28 13:59:48 error: Viewer consumer does not exist
2025-08-28 14:30:17 error: Error connecting transport
2025-08-28 14:30:18 error: Error: MID already exists in RTP listener [mid:0] [method:transport.produce]
    at Channel.processResponse (D:\Web-Development\Projects\Croudly\live\backend\node_modules\mediasoup\node\lib\Channel.js:251:33)
    at Socket.<anonymous> (D:\Web-Development\Projects\Croudly\live\backend\node_modules\mediasoup\node\lib\Channel.js:76:34)
    at Socket.emit (node:events:519:28)
    at Socket.emit (node:domain:488:12)
    at addChunk (node:internal/streams/readable:559:12)
    at readableAddChunkPushByteMode (node:internal/streams/readable:510:3)
    at Socket.Readable.push (node:internal/streams/readable:390:5)
    at Pipe.onStreamRead (node:internal/stream_base_commons:191:23)
2025-09-02 13:42:07 error: TypeError: Cannot read properties of undefined (reading 'readyState')
    at Socket.<anonymous> (D:\Web-Development\Projects\Croudly\live\backend\src\handlers\broadcaster.handler.ts:250:64)
    at processTicksAndRejections (node:internal/process/task_queues:95:5)
2025-09-03 16:06:20 error: MongoNetworkError: read ECONNRESET
    at Connection.onSocketError (D:\Web-Development\Projects\Croudly\live\backend\node_modules\mongodb\src\cmap\connection.ts:308:18)
    at TLSSocket.emit (node:events:531:35)
    at TLSSocket.emit (node:domain:488:12)
    at emitErrorNT (node:internal/streams/destroy:169:8)
    at emitErrorCloseNT (node:internal/streams/destroy:128:3)
    at processTicksAndRejections (node:internal/process/task_queues:82:21)
2025-09-03 17:24:50 error: Viewer consumer does not exist
2025-09-03 17:24:50 error: Viewer already exists in the database
2025-09-03 17:38:18 error: Viewer already exists in the database
2025-09-05 11:26:03 error: ReferenceError: window is not defined
    at requestToBecomeCoHost (D:\Web-Development\Projects\Croudly\live\backend\src\utils\coHost.utils.ts:25:26)
    at Socket.<anonymous> (D:\Web-Development\Projects\Croudly\live\backend\src\handlers\broadcaster.handler.ts:283:50)
    at Socket.emit (node:events:519:28)
    at Socket.emit (node:domain:488:12)
    at Socket.emitUntyped (D:\Web-Development\Projects\Croudly\live\backend\node_modules\socket.io\dist\typed-events.js:69:22)
    at D:\Web-Development\Projects\Croudly\live\backend\node_modules\socket.io\dist\socket.js:697:39
    at processTicksAndRejections (node:internal/process/task_queues:77:11)
2025-09-07 10:01:24 error: Error: Room not found
    at getRoom (D:\Web-Development\Projects\Croudly\live\backend\src\rooms\room.store.ts:83:20)
    at joinAsViewer (D:\Web-Development\Projects\Croudly\live\backend\src\handlers\viewer.handler.ts:19:23)
    at Socket.<anonymous> (D:\Web-Development\Projects\Croudly\live\backend\src\handlers\registerViewer.handler.ts:18:25)
    at Socket.emit (node:events:519:28)
    at Socket.emit (node:domain:488:12)
    at Socket.emitUntyped (D:\Web-Development\Projects\Croudly\live\backend\node_modules\socket.io\dist\typed-events.js:69:22)
    at D:\Web-Development\Projects\Croudly\live\backend\node_modules\socket.io\dist\socket.js:697:39
    at processTicksAndRejections (node:internal/process/task_queues:77:11)
2025-09-08 11:55:45 error: Viewer already exists in the database
2025-09-15 13:26:13 error: Error: Room not found
    at getRoom (D:\Web-Development\Projects\Croudly\live\backend\src\rooms\room.store.ts:83:20)
    at joinAsViewer (D:\Web-Development\Projects\Croudly\live\backend\src\handlers\viewer.handler.ts:19:23)
    at Socket.<anonymous> (D:\Web-Development\Projects\Croudly\live\backend\src\handlers\registerViewer.handler.ts:17:25)
    at Socket.emit (node:events:519:28)
    at Socket.emit (node:domain:488:12)
    at Socket.emitUntyped (D:\Web-Development\Projects\Croudly\live\backend\node_modules\socket.io\dist\typed-events.js:69:22)
    at D:\Web-Development\Projects\Croudly\live\backend\node_modules\socket.io\dist\socket.js:697:39
    at processTicksAndRejections (node:internal/process/task_queues:77:11)
2025-09-15 13:26:15 error: Error: Room not found
    at getRoom (D:\Web-Development\Projects\Croudly\live\backend\src\rooms\room.store.ts:83:20)
    at joinAsViewer (D:\Web-Development\Projects\Croudly\live\backend\src\handlers\viewer.handler.ts:19:23)
    at Socket.<anonymous> (D:\Web-Development\Projects\Croudly\live\backend\src\handlers\registerViewer.handler.ts:17:25)
    at Socket.emit (node:events:519:28)
    at Socket.emit (node:domain:488:12)
    at Socket.emitUntyped (D:\Web-Development\Projects\Croudly\live\backend\node_modules\socket.io\dist\typed-events.js:69:22)
   
2026-01-07 11:15:26 error: Error: Room not found
    at getRoom (/home/harshit/Web-Development/Projects/Croudly/live/backend/src/rooms/room.store.ts:83:20)
    at joinAsViewer (/home/harshit/Web-Development/Projects/Croudly/live/backend/src/handlers/viewer.handler.ts:19:23)
    at Socket.<anonymous> (/home/harshit/Web-Development/Projects/Croudly/live/backend/src/handlers/registerViewer.handler.ts:17:25)
    at Socket.emit (node:events:508:28)
    at Socket.emit (node:domain:489:12)
    at Socket.emitUntyped (/home/harshit/Web-Development/Projects/Croudly/live/backend/node_modules/socket.io/dist/typed-events.js:69:22)
    at /home/harshit/Web-Development/Projects/Croudly/live/backend/node_modules/socket.io/dist/socket.js:697:39
    at processTicksAndRejections (node:internal/process/task_queues:84:11)
2026-01-07 11:17:32 error: Error creating transport
2026-01-07 11:17:40 error: MongooseError: Operation `viewers.findOne()` buffering timed out after 10000ms
    at Timeout.<anonymous> (/home/harshit/Web-Development/Projects/Croudly/live/backend/node_modules/mongoose/lib/drivers/node-mongodb-native/collection.js:187:23)
    at listOnTimeout (node:internal/timers:605:17)
    at processTimers (node:internal/timers:541:7)
2026-01-07 11:19:08 error: Error creating transport
2026-01-07 11:19:14 error: MongooseError: Operation `viewers.findOne()` buffering timed out after 10000ms
    at Timeout.<anonymous> (/home/harshit/Web-Development/Projects/Croudly/live/backend/node_modules/mongoose/lib/drivers/node-mongodb-native/collection.js:187:23)
    at listOnTimeout (node:internal/timers:605:17)
    at processTimers (node:internal/timers:541:7)
2026-01-07 11:21:11 error: Error creating transport
2026-01-07 12:07:17 error: Error creating transport
2026-01-09 14:36:24 error: Room not found
2026-01-09 14:36:24 error: Error
    at getRoom (/home/harshit/Web-Development/Projects/Croudly/live/backend/src/rooms/room.store.ts:135:13)
    at addBroadcaster (/home/harshit/Web-Development/Projects/Croudly/live/backend/src/rooms/room.store.ts:156:18)
    at Socket.<anonymous> (/home/harshit/Web-Development/Projects/Croudly/live/backend/src/handlers/broadcaster.handler.ts:32:21)
    at processTicksAndRejections (node:internal/process/task_queues:103:5)
2026-01-09 14:36:24 error: Room not found
2026-01-09 14:36:24 error: Error
    at addBroadcaster (/home/harshit/Web-Development/Projects/Croudly/live/backend/src/rooms/room.store.ts:160:13)
    at Socket.<anonymous> (/home/harshit/Web-Development/Projects/Croudly/live/backend/src/handlers/broadcaster.handler.ts:32:21)
    at processTicksAndRejections (node:internal/process/task_queues:103:5)
2026-01-09 14:36:24 error: Error: wrong webRtcServerId (no associated WebRtcServer found) [method:router.createWebRtcTransportWithServer]
    at Channel.processResponse (/home/harshit/Web-Development/Projects/Croudly/live/backend/node_modules/mediasoup/node/lib/Channel.js:251:33)
    at Socket.<anonymous> (/home/harshit/Web-Development/Projects/Croudly/live/backend/node_modules/mediasoup/node/lib/Channel.js:76:34)
    at Socket.emit (node:events:508:28)
    at Socket.emit (node:domain:489:12)
    at addChunk (node:internal/streams/readable:559:12)
    at readableAddChunkPushByteMode (node:internal/streams/readable:510:3)
    at Socket.Readable.push (node:internal/streams/readable:390:5)
    at Pipe.onStreamRead (node:internal/stream_base_commons:189:23)
2026-01-09 14:36:24 error: Broadcaster not found
2026-01-09 14:36:24 error: Error
    at saveBroadcasterTransport (/home/harshit/Web-Development/Projects/Croudly/live/backend/src/rooms/room.store.ts:198:13)
    at Socket.<anonymous> (/home/harshit/Web-Development/Projects/Croudly/live/backend/src/handlers/broadcaster.handler.ts:142:31)
    at processTicksAndRejections (node:internal/process/task_queues:103:5)
2026-01-09 14:36:57 error: Error: wrong webRtcServerId (no associated WebRtcServer found) [method:router.createWebRtcTransportWithServer]
    at Channel.processResponse (/home/harshit/Web-Development/Projects/Croudly/live/backend/node_modules/mediasoup/node/lib/Channel.js:251:33)
    at Socket.<anonymous> (/home/harshit/Web-Development/Projects/Croudly/live/backend/node_modules/mediasoup/node/lib/Channel.js:76:34)
    at Socket.emit (node:events:508:28)
    at Socket.emit (node:domain:489:12)
    at addChunk (node:internal/streams/readable:559:12)
    at readableAddChunkPushByteMode (node:internal/streams/readable:510:3)
    at Socket.Readable.push (node:internal/streams/readable:390:5)
    at Pipe.onStreamRead (node:internal/stream_base_commons:189:23)
2026-01-09 14:37:47 error: Error: wrong webRtcServerId (no associated WebRtcServer found) [method:router.createWebRtcTransportWithServer]
    at Channel.processResponse (/home/harshit/Web-Development/Projects/Croudly/live/backend/node_modules/mediasoup/node/lib/Channel.js:251:33)
    at Socket.<anonymous> (/home/harshit/Web-Development/Projects/Croudly/live/backend/node_modules/mediasoup/node/lib/Channel.js:76:34)
    at Socket.emit (node:events:508:28)
    at Socket.emit (node:domain:489:12)
    at addChunk (node:internal/streams/readable:559:12)
    at readableAddChunkPushByteMode (node:internal/streams/readable:510:3)
    at Socket.Readable.push (node:internal/streams/readable:390:5)
    at Pipe.onStreamRead (node:internal/stream_base_commons:189:23)
2026-01-09 14:38:48 error: Room not found
2026-01-09 14:38:48 error: Error
    at getRoom (/home/harshit/Web-Development/Projects/Croudly/live/backend/src/rooms/room.store.ts:135:13)
    at addBroadcaster (/home/harshit/Web-Development/Projects/Croudly/live/backend/src/rooms/room.store.ts:156:18)
    at Socket.<anonymous> (/home/harshit/Web-Development/Projects/Croudly/live/backend/src/handlers/broadcaster.handler.ts:32:21)
    at processTicksAndRejections (node:internal/process/task_queues:103:5)
2026-01-09 14:38:48 error: Room not found
2026-01-09 14:38:48 error: Error
    at addBroadcaster (/home/harshit/Web-Development/Projects/Croudly/live/backend/src/rooms/room.store.ts:160:13)
    at Socket.<anonymous> (/home/harshit/Web-Development/Projects/Croudly/live/backend/src/handlers/broadcaster.handler.ts:32:21)
    at processTicksAndRejections (node:internal/process/task_queues:103:5)
2026-01-09 14:38:49 error: Error: wrong webRtcServerId (no associated WebRtcServer found) [method:router.createWebRtcTransportWithServer]
    at Channel.processResponse (/home/harshit/Web-Development/Projects/Croudly/live/backend/node_modules/mediasoup/node/lib/Channel.js:251:33)
    at Socket.<anonymous> (/home/harshit/Web-Development/Projects/Croudly/live/backend/node_modules/mediasoup/node/lib/Channel.js:76:34)
    at Socket.emit (node:events:508:28)
    at Socket.emit (node:domain:489:12)
    at addChunk (node:internal/streams/readable:559:12)
    at readableAddChunkPushByteMode (node:internal/streams/readable:510:3)
    at Socket.Readable.push (node:internal/streams/readable:390:5)
    at Pipe.onStreamRead (node:internal/stream_base_commons:189:23)
2026-01-09 14:38:49 error: Broadcaster not found
2026-01-09 14:38:49 error: Error
    at saveBroadcasterTransport (/home/harshit/Web-Development/Projects/Croudly/live/backend/src/rooms/room.store.ts:198:13)
    at Socket.<anonymous> (/home/harshit/Web-Development/Projects/Croudly/live/backend/src/handlers/broadcaster.handler.ts:142:31)
    at processTicksAndRejections (node:internal/process/task_queues:103:5)
2026-01-09 14:39:15 error: Error: wrong webRtcServerId (no associated WebRtcServer found) [method:router.createWebRtcTransportWithServer]
    at Channel.processResponse (/home/harshit/Web-Development/Projects/Croudly/live/backend/node_modules/mediasoup/node/lib/Channel.js:251:33)
    at Socket.<anonymous> (/home/harshit/Web-Development/Projects/Croudly/live/backend/node_modules/mediasoup/node/lib/Channel.js:76:34)
    at Socket.emit (node:events:508:28)
    at Socket.emit (node:domain:489:12)
    at addChunk (node:internal/streams/readable:559:12)
    at readableAddChunkPushByteMode (node:internal/streams/readable:510:3)
    at Socket.Readable.push (node:internal/streams/readable:390:5)
    at Pipe.onStreamRead (node:internal/stream_base_commons:189:23)
2026-01-09 14:41:00 error: Room not found
2026-01-09 14:41:00 error: Error
    at getRoom (/home/harshit/Web-Development/Projects/Croudly/live/backend/src/rooms/room.store.ts:135:13)
    at addBroadcaster (/home/harshit/Web-Development/Projects/Croudly/live/backend/src/rooms/room.store.ts:156:18)
    at Socket.<anonymous> (/home/harshit/Web-Development/Projects/Croudly/live/backend/src/handlers/broadcaster.handler.ts:32:21)
    at processTicksAndRejections (node:internal/process/task_queues:103:5)
2026-01-09 14:41:00 error: Room not found
2026-01-09 14:41:00 error: Error
    at addBroadcaster (/home/harshit/Web-Development/Projects/Croudly/live/backend/src/rooms/room.store.ts:160:13)
    at Socket.<anonymous> (/home/harshit/Web-Development/Projects/Croudly/live/backend/src/handlers/broadcaster.handler.ts:32:21)
    at processTicksAndRejections (node:internal/process/task_queues:103:5)
2026-01-09 14:41:01 error: Error: wrong webRtcServerId (no associated WebRtcServer found) [method:router.createWebRtcTransportWithServer]
    at Channel.processResponse (/home/harshit/Web-Development/Projects/Croudly/live/backend/node_modules/mediasoup/node/lib/Channel.js:251:33)
    at Socket.<anonymous> (/home/harshit/Web-Development/Projects/Croudly/live/backend/node_modules/mediasoup/node/lib/Channel.js:76:34)
    at Socket.emit (node:events:508:28)
    at Socket.emit (node:domain:489:12)
    at addChunk (node:internal/streams/readable:559:12)
    at readableAddChunkPushByteMode (node:internal/streams/readable:510:3)
    at Socket.Readable.push (node:internal/streams/readable:390:5)
    at Pipe.onStreamRead (node:internal/stream_base_commons:189:23)
2026-01-09 14:41:01 error: Broadcaster not found
2026-01-09 14:41:01 error: Error
    at saveBroadcasterTransport (/home/harshit/Web-Development/Projects/Croudly/live/backend/src/rooms/room.store.ts:198:13)
    at Socket.<anonymous> (/home/harshit/Web-Development/Projects/Croudly/live/backend/src/handlers/broadcaster.handler.ts:142:31)
    at processTicksAndRejections (node:internal/process/task_queues:103:5)
2026-01-09 14:41:04 error: Error: wrong webRtcServerId (no associated WebRtcServer found) [method:router.createWebRtcTransportWithServer]
    at Channel.processResponse (/home/harshit/Web-Development/Projects/Croudly/live/backend/node_modules/mediasoup/node/lib/Channel.js:251:33)
    at Socket.<anonymous> (/home/harshit/Web-Development/Projects/Croudly/live/backend/node_modules/mediasoup/node/lib/Channel.js:76:34)
    at Socket.emit (node:events:508:28)
    at Socket.emit (node:domain:489:12)
    at addChunk (node:internal/streams/readable:559:12)
    at readableAddChunkPushByteMode (node:internal/streams/readable:510:3)
    at Socket.Readable.push (node:internal/streams/readable:390:5)
    at Pipe.onStreamRead (node:internal/stream_base_commons:189:23)
2026-01-09 14:42:15 error: Room not found
2026-01-09 14:42:15 error: Error
    at getRoom (/home/harshit/Web-Development/Projects/Croudly/live/backend/src/rooms/room.store.ts:135:13)
    at addBroadcaster (/home/harshit/Web-Development/Projects/Croudly/live/backend/src/rooms/room.store.ts:156:18)
    at Socket.<anonymous> (/home/harshit/Web-Development/Projects/Croudly/live/backend/src/handlers/broadcaster.handler.ts:32:21)
    at processTicksAndRejections (node:internal/process/task_queues:103:5)
2026-01-09 14:42:15 error: Room not found
2026-01-09 14:42:15 error: Error
    at addBroadcaster (/home/harshit/Web-Development/Projects/Croudly/live/backend/src/rooms/room.store.ts:160:13)
    at Socket.<anonymous> (/home/harshit/Web-Development/Projects/Croudly/live/backend/src/handlers/broadcaster.handler.ts:32:21)
    at processTicksAndRejections (node:internal/process/task_queues:103:5)
2026-01-09 14:42:16 error: Error: wrong webRtcServerId (no associated WebRtcServer found) [method:router.createWebRtcTransportWithServer]
    at Channel.processResponse (/home/harshit/Web-Development/Projects/Croudly/live/backend/node_modules/mediasoup/node/lib/Channel.js:251:33)
    at Socket.<anonymous> (/home/harshit/Web-Development/Projects/Croudly/live/backend/node_modules/mediasoup/node/lib/Channel.js:76:34)
    at Socket.emit (node:events:508:28)
    at Socket.emit (node:domain:489:12)
    at addChunk (node:internal/streams/readable:559:12)
    at readableAddChunkPushByteMode (node:internal/streams/readable:510:3)
    at Socket.Readable.push (node:internal/streams/readable:390:5)
    at Pipe.onStreamRead (node:internal/stream_base_commons:189:23)
2026-01-09 14:42:16 error: Broadcaster not found
2026-01-09 14:42:16 error: Error
    at saveBroadcasterTransport (/home/harshit/Web-Development/Projects/Croudly/live/backend/src/rooms/room.store.ts:198:13)
    at Socket.<anonymous> (/home/harshit/Web-Development/Projects/Croudly/live/backend/src/handlers/broadcaster.handler.ts:142:31)
    at processTicksAndRejections (node:internal/process/task_queues:103:5)
2026-01-09 14:42:19 error: Error: wrong webRtcServerId (no associated WebRtcServer found) [method:router.createWebRtcTransportWithServer]
    at Channel.processResponse (/home/harshit/Web-Development/Projects/Croudly/live/backend/node_modules/mediasoup/node/lib/Channel.js:251:33)
    at Socket.<anonymous> (/home/harshit/Web-Development/Projects/Croudly/live/backend/node_modules/mediasoup/node/lib/Channel.js:76:34)
    at Socket.emit (node:events:508:28)
    at Socket.emit (node:domain:489:12)
    at addChunk (node:internal/streams/readable:559:12)
    at readableAddChunkPushByteMode (node:internal/streams/readable:510:3)
    at Socket.Readable.push (node:internal/streams/readable:390:5)
    at Pipe.onStreamRead (node:internal/stream_base_commons:189:23)
2026-01-09 14:42:51 error: Room not found
2026-01-09 14:42:51 error: Error
    at getRoom (/home/harshit/Web-Development/Projects/Croudly/live/backend/src/rooms/room.store.ts:135:13)
    at addBroadcaster (/home/harshit/Web-Development/Projects/Croudly/live/backend/src/rooms/room.store.ts:156:18)
    at Socket.<anonymous> (/home/harshit/Web-Development/Projects/Croudly/live/backend/src/handlers/broadcaster.handler.ts:32:21)
    at processTicksAndRejections (node:internal/process/task_queues:103:5)
2026-01-09 14:42:51 error: Room not found
2026-01-09 14:42:51 error: Error
    at addBroadcaster (/home/harshit/Web-Development/Projects/Croudly/live/backend/src/rooms/room.store.ts:160:13)
    at Socket.<anonymous> (/home/harshit/Web-Development/Projects/Croudly/live/backend/src/handlers/broadcaster.handler.ts:32:21)
    at processTicksAndRejections (node:internal/process/task_queues:103:5)
2026-01-09 14:42:52 error: Error: wrong webRtcServerId (no associated WebRtcServer found) [method:router.createWebRtcTransportWithServer]
    at Channel.processResponse (/home/harshit/Web-Development/Projects/Croudly/live/backend/node_modules/mediasoup/node/lib/Channel.js:251:33)
    at Socket.<anonymous> (/home/harshit/Web-Development/Projects/Croudly/live/backend/node_modules/mediasoup/node/lib/Channel.js:76:34)
    at Socket.emit (node:events:508:28)
    at Socket.emit (node:domain:489:12)
    at addChunk (node:internal/streams/readable:559:12)
    at readableAddChunkPushByteMode (node:internal/streams/readable:510:3)
    at Socket.Readable.push (node:internal/streams/readable:390:5)
    at Pipe.onStreamRead (node:internal/stream_base_commons:189:23)
2026-01-09 14:42:52 error: Broadcaster not found
2026-01-09 14:42:52 error: Error
    at saveBroadcasterTransport (/home/harshit/Web-Development/Projects/Croudly/live/backend/src/rooms/room.store.ts:198:13)
    at Socket.<anonymous> (/home/harshit/Web-Development/Projects/Croudly/live/backend/src/handlers/broadcaster.handler.ts:142:31)
    at processTicksAndRejections (node:internal/process/task_queues:103:5)
2026-01-09 14:43:05 error: Error: wrong webRtcServerId (no associated WebRtcServer found) [method:router.createWebRtcTransportWithServer]
    at Channel.processResponse (/home/harshit/Web-Development/Projects/Croudly/live/backend/node_modules/mediasoup/node/lib/Channel.js:251:33)
    at Socket.<anonymous> (/home/harshit/Web-Development/Projects/Croudly/live/backend/node_modules/mediasoup/node/lib/Channel.js:76:34)
    at Socket.emit (node:events:508:28)
    at Socket.emit (node:domain:489:12)
    at addChunk (node:internal/streams/readable:559:12)
    at readableAddChunkPushByteMode (node:internal/streams/readable:510:3)
    at Socket.Readable.push (node:internal/streams/readable:390:5)
    at Pipe.onStreamRead (node:internal/stream_base_commons:189:23)
2026-01-09 14:44:31 error: Room not found
2026-01-09 14:44:31 error: Error
    at getRoom (/home/harshit/Web-Development/Projects/Croudly/live/backend/src/rooms/room.store.ts:135:13)
    at addBroadcaster (/home/harshit/Web-Development/Projects/Croudly/live/backend/src/rooms/room.store.ts:156:18)
    at Socket.<anonymous> (/home/harshit/Web-Development/Projects/Croudly/live/backend/src/handlers/broadcaster.handler.ts:32:21)
    at processTicksAndRejections (node:internal/process/task_queues:103:5)
2026-01-09 14:44:31 error: Room not found
2026-01-09 14:44:31 error: Error
    at addBroadcaster (/home/harshit/Web-Development/Projects/Croudly/live/backend/src/rooms/room.store.ts:160:13)
    at Socket.<anonymous> (/home/harshit/Web-Development/Projects/Croudly/live/backend/src/handlers/broadcaster.handler.ts:32:21)
    at processTicksAndRejections (node:internal/process/task_queues:103:5)
2026-01-09 14:44:32 error: Error: wrong webRtcServerId (no associated WebRtcServer found) [method:router.createWebRtcTransportWithServer]
    at Channel.processResponse (/home/harshit/Web-Development/Projects/Croudly/live/backend/node_modules/mediasoup/node/lib/Channel.js:251:33)
    at Socket.<anonymous> (/home/harshit/Web-Development/Projects/Croudly/live/backend/node_modules/mediasoup/node/lib/Channel.js:76:34)
    at Socket.emit (node:events:508:28)
    at Socket.emit (node:domain:489:12)
    at addChunk (node:internal/streams/readable:559:12)
    at readableAddChunkPushByteMode (node:internal/streams/readable:510:3)
    at Socket.Readable.push (node:internal/streams/readable:390:5)
    at Pipe.onStreamRead (node:internal/stream_base_commons:189:23)
2026-01-09 14:44:32 error: Broadcaster not found
2026-01-09 14:44:32 error: Error
    at saveBroadcasterTransport (/home/harshit/Web-Development/Projects/Croudly/live/backend/src/rooms/room.store.ts:198:13)
    at Socket.<anonymous> (/home/harshit/Web-Development/Projects/Croudly/live/backend/src/handlers/broadcaster.handler.ts:142:31)
    at processTicksAndRejections (node:internal/process/task_queues:103:5)
2026-01-09 14:45:12 error: Error: wrong webRtcServerId (no associated WebRtcServer found) [method:router.createWebRtcTransportWithServer]
    at Channel.processResponse (/home/harshit/Web-Development/Projects/Croudly/live/backend/node_modules/mediasoup/node/lib/Channel.js:251:33)
    at Socket.<anonymous> (/home/harshit/Web-Development/Projects/Croudly/live/backend/node_modules/mediasoup/node/lib/Channel.js:76:34)
    at Socket.emit (node:events:508:28)
    at Socket.emit (node:domain:489:12)
    at addChunk (node:internal/streams/readable:559:12)
    at readableAddChunkPushByteMode (node:internal/streams/readable:510:3)
    at Socket.Readable.push (node:internal/streams/readable:390:5)
    at Pipe.onStreamRead (node:internal/stream_base_commons:189:23)
2026-01-09 14:47:18 error: Room not found
2026-01-09 14:47:18 error: Error
    at getRoom (/home/harshit/Web-Development/Projects/Croudly/live/backend/src/rooms/room.store.ts:135:13)
    at addBroadcaster (/home/harshit/Web-Development/Projects/Croudly/live/backend/src/rooms/room.store.ts:156:18)
    at Socket.<anonymous> (/home/harshit/Web-Development/Projects/Croudly/live/backend/src/handlers/broadcaster.handler.ts:32:21)
    at processTicksAndRejections (node:internal/process/task_queues:103:5)
2026-01-09 14:47:18 error: Room not found
2026-01-09 14:47:18 error: Error
    at addBroadcaster (/home/harshit/Web-Development/Projects/Croudly/live/backend/src/rooms/room.store.ts:160:13)
    at Socket.<anonymous> (/home/harshit/Web-Development/Projects/Croudly/live/backend/src/handlers/broadcaster.handler.ts:32:21)
    at processTicksAndRejections (node:internal/process/task_queues:103:5)
2026-01-09 14:47:19 error: Error: wrong webRtcServerId (no associated WebRtcServer found) [method:router.createWebRtcTransportWithServer]
    at Channel.processResponse (/home/harshit/Web-Development/Projects/Croudly/live/backend/node_modules/mediasoup/node/lib/Channel.js:251:33)
    at Socket.<anonymous> (/home/harshit/Web-Development/Projects/Croudly/live/backend/node_modules/mediasoup/node/lib/Channel.js:76:34)
    at Socket.emit (node:events:508:28)
    at Socket.emit (node:domain:489:12)
    at addChunk (node:internal/streams/readable:559:12)
    at readableAddChunkPushByteMode (node:internal/streams/readable:510:3)
    at Socket.Readable.push (node:internal/streams/readable:390:5)
    at Pipe.onStreamRead (node:internal/stream_base_commons:189:23)
2026-01-09 14:47:19 error: Broadcaster not found
2026-01-09 14:47:19 error: Error
    at saveBroadcasterTransport (/home/harshit/Web-Development/Projects/Croudly/live/backend/src/rooms/room.store.ts:200:13)
    at Socket.<anonymous> (/home/harshit/Web-Development/Projects/Croudly/live/backend/src/handlers/broadcaster.handler.ts:142:31)
    at processTicksAndRejections (node:internal/process/task_queues:103:5)
2026-01-09 14:49:38 error: Room not found
2026-01-09 14:49:38 error: Error
    at getRoom (/home/harshit/Web-Development/Projects/Croudly/live/backend/src/rooms/room.store.ts:135:13)
    at addBroadcaster (/home/harshit/Web-Development/Projects/Croudly/live/backend/src/rooms/room.store.ts:156:18)
    at Socket.<anonymous> (/home/harshit/Web-Development/Projects/Croudly/live/backend/src/handlers/broadcaster.handler.ts:29:21)
    at processTicksAndRejections (node:internal/process/task_queues:103:5)
2026-01-09 14:49:38 error: Room not found
2026-01-09 14:49:38 error: Error
    at addBroadcaster (/home/harshit/Web-Development/Projects/Croudly/live/backend/src/rooms/room.store.ts:160:13)
    at Socket.<anonymous> (/home/harshit/Web-Development/Projects/Croudly/live/backend/src/handlers/broadcaster.handler.ts:29:21)
    at processTicksAndRejections (node:internal/process/task_queues:103:5)
2026-01-09 14:49:38 error: Room not found
2026-01-09 14:49:38 error: Error
    at getRoom (/home/harshit/Web-Development/Projects/Croudly/live/backend/src/rooms/room.store.ts:135:13)
    at Socket.<anonymous> (/home/harshit/Web-Development/Projects/Croudly/live/backend/src/handlers/broadcaster.handler.ts:31:29)
    at processTicksAndRejections (node:internal/process/task_queues:103:5)
2026-01-09 14:49:39 error: Error: wrong webRtcServerId (no associated WebRtcServer found) [method:router.createWebRtcTransportWithServer]
    at Channel.processResponse (/home/harshit/Web-Development/Projects/Croudly/live/backend/node_modules/mediasoup/node/lib/Channel.js:251:33)
    at Socket.<anonymous> (/home/harshit/Web-Development/Projects/Croudly/live/backend/node_modules/mediasoup/node/lib/Channel.js:76:34)
    at Socket.emit (node:events:508:28)
    at Socket.emit (node:domain:489:12)
    at addChunk (node:internal/streams/readable:559:12)
    at readableAddChunkPushByteMode (node:internal/streams/readable:510:3)
    at Socket.Readable.push (node:internal/streams/readable:390:5)
    at Pipe.onStreamRead (node:internal/stream_base_commons:189:23)
2026-01-09 14:49:39 error: Broadcaster not found
2026-01-09 14:49:39 error: Error
    at saveBroadcasterTransport (/home/harshit/Web-Development/Projects/Croudly/live/backend/src/rooms/room.store.ts:200:13)
    at Socket.<anonymous> (/home/harshit/Web-Development/Projects/Croudly/live/backend/src/handlers/broadcaster.handler.ts:141:31)
    at processTicksAndRejections (node:internal/process/task_queues:103:5)
2026-01-09 14:50:42 error: Room not found
2026-01-09 14:50:42 error: Error
    at getRoom (/home/harshit/Web-Development/Projects/Croudly/live/backend/src/rooms/room.store.ts:136:13)
    at addBroadcaster (/home/harshit/Web-Development/Projects/Croudly/live/backend/src/rooms/room.store.ts:157:18)
    at Socket.<anonymous> (/home/harshit/Web-Development/Projects/Croudly/live/backend/src/handlers/broadcaster.handler.ts:29:21)
    at processTicksAndRejections (node:internal/process/task_queues:103:5)
2026-01-09 14:50:42 error: Room not found
2026-01-09 14:50:42 error: Error
    at addBroadcaster (/home/harshit/Web-Development/Projects/Croudly/live/backend/src/rooms/room.store.ts:161:13)
    at Socket.<anonymous> (/home/harshit/Web-Development/Projects/Croudly/live/backend/src/handlers/broadcaster.handler.ts:29:21)
    at processTicksAndRejections (node:internal/process/task_queues:103:5)
2026-01-09 14:50:42 error: Room not found
2026-01-09 14:50:42 error: Error
    at getRoom (/home/harshit/Web-Development/Projects/Croudly/live/backend/src/rooms/room.store.ts:136:13)
    at Socket.<anonymous> (/home/harshit/Web-Development/Projects/Croudly/live/backend/src/handlers/broadcaster.handler.ts:31:29)
    at processTicksAndRejections (node:internal/process/task_queues:103:5)
2026-01-09 14:50:43 error: Error: wrong webRtcServerId (no associated WebRtcServer found) [method:router.createWebRtcTransportWithServer]
    at Channel.processResponse (/home/harshit/Web-Development/Projects/Croudly/live/backend/node_modules/mediasoup/node/lib/Channel.js:251:33)
    at Socket.<anonymous> (/home/harshit/Web-Development/Projects/Croudly/live/backend/node_modules/mediasoup/node/lib/Channel.js:76:34)
    at Socket.emit (node:events:508:28)
    at Socket.emit (node:domain:489:12)
    at addChunk (node:internal/streams/readable:559:12)
    at readableAddChunkPushByteMode (node:internal/streams/readable:510:3)
    at Socket.Readable.push (node:internal/streams/readable:390:5)
    at Pipe.onStreamRead (node:internal/stream_base_commons:189:23)
2026-01-09 14:50:43 error: Broadcaster not found
2026-01-09 14:50:43 error: Error
    at saveBroadcasterTransport (/home/harshit/Web-Development/Projects/Croudly/live/backend/src/rooms/room.store.ts:201:13)
    at Socket.<anonymous> (/home/harshit/Web-Development/Projects/Croudly/live/backend/src/handlers/broadcaster.handler.ts:141:31)
    at processTicksAndRejections (node:internal/process/task_queues:103:5)
2026-01-09 14:52:25 error: Room not found
2026-01-09 14:52:25 error: Error
    at getRoom (/home/harshit/Web-Development/Projects/Croudly/live/backend/src/rooms/room.store.ts:136:13)
    at addBroadcaster (/home/harshit/Web-Development/Projects/Croudly/live/backend/src/rooms/room.store.ts:157:18)
    at Socket.<anonymous> (/home/harshit/Web-Development/Projects/Croudly/live/backend/src/handlers/broadcaster.handler.ts:29:27)
    at processTicksAndRejections (node:internal/process/task_queues:103:5)
2026-01-09 14:52:25 error: Room not found
2026-01-09 14:52:25 error: Error
    at addBroadcaster (/home/harshit/Web-Development/Projects/Croudly/live/backend/src/rooms/room.store.ts:161:13)
    at Socket.<anonymous> (/home/harshit/Web-Development/Projects/Croudly/live/backend/src/handlers/broadcaster.handler.ts:29:27)
    at processTicksAndRejections (node:internal/process/task_queues:103:5)
2026-01-09 14:52:25 error: Room not found
2026-01-09 14:52:25 error: Error
    at getRoom (/home/harshit/Web-Development/Projects/Croudly/live/backend/src/rooms/room.store.ts:136:13)
    at Socket.<anonymous> (/home/harshit/Web-Development/Projects/Croudly/live/backend/src/handlers/broadcaster.handler.ts:31:29)
    at processTicksAndRejections (node:internal/process/task_queues:103:5)
2026-01-09 14:52:26 error: Error: wrong webRtcServerId (no associated WebRtcServer found) [method:router.createWebRtcTransportWithServer]
    at Channel.processResponse (/home/harshit/Web-Development/Projects/Croudly/live/backend/node_modules/mediasoup/node/lib/Channel.js:251:33)
    at Socket.<anonymous> (/home/harshit/Web-Development/Projects/Croudly/live/backend/node_modules/mediasoup/node/lib/Channel.js:76:34)
    at Socket.emit (node:events:508:28)
    at Socket.emit (node:domain:489:12)
    at addChunk (node:internal/streams/readable:559:12)
    at readableAddChunkPushByteMode (node:internal/streams/readable:510:3)
    at Socket.Readable.push (node:internal/streams/readable:390:5)
    at Pipe.onStreamRead (node:internal/stream_base_commons:189:23)
2026-01-09 14:52:26 error: Broadcaster not found
2026-01-09 14:52:26 error: Error
    at saveBroadcasterTransport (/home/harshit/Web-Development/Projects/Croudly/live/backend/src/rooms/room.store.ts:201:13)
    at Socket.<anonymous> (/home/harshit/Web-Development/Projects/Croudly/live/backend/src/handlers/broadcaster.handler.ts:141:31)
    at processTicksAndRejections (node:internal/process/task_queues:103:5)
2026-01-09 14:54:30 error: Room not found
2026-01-09 14:54:30 error: Error
    at getRoom (/home/harshit/Web-Development/Projects/Croudly/live/backend/src/rooms/room.store.ts:136:13)
    at addBroadcaster (/home/harshit/Web-Development/Projects/Croudly/live/backend/src/rooms/room.store.ts:157:18)
    at Socket.<anonymous> (/home/harshit/Web-Development/Projects/Croudly/live/backend/src/handlers/broadcaster.handler.ts:29:27)
    at processTicksAndRejections (node:internal/process/task_queues:103:5)
2026-01-09 14:54:30 error: Room not found
2026-01-09 14:54:30 error: Error
    at addBroadcaster (/home/harshit/Web-Development/Projects/Croudly/live/backend/src/rooms/room.store.ts:161:13)
    at Socket.<anonymous> (/home/harshit/Web-Development/Projects/Croudly/live/backend/src/handlers/broadcaster.handler.ts:29:27)
    at processTicksAndRejections (node:internal/process/task_queues:103:5)
2026-01-09 14:54:30 error: Room not found
2026-01-09 14:54:30 error: Error
    at getRoom (/home/harshit/Web-Development/Projects/Croudly/live/backend/src/rooms/room.store.ts:136:13)
    at Socket.<anonymous> (/home/harshit/Web-Development/Projects/Croudly/live/backend/src/handlers/broadcaster.handler.ts:31:29)
    at processTicksAndRejections (node:internal/process/task_queues:103:5)
2026-01-09 14:54:30 error: Error: wrong webRtcServerId (no associated WebRtcServer found) [method:router.createWebRtcTransportWithServer]
    at Channel.processResponse (/home/harshit/Web-Development/Projects/Croudly/live/backend/node_modules/mediasoup/node/lib/Channel.js:251:33)
    at Socket.<anonymous> (/home/harshit/Web-Development/Projects/Croudly/live/backend/node_modules/mediasoup/node/lib/Channel.js:76:34)
    at Socket.emit (node:events:508:28)
    at Socket.emit (node:domain:489:12)
    at addChunk (node:internal/streams/readable:559:12)
    at readableAddChunkPushByteMode (node:internal/streams/readable:510:3)
    at Socket.Readable.push (node:internal/streams/readable:390:5)
    at Pipe.onStreamRead (node:internal/stream_base_commons:189:23)
2026-01-09 14:54:30 error: Broadcaster not found
2026-01-09 14:54:30 error: Error
    at saveBroadcasterTransport (/home/harshit/Web-Development/Projects/Croudly/live/backend/src/rooms/room.store.ts:201:13)
    at Socket.<anonymous> (/home/harshit/Web-Development/Projects/Croudly/live/backend/src/handlers/broadcaster.handler.ts:141:31)
    at processTicksAndRejections (node:internal/process/task_queues:103:5)
2026-01-09 14:58:11 error: Error: wrong webRtcServerId (no associated WebRtcServer found) [method:router.createWebRtcTransportWithServer]
    at Channel.processResponse (/home/harshit/Web-Development/Projects/Croudly/live/backend/node_modules/mediasoup/node/lib/Channel.js:251:33)
    at Socket.<anonymous> (/home/harshit/Web-Development/Projects/Croudly/live/backend/node_modules/mediasoup/node/lib/Channel.js:76:34)
    at Socket.emit (node:events:508:28)
    at Socket.emit (node:domain:489:12)
    at addChunk (node:internal/streams/readable:559:12)
    at readableAddChunkPushByteMode (node:internal/streams/readable:510:3)
    at Socket.Readable.push (node:internal/streams/readable:390:5)
    at Pipe.onStreamRead (node:internal/stream_base_commons:189:23)
2026-01-09 15:00:18 error: Error: wrong webRtcServerId (no associated WebRtcServer found) [method:router.createWebRtcTransportWithServer]
    at Channel.processResponse (/home/harshit/Web-Development/Projects/Croudly/live/backend/node_modules/mediasoup/node/lib/Channel.js:251:33)
    at Socket.<anonymous> (/home/harshit/Web-Development/Projects/Croudly/live/backend/node_modules/mediasoup/node/lib/Channel.js:76:34)
    at Socket.emit (node:events:508:28)
    at Socket.emit (node:domain:489:12)
    at addChunk (node:internal/streams/readable:559:12)
    at readableAddChunkPushByteMode (node:internal/streams/readable:510:3)
    at Socket.Readable.push (node:internal/streams/readable:390:5)
    at Pipe.onStreamRead (node:internal/stream_base_commons:189:23)
2026-01-09 15:04:00 error: Error: wrong webRtcServerId (no associated WebRtcServer found) [method:router.createWebRtcTransportWithServer]
    at Channel.processResponse (/home/harshit/Web-Development/Projects/Croudly/live/backend/node_modules/mediasoup/node/lib/Channel.js:251:33)
    at Socket.<anonymous> (/home/harshit/Web-Development/Projects/Croudly/live/backend/node_modules/mediasoup/node/lib/Channel.js:76:34)
    at Socket.emit (node:events:508:28)
    at Socket.emit (node:domain:489:12)
    at addChunk (node:internal/streams/readable:559:12)
    at readableAddChunkPushByteMode (node:internal/streams/readable:510:3)
    at Socket.Readable.push (node:internal/streams/readable:390:5)
    at Pipe.onStreamRead (node:internal/stream_base_commons:189:23)
2026-01-09 15:05:20 error: Error: wrong webRtcServerId (no associated WebRtcServer found) [method:router.createWebRtcTransportWithServer]
    at Channel.processResponse (/home/harshit/Web-Development/Projects/Croudly/live/backend/node_modules/mediasoup/node/lib/Channel.js:251:33)
    at Socket.<anonymous> (/home/harshit/Web-Development/Projects/Croudly/live/backend/node_modules/mediasoup/node/lib/Channel.js:76:34)
    at Socket.emit (node:events:508:28)
    at Socket.emit (node:domain:489:12)
    at addChunk (node:internal/streams/readable:559:12)
    at readableAddChunkPushByteMode (node:internal/streams/readable:510:3)
    at Socket.Readable.push (node:internal/streams/readable:390:5)
    at Pipe.onStreamRead (node:internal/stream_base_commons:189:23)
2026-01-09 15:05:38 error: Error: wrong webRtcServerId (no associated WebRtcServer found) [method:router.createWebRtcTransportWithServer]
    at Channel.processResponse (/home/harshit/Web-Development/Projects/Croudly/live/backend/node_modules/mediasoup/node/lib/Channel.js:251:33)
    at Socket.<anonymous> (/home/harshit/Web-Development/Projects/Croudly/live/backend/node_modules/mediasoup/node/lib/Channel.js:76:34)
    at Socket.emit (node:events:508:28)
    at Socket.emit (node:domain:489:12)
    at addChunk (node:internal/streams/readable:559:12)
    at readableAddChunkPushByteMode (node:internal/streams/readable:510:3)
    at Socket.Readable.push (node:internal/streams/readable:390:5)
    at Pipe.onStreamRead (node:internal/stream_base_commons:189:23)
2026-01-09 15:13:43 error: TypeError: logging_1.default.alert is not a function
    at Socket.<anonymous> (/home/harshit/Web-Development/Projects/Croudly/live/backend/src/handlers/broadcaster.handler.ts:17:14)
    at Socket.emit (node:events:508:28)
    at Socket.emit (node:domain:489:12)
    at Socket.emitUntyped (/home/harshit/Web-Development/Projects/Croudly/live/backend/node_modules/socket.io/dist/typed-events.js:69:22)
    at /home/harshit/Web-Development/Projects/Croudly/live/backend/node_modules/socket.io/dist/socket.js:697:39
    at processTicksAndRejections (node:internal/process/task_queues:84:11)
2026-01-09 15:14:15 error: Error: wrong webRtcServerId (no associated WebRtcServer found) [method:router.createWebRtcTransportWithServer]
    at Channel.processResponse (/home/harshit/Web-Development/Projects/Croudly/live/backend/node_modules/mediasoup/node/lib/Channel.js:251:33)
    at Socket.<anonymous> (/home/harshit/Web-Development/Projects/Croudly/live/backend/node_modules/mediasoup/node/lib/Channel.js:76:34)
    at Socket.emit (node:events:508:28)
    at Socket.emit (node:domain:489:12)
    at addChunk (node:internal/streams/readable:559:12)
    at readableAddChunkPushByteMode (node:internal/streams/readable:510:3)
    at Socket.Readable.push (node:internal/streams/readable:390:5)
    at Pipe.onStreamRead (node:internal/stream_base_commons:189:23)
2026-01-09 15:34:48 error: Error finding transport with 35da2f99-deb6-433a-8f25-b7786281cc73
2026-01-09 15:35:33 error: Error finding transport with ecfb9469-c1cd-492e-9110-40b4d19b8ea4
2026-01-09 15:38:23 error: Error: wrong webRtcServerId (no associated WebRtcServer found) [method:router.createWebRtcTransportWithServer]
    at Channel.processResponse (/home/harshit/Web-Development/Projects/Croudly/live/backend/node_modules/mediasoup/node/lib/Channel.js:251:33)
    at Socket.<anonymous> (/home/harshit/Web-Development/Projects/Croudly/live/backend/node_modules/mediasoup/node/lib/Channel.js:76:34)
    at Socket.emit (node:events:508:28)
    at Socket.emit (node:domain:489:12)
    at addChunk (node:internal/streams/readable:559:12)
    at readableAddChunkPushByteMode (node:internal/streams/readable:510:3)
    at Socket.Readable.push (node:internal/streams/readable:390:5)
    at Pipe.onStreamRead (node:internal/stream_base_commons:189:23)
2026-01-09 16:48:47 error: TypeError: caps is not an object
    at Object.validateRtpCapabilities (/home/harshit/Web-Development/Projects/Croudly/live/backend/node_modules/mediasoup/node/lib/ortc.js:34:15)
    at WebRtcTransportImpl.consume (/home/harshit/Web-Development/Projects/Croudly/live/backend/node_modules/mediasoup/node/lib/Transport.js:337:14)
    at consume (/home/harshit/Web-Development/Projects/Croudly/live/backend/src/handlers/viewer.handler.ts:169:43)
    at Socket.<anonymous> (/home/harshit/Web-Development/Projects/Croudly/live/backend/src/handlers/registerViewer.handler.ts:117:38)
    at Socket.emit (node:events:508:28)
    at Socket.emit (node:domain:489:12)
    at Socket.emitUntyped (/home/harshit/Web-Development/Projects/Croudly/live/backend/node_modules/socket.io/dist/typed-events.js:69:22)
    at /home/harshit/Web-Development/Projects/Croudly/live/backend/node_modules/socket.io/dist/socket.js:697:39
    at processTicksAndRejections (node:internal/process/task_queues:84:11)
2026-01-09 16:50:55 error: TypeError: Cannot read properties of undefined (reading 'resume')
    at resumeConsumer (/home/harshit/Web-Development/Projects/Croudly/live/backend/src/consumer/consumer.handler.ts:69:20)
    at Socket.<anonymous> (/home/harshit/Web-Development/Projects/Croudly/live/backend/src/handlers/registerViewer.handler.ts:139:19)
    at Socket.emit (node:events:508:28)
    at Socket.emit (node:domain:489:12)
    at Socket.emitUntyped (/home/harshit/Web-Development/Projects/Croudly/live/backend/node_modules/socket.io/dist/typed-events.js:69:22)
    at /home/harshit/Web-Development/Projects/Croudly/live/backend/node_modules/socket.io/dist/socket.js:697:39
    at processTicksAndRejections (node:internal/process/task_queues:84:11)
2026-01-09 16:51:05 error: TypeError: Cannot read properties of undefined (reading 'resume')
    at resumeConsumer (/home/harshit/Web-Development/Projects/Croudly/live/backend/src/consumer/consumer.handler.ts:69:20)
    at Socket.<anonymous> (/home/harshit/Web-Development/Projects/Croudly/live/backend/src/handlers/registerViewer.handler.ts:139:19)
    at Socket.emit (node:events:508:28)
    at Socket.emit (node:domain:489:12)
    at Socket.emitUntyped (/home/harshit/Web-Development/Projects/Croudly/live/backend/node_modules/socket.io/dist/typed-events.js:69:22)
    at /home/harshit/Web-Development/Projects/Croudly/live/backend/node_modules/socket.io/dist/socket.js:697:39
    at processTicksAndRejections (node:internal/process/task_queues:84:11)
2026-01-09 17:06:50 error: Room not found
2026-01-09 17:06:50 error: Error
    at getRoom (/home/harshit/Web-Development/Projects/Croudly/live/backend/src/rooms/room.store.ts:130:13)
    at joinAsViewer (/home/harshit/Web-Development/Projects/Croudly/live/backend/src/handlers/viewer.handler.ts:18:25)
    at Socket.<anonymous> (/home/harshit/Web-Development/Projects/Croudly/live/backend/src/handlers/registerViewer.handler.ts:20:25)
    at Socket.emit (node:events:508:28)
    at Socket.emit (node:domain:489:12)
    at Socket.emitUntyped (/home/harshit/Web-Development/Projects/Croudly/live/backend/node_modules/socket.io/dist/typed-events.js:69:22)
    at /home/harshit/Web-Development/Projects/Croudly/live/backend/node_modules/socket.io/dist/socket.js:697:39
    at processTicksAndRejections (node:internal/process/task_queues:84:11)
2026-01-09 17:06:50 error: Room does not exist with let remoteVideoEl; let remoteAudioEl;  socket.on("consumerCreated", async (consumers) => {   if (!consumerTransport) return;   if (!Array.isArray(consumers)) return;    for (const params of consumers) {     const consumer = await consumerTransport.consume({       id: params.id,       producerId: params.producerId,       kind: params.kind,       rtpParameters: params.rtpParameters,       paused: true     });      await consumer.resume();     socket.emit("resumeConsumer", { consumerId: consumer.id });      if (consumer.kind === "video") {       if (!remoteVideoEl) {         remoteVideoEl = document.createElement("video");         remoteVideoEl.autoplay = true;         remoteVideoEl.muted = true;         remoteVideoEl.playsInline = true;         remoteVideoEl.style.width = "100%";         remoteVideoEl.style.height = "100%";          document           .getElementById("remoteVideoContainer")           .appendChild(remoteVideoEl);       }        const stream = new MediaStream();       stream.addTrack(consumer.track);       remoteVideoEl.srcObject = stream;        consumer.track.onunmute = async () => {         try {           await remoteVideoEl.play();         } catch {}       };     }      if (consumer.kind === "audio") {       if (!remoteAudioEl) {         remoteAudioEl = document.createElement("audio");         remoteAudioEl.autoplay = true;         remoteAudioEl.controls = true;         document.body.appendChild(remoteAudioEl);       }        const stream = new MediaStream();       stream.addTrack(consumer.track);       remoteAudioEl.srcObject = stream;     }   } });
2026-01-09 17:06:50 error: Room not found
2026-01-09 17:06:50 error: Error
    at getRoom (/home/harshit/Web-Development/Projects/Croudly/live/backend/src/rooms/room.store.ts:130:13)
    at Socket.<anonymous> (/home/harshit/Web-Development/Projects/Croudly/live/backend/src/handlers/registerViewer.handler.ts:23:27)
    at processTicksAndRejections (node:internal/process/task_queues:103:5)
2026-01-09 17:06:50 error: Room router not found
2026-01-13 18:58:24 error: Room not found
2026-01-13 18:58:24 error: Error
    at getRoom (/home/harshit/Web-Development/Projects/Croudly/live/backend/src/rooms/room.store.ts:130:13)
    at joinAsViewer (/home/harshit/Web-Development/Projects/Croudly/live/backend/src/handlers/viewer.handler.ts:18:25)
    at Socket.<anonymous> (/home/harshit/Web-Development/Projects/Croudly/live/backend/src/handlers/registerViewer.handler.ts:20:25)
    at Socket.emit (node:events:508:28)
    at Socket.emit (node:domain:489:12)
    at Socket.emitUntyped (/home/harshit/Web-Development/Projects/Croudly/live/backend/node_modules/socket.io/dist/typed-events.js:69:22)
    at /home/harshit/Web-Development/Projects/Croudly/live/backend/node_modules/socket.io/dist/socket.js:697:39
    at processTicksAndRejections (node:internal/process/task_queues:84:11)
2026-01-13 18:58:24 error: Room does not exist with b4c7894f-eaa8-4d19-8347-751dec87b10f
2026-01-13 18:58:24 error: Room not found
2026-01-13 18:58:24 error: Error
    at getRoom (/home/harshit/Web-Development/Projects/Croudly/live/backend/src/rooms/room.store.ts:130:13)
    at Socket.<anonymous> (/home/harshit/Web-Development/Projects/Croudly/live/backend/src/handlers/registerViewer.handler.ts:23:27)
    at processTicksAndRejections (node:internal/process/task_queues:103:5)
2026-01-13 18:58:24 error: Room router not found
2026-01-14 11:39:46 error: Room not found
2026-01-14 11:39:46 error: Error
    at getRoom (/home/harshit/Web-Development/Projects/Croudly/live/backend/src/rooms/room.store.ts:130:13)
    at joinAsViewer (/home/harshit/Web-Development/Projects/Croudly/live/backend/src/handlers/viewer.handler.ts:18:25)
    at Socket.<anonymous> (/home/harshit/Web-Development/Projects/Croudly/live/backend/src/handlers/registerViewer.handler.ts:20:25)
    at Socket.emit (node:events:508:28)
    at Socket.emit (node:domain:489:12)
    at Socket.emitUntyped (/home/harshit/Web-Development/Projects/Croudly/live/backend/node_modules/socket.io/dist/typed-events.js:69:22)
    at /home/harshit/Web-Development/Projects/Croudly/live/backend/node_modules/socket.io/dist/socket.js:697:39
    at processTicksAndRejections (node:internal/process/task_queues:84:11)
2026-01-14 11:39:46 error: Room does not exist with     async renderMedia(roomId:string, viewerVideo:any){          const room = frontendMemoryRoom.get(roomId);          if(!room) throw new Error('Room not found');                   const mediaStream = new MediaStream()                  const consumers = room.consumers;          consumers.forEach((c) => {             const track = c.track             console.log('Consumers track', track)             mediaStream.addTrack(track)         })         viewerVideo.current.srcObject = mediaStream         if(viewerVideo.current){             await viewerVideo.current.play()         }else{             console.error('Video play error')         }     }
2026-01-14 11:39:46 error: Room not found
2026-01-14 11:39:46 error: Error
    at getRoom (/home/harshit/Web-Development/Projects/Croudly/live/backend/src/rooms/room.store.ts:130:13)
    at Socket.<anonymous> (/home/harshit/Web-Development/Projects/Croudly/live/backend/src/handlers/registerViewer.handler.ts:23:27)
    at processTicksAndRejections (node:internal/process/task_queues:103:5)
2026-01-14 11:39:46 error: Room router not found
2026-01-14 21:03:19 error: Room not found
2026-01-14 21:03:19 error: Error
    at getRoom (/home/harshit/Web-Development/Projects/Croudly/live/backend/src/rooms/room.store.ts:130:13)
    at joinAsViewer (/home/harshit/Web-Development/Projects/Croudly/live/backend/src/handlers/viewer.handler.ts:18:25)
    at Socket.<anonymous> (/home/harshit/Web-Development/Projects/Croudly/live/backend/src/handlers/registerViewer.handler.ts:20:25)
    at Socket.emit (node:events:508:28)
    at Socket.emit (node:domain:489:12)
    at Socket.emitUntyped (/home/harshit/Web-Development/Projects/Croudly/live/backend/node_modules/socket.io/dist/typed-events.js:69:22)
    at /home/harshit/Web-Development/Projects/Croudly/live/backend/node_modules/socket.io/dist/socket.js:697:39
    at processTicksAndRejections (node:internal/process/task_queues:84:11)
2026-01-14 21:03:19 error: Room does not exist with             cs
2026-01-14 21:03:19 error: Room not found
2026-01-14 21:03:19 error: Error
    at getRoom (/home/harshit/Web-Development/Projects/Croudly/live/backend/src/rooms/room.store.ts:130:13)
    at Socket.<anonymous> (/home/harshit/Web-Development/Projects/Croudly/live/backend/src/handlers/registerViewer.handler.ts:23:27)
    at processTicksAndRejections (node:internal/process/task_queues:103:5)
2026-01-14 21:03:19 error: Room router not found
2026-01-14 21:03:25 error: Room not found
2026-01-14 21:03:25 error: Error
    at getRoom (/home/harshit/Web-Development/Projects/Croudly/live/backend/src/rooms/room.store.ts:130:13)
    at joinAsViewer (/home/harshit/Web-Development/Projects/Croudly/live/backend/src/handlers/viewer.handler.ts:18:25)
    at Socket.<anonymous> (/home/harshit/Web-Development/Projects/Croudly/live/backend/src/handlers/registerViewer.handler.ts:20:25)
    at Socket.emit (node:events:508:28)
    at Socket.emit (node:domain:489:12)
    at Socket.emitUntyped (/home/harshit/Web-Development/Projects/Croudly/live/backend/node_modules/socket.io/dist/typed-events.js:69:22)
    at /home/harshit/Web-Development/Projects/Croudly/live/backend/node_modules/socket.io/dist/socket.js:697:39
    at processTicksAndRejections (node:internal/process/task_queues:84:11)
2026-01-14 21:03:25 error: Room does not exist with             cs
2026-01-14 21:03:25 error: Room not found
2026-01-14 21:03:25 error: Error
    at getRoom (/home/harshit/Web-Development/Projects/Croudly/live/backend/src/rooms/room.store.ts:130:13)
    at Socket.<anonymous> (/home/harshit/Web-Development/Projects/Croudly/live/backend/src/handlers/registerViewer.handler.ts:23:27)
    at processTicksAndRejections (node:internal/process/task_queues:103:5)
2026-01-14 21:03:25 error: Room router not found
2026-01-14 21:58:05 error: Error: port bind failed due to address not available [protocol:udp, ip:'172.31.15.89', port:41490, attempt:1/10000] [method:worker.createWebRtcServer]
    at Channel.processResponse (/home/harshit/Web-Development/Projects/Croudly/live/backend/node_modules/mediasoup/node/lib/Channel.js:251:33)
    at Socket.<anonymous> (/home/harshit/Web-Development/Projects/Croudly/live/backend/node_modules/mediasoup/node/lib/Channel.js:76:34)
    at Socket.emit (node:events:508:28)
    at Socket.emit (node:domain:489:12)
    at addChunk (node:internal/streams/readable:559:12)
    at readableAddChunkPushByteMode (node:internal/streams/readable:510:3)
    at Socket.Readable.push (node:internal/streams/readable:390:5)
    at Pipe.onStreamRead (node:internal/stream_base_commons:189:23)
2026-01-14 21:58:05 error: Error creating web rtc server
2026-01-14 21:58:05 error: Error
    at createRoom (/home/harshit/Web-Development/Projects/Croudly/live/backend/src/rooms/room.store.ts:94:13)
    at processTicksAndRejections (node:internal/process/task_queues:103:5)
    at async Socket.<anonymous> (/home/harshit/Web-Development/Projects/Croudly/live/backend/src/handlers/broadcaster.handler.ts:22:20)
2026-01-14 21:58:05 error: Room not found
2026-01-14 21:58:05 error: Error
    at getRoom (/home/harshit/Web-Development/Projects/Croudly/live/backend/src/rooms/room.store.ts:130:13)
    at addBroadcaster (/home/harshit/Web-Development/Projects/Croudly/live/backend/src/rooms/room.store.ts:151:18)
    at Socket.<anonymous> (/home/harshit/Web-Development/Projects/Croudly/live/backend/src/handlers/broadcaster.handler.ts:28:27)
    at processTicksAndRejections (node:internal/process/task_queues:103:5)
2026-01-14 21:58:05 error: Room not found
2026-01-14 21:58:05 error: Error
    at addBroadcaster (/home/harshit/Web-Development/Projects/Croudly/live/backend/src/rooms/room.store.ts:155:13)
    at Socket.<anonymous> (/home/harshit/Web-Development/Projects/Croudly/live/backend/src/handlers/broadcaster.handler.ts:28:27)
    at processTicksAndRejections (node:internal/process/task_queues:103:5)
2026-01-14 21:58:05 error: Room not found
2026-01-14 21:58:05 error: Error
    at getRoom (/home/harshit/Web-Development/Projects/Croudly/live/backend/src/rooms/room.store.ts:130:13)
    at Socket.<anonymous> (/home/harshit/Web-Development/Projects/Croudly/live/backend/src/handlers/broadcaster.handler.ts:55:27)
    at Socket.emit (node:events:508:28)
    at Socket.emit (node:domain:489:12)
    at Socket.emitUntyped (/home/harshit/Web-Development/Projects/Croudly/live/backend/node_modules/socket.io/dist/typed-events.js:69:22)
    at /home/harshit/Web-Development/Projects/Croudly/live/backend/node_modules/socket.io/dist/socket.js:697:39
    at processTicksAndRejections (node:internal/process/task_queues:84:11)
2026-01-14 21:58:05 error: Error in room router
2026-01-14 21:58:15 error: Error: port bind failed due to address not available [protocol:udp, ip:'172.31.15.89', port:44466, attempt:1/10000] [method:worker.createWebRtcServer]
    at Channel.processResponse (/home/harshit/Web-Development/Projects/Croudly/live/backend/node_modules/mediasoup/node/lib/Channel.js:251:33)
    at Socket.<anonymous> (/home/harshit/Web-Development/Projects/Croudly/live/backend/node_modules/mediasoup/node/lib/Channel.js:76:34)
    at Socket.emit (node:events:508:28)
    at Socket.emit (node:domain:489:12)
    at addChunk (node:internal/streams/readable:559:12)
    at readableAddChunkPushByteMode (node:internal/streams/readable:510:3)
    at Socket.Readable.push (node:internal/streams/readable:390:5)
    at Pipe.onStreamRead (node:internal/stream_base_commons:189:23)
2026-01-14 21:58:15 error: Error creating web rtc server
2026-01-14 21:58:15 error: Error
    at createRoom (/home/harshit/Web-Development/Projects/Croudly/live/backend/src/rooms/room.store.ts:94:13)
    at processTicksAndRejections (node:internal/process/task_queues:103:5)
    at async Socket.<anonymous> (/home/harshit/Web-Development/Projects/Croudly/live/backend/src/handlers/broadcaster.handler.ts:22:20)
2026-01-14 21:58:15 error: Room not found
2026-01-14 21:58:15 error: Error
    at getRoom (/home/harshit/Web-Development/Projects/Croudly/live/backend/src/rooms/room.store.ts:130:13)
    at addBroadcaster (/home/harshit/Web-Development/Projects/Croudly/live/backend/src/rooms/room.store.ts:151:18)
    at Socket.<anonymous> (/home/harshit/Web-Development/Projects/Croudly/live/backend/src/handlers/broadcaster.handler.ts:28:27)
    at processTicksAndRejections (node:internal/process/task_queues:103:5)
2026-01-14 21:58:15 error: Room not found
2026-01-14 21:58:15 error: Error
    at addBroadcaster (/home/harshit/Web-Development/Projects/Croudly/live/backend/src/rooms/room.store.ts:155:13)
    at Socket.<anonymous> (/home/harshit/Web-Development/Projects/Croudly/live/backend/src/handlers/broadcaster.handler.ts:28:27)
    at processTicksAndRejections (node:internal/process/task_queues:103:5)
2026-01-14 21:58:16 error: Room not found
2026-01-14 21:58:16 error: Error
    at getRoom (/home/harshit/Web-Development/Projects/Croudly/live/backend/src/rooms/room.store.ts:130:13)
    at Socket.<anonymous> (/home/harshit/Web-Development/Projects/Croudly/live/backend/src/handlers/broadcaster.handler.ts:55:27)
    at Socket.emit (node:events:508:28)
    at Socket.emit (node:domain:489:12)
    at Socket.emitUntyped (/home/harshit/Web-Development/Projects/Croudly/live/backend/node_modules/socket.io/dist/typed-events.js:69:22)
    at /home/harshit/Web-Development/Projects/Croudly/live/backend/node_modules/socket.io/dist/socket.js:697:39
    at processTicksAndRejections (node:internal/process/task_queues:84:11)
2026-01-14 21:58:16 error: Error in room router
2026-01-14 21:58:29 error: Error: port bind failed due to address not available [protocol:udp, ip:'172.31.15.89', port:47906, attempt:1/10000] [method:worker.createWebRtcServer]
    at Channel.processResponse (/home/harshit/Web-Development/Projects/Croudly/live/backend/node_modules/mediasoup/node/lib/Channel.js:251:33)
    at Socket.<anonymous> (/home/harshit/Web-Development/Projects/Croudly/live/backend/node_modules/mediasoup/node/lib/Channel.js:76:34)
    at Socket.emit (node:events:508:28)
    at Socket.emit (node:domain:489:12)
    at addChunk (node:internal/streams/readable:559:12)
    at readableAddChunkPushByteMode (node:internal/streams/readable:510:3)
    at Socket.Readable.push (node:internal/streams/readable:390:5)
    at Pipe.onStreamRead (node:internal/stream_base_commons:189:23)
2026-01-14 21:58:29 error: Error creating web rtc server
2026-01-14 21:58:29 error: Error
    at createRoom (/home/harshit/Web-Development/Projects/Croudly/live/backend/src/rooms/room.store.ts:94:13)
    at processTicksAndRejections (node:internal/process/task_queues:103:5)
    at async Socket.<anonymous> (/home/harshit/Web-Development/Projects/Croudly/live/backend/src/handlers/broadcaster.handler.ts:22:20)
2026-01-14 21:58:29 error: Room not found
2026-01-14 21:58:29 error: Error
    at getRoom (/home/harshit/Web-Development/Projects/Croudly/live/backend/src/rooms/room.store.ts:130:13)
    at addBroadcaster (/home/harshit/Web-Development/Projects/Croudly/live/backend/src/rooms/room.store.ts:151:18)
    at Socket.<anonymous> (/home/harshit/Web-Development/Projects/Croudly/live/backend/src/handlers/broadcaster.handler.ts:28:27)
    at processTicksAndRejections (node:internal/process/task_queues:103:5)
2026-01-14 21:58:29 error: Room not found
2026-01-14 21:58:29 error: Error
    at addBroadcaster (/home/harshit/Web-Development/Projects/Croudly/live/backend/src/rooms/room.store.ts:155:13)
    at Socket.<anonymous> (/home/harshit/Web-Development/Projects/Croudly/live/backend/src/handlers/broadcaster.handler.ts:28:27)
    at processTicksAndRejections (node:internal/process/task_queues:103:5)
2026-01-14 21:58:29 error: Room not found
2026-01-14 21:58:29 error: Error
    at getRoom (/home/harshit/Web-Development/Projects/Croudly/live/backend/src/rooms/room.store.ts:130:13)
    at Socket.<anonymous> (/home/harshit/Web-Development/Projects/Croudly/live/backend/src/handlers/broadcaster.handler.ts:55:27)
    at Socket.emit (node:events:508:28)
    at Socket.emit (node:domain:489:12)
    at Socket.emitUntyped (/home/harshit/Web-Development/Projects/Croudly/live/backend/node_modules/socket.io/dist/typed-events.js:69:22)
    at /home/harshit/Web-Development/Projects/Croudly/live/backend/node_modules/socket.io/dist/socket.js:697:39
    at processTicksAndRejections (node:internal/process/task_queues:84:11)
2026-01-14 21:58:29 error: Error in room router
2026-01-14 21:58:35 error: Error: port bind failed due to address not available [protocol:udp, ip:'172.31.15.89', port:43602, attempt:1/10000] [method:worker.createWebRtcServer]
    at Channel.processResponse (/home/harshit/Web-Development/Projects/Croudly/live/backend/node_modules/mediasoup/node/lib/Channel.js:251:33)
    at Socket.<anonymous> (/home/harshit/Web-Development/Projects/Croudly/live/backend/node_modules/mediasoup/node/lib/Channel.js:76:34)
    at Socket.emit (node:events:508:28)
    at Socket.emit (node:domain:489:12)
    at addChunk (node:internal/streams/readable:559:12)
    at readableAddChunkPushByteMode (node:internal/streams/readable:510:3)
    at Socket.Readable.push (node:internal/streams/readable:390:5)
    at Pipe.onStreamRead (node:internal/stream_base_commons:189:23)
2026-01-14 21:58:35 error: Error creating web rtc server
2026-01-14 21:58:35 error: Error
    at createRoom (/home/harshit/Web-Development/Projects/Croudly/live/backend/src/rooms/room.store.ts:94:13)
    at processTicksAndRejections (node:internal/process/task_queues:103:5)
    at async Socket.<anonymous> (/home/harshit/Web-Development/Projects/Croudly/live/backend/src/handlers/broadcaster.handler.ts:22:20)
2026-01-14 21:58:35 error: Room not found
2026-01-14 21:58:35 error: Error
    at getRoom (/home/harshit/Web-Development/Projects/Croudly/live/backend/src/rooms/room.store.ts:130:13)
    at addBroadcaster (/home/harshit/Web-Development/Projects/Croudly/live/backend/src/rooms/room.store.ts:151:18)
    at Socket.<anonymous> (/home/harshit/Web-Development/Projects/Croudly/live/backend/src/handlers/broadcaster.handler.ts:28:27)
    at processTicksAndRejections (node:internal/process/task_queues:103:5)
2026-01-14 21:58:35 error: Room not found
2026-01-14 21:58:35 error: Error
    at addBroadcaster (/home/harshit/Web-Development/Projects/Croudly/live/backend/src/rooms/room.store.ts:155:13)
    at Socket.<anonymous> (/home/harshit/Web-Development/Projects/Croudly/live/backend/src/handlers/broadcaster.handler.ts:28:27)
    at processTicksAndRejections (node:internal/process/task_queues:103:5)
2026-01-14 21:58:35 error: Room not found
2026-01-14 21:58:35 error: Error
    at getRoom (/home/harshit/Web-Development/Projects/Croudly/live/backend/src/rooms/room.store.ts:130:13)
    at Socket.<anonymous> (/home/harshit/Web-Development/Projects/Croudly/live/backend/src/handlers/broadcaster.handler.ts:55:27)
    at Socket.emit (node:events:508:28)
    at Socket.emit (node:domain:489:12)
    at Socket.emitUntyped (/home/harshit/Web-Development/Projects/Croudly/live/backend/node_modules/socket.io/dist/typed-events.js:69:22)
    at /home/harshit/Web-Development/Projects/Croudly/live/backend/node_modules/socket.io/dist/socket.js:697:39
    at processTicksAndRejections (node:internal/process/task_queues:84:11)
2026-01-14 21:58:35 error: Error in room router
2026-01-14 21:59:10 error: Error: port bind failed due to address not available [protocol:udp, ip:'172.31.15.89', port:48034, attempt:1/10000] [method:worker.createWebRtcServer]
    at Channel.processResponse (/home/harshit/Web-Development/Projects/Croudly/live/backend/node_modules/mediasoup/node/lib/Channel.js:251:33)
    at Socket.<anonymous> (/home/harshit/Web-Development/Projects/Croudly/live/backend/node_modules/mediasoup/node/lib/Channel.js:76:34)
    at Socket.emit (node:events:508:28)
    at Socket.emit (node:domain:489:12)
    at addChunk (node:internal/streams/readable:559:12)
    at readableAddChunkPushByteMode (node:internal/streams/readable:510:3)
    at Socket.Readable.push (node:internal/streams/readable:390:5)
    at Pipe.onStreamRead (node:internal/stream_base_commons:189:23)
2026-01-14 21:59:10 error: Error creating web rtc server
2026-01-14 21:59:10 error: Error
    at createRoom (/home/harshit/Web-Development/Projects/Croudly/live/backend/src/rooms/room.store.ts:94:13)
    at processTicksAndRejections (node:internal/process/task_queues:103:5)
    at async Socket.<anonymous> (/home/harshit/Web-Development/Projects/Croudly/live/backend/src/handlers/broadcaster.handler.ts:22:20)
2026-01-14 21:59:10 error: Room not found
2026-01-14 21:59:10 error: Error
    at getRoom (/home/harshit/Web-Development/Projects/Croudly/live/backend/src/rooms/room.store.ts:130:13)
    at addBroadcaster (/home/harshit/Web-Development/Projects/Croudly/live/backend/src/rooms/room.store.ts:151:18)
    at Socket.<anonymous> (/home/harshit/Web-Development/Projects/Croudly/live/backend/src/handlers/broadcaster.handler.ts:28:27)
    at processTicksAndRejections (node:internal/process/task_queues:103:5)
2026-01-14 21:59:10 error: Room not found
2026-01-14 21:59:10 error: Error
    at addBroadcaster (/home/harshit/Web-Development/Projects/Croudly/live/backend/src/rooms/room.store.ts:155:13)
    at Socket.<anonymous> (/home/harshit/Web-Development/Projects/Croudly/live/backend/src/handlers/broadcaster.handler.ts:28:27)
    at processTicksAndRejections (node:internal/process/task_queues:103:5)
2026-01-14 21:59:10 error: Room not found
2026-01-14 21:59:10 error: Error
    at getRoom (/home/harshit/Web-Development/Projects/Croudly/live/backend/src/rooms/room.store.ts:130:13)
    at Socket.<anonymous> (/home/harshit/Web-Development/Projects/Croudly/live/backend/src/handlers/broadcaster.handler.ts:55:27)
    at Socket.emit (node:events:508:28)
    at Socket.emit (node:domain:489:12)
    at Socket.emitUntyped (/home/harshit/Web-Development/Projects/Croudly/live/backend/node_modules/socket.io/dist/typed-events.js:69:22)
    at /home/harshit/Web-Development/Projects/Croudly/live/backend/node_modules/socket.io/dist/socket.js:697:39
    at processTicksAndRejections (node:internal/process/task_queues:84:11)
2026-01-14 21:59:10 error: Error in room router
2026-01-15 14:58:41 error: Error: uv_udp_bind() failed [protocol:udp, ip:'127.0.0.1', port:3478]: address already in use [method:router.createWebRtcTransport]
    at Channel.processResponse (/home/harshit/Web-Development/Projects/Croudly/live/backend/node_modules/mediasoup/node/lib/Channel.js:251:33)
    at Socket.<anonymous> (/home/harshit/Web-Development/Projects/Croudly/live/backend/node_modules/mediasoup/node/lib/Channel.js:76:34)
    at Socket.emit (node:events:508:28)
    at Socket.emit (node:domain:489:12)
    at addChunk (node:internal/streams/readable:559:12)
    at readableAddChunkPushByteMode (node:internal/streams/readable:510:3)
    at Socket.Readable.push (node:internal/streams/readable:390:5)
    at Pipe.onStreamRead (node:internal/stream_base_commons:189:23)
2026-01-15 14:58:52 error: Error: uv_udp_bind() failed [protocol:udp, ip:'127.0.0.1', port:3478]: address already in use [method:router.createWebRtcTransport]
    at Channel.processResponse (/home/harshit/Web-Development/Projects/Croudly/live/backend/node_modules/mediasoup/node/lib/Channel.js:251:33)
    at Socket.<anonymous> (/home/harshit/Web-Development/Projects/Croudly/live/backend/node_modules/mediasoup/node/lib/Channel.js:76:34)
    at Socket.emit (node:events:508:28)
    at Socket.emit (node:domain:489:12)
    at addChunk (node:internal/streams/readable:559:12)
    at readableAddChunkPushByteMode (node:internal/streams/readable:510:3)
    at Socket.Readable.push (node:internal/streams/readable:390:5)
    at Pipe.onStreamRead (node:internal/stream_base_commons:189:23)
2026-01-15 18:41:57 error: Error finding transport with b428fcf1-4bd4-4a9c-905a-aea56c1208f0
2026-01-15 18:47:20 error: Error finding transport with 212c79f4-973d-4314-a20f-23cd669dca68
2026-01-15 18:50:26 error: Error finding transport with a4484574-c84e-4b1a-9822-b946278cd4f0
2026-01-15 18:50:29 error: Error finding transport with 6dbd58fe-3923-4bec-a982-e2ce84c73213
2026-01-15 20:09:42 error: Room not found
2026-01-15 20:09:42 error: Error
    at getRoom (/home/harshit/Web-Development/Projects/Croudly/live/backend/src/rooms/room.store.ts:118:13)
    at joinAsViewer (/home/harshit/Web-Development/Projects/Croudly/live/backend/src/handlers/viewer.handler.ts:17:25)
    at Socket.<anonymous> (/home/harshit/Web-Development/Projects/Croudly/live/backend/src/handlers/registerViewer.handler.ts:19:25)
    at Socket.emit (node:events:508:28)
    at Socket.emit (node:domain:489:12)
    at Socket.emitUntyped (/home/harshit/Web-Development/Projects/Croudly/live/backend/node_modules/socket.io/dist/typed-events.js:69:22)
    at /home/harshit/Web-Development/Projects/Croudly/live/backend/node_modules/socket.io/dist/socket.js:697:39
    at processTicksAndRejections (node:internal/process/task_queues:84:11)
2026-01-15 20:09:42 error: Room does not exist with http://localhost:5173/, {"iceServers":[{"urls":["stun:stun.l.google.com:19302"]}],"bundlePolicy":"max-bundle"},  ICE connection state: new => "checking" => "checking" => "checking" => "checking" Connection state: new => "connecting" => "connecting" => "connecting" => "connecting" Signaling state: new => "stable" => "stable" => "stable" => "stable" ICE Candidate pair: ICE candidate grid Time	Event 15/01/2026, 20:08:03	 setRemoteDescription (type: "offer", 4 sections) 15/01/2026, 20:08:03	 setLocalDescription (type: "answer", 4 sections) 15/01/2026, 20:08:03	 onsignalingstatechange 15/01/2026, 20:08:03	 oniceconnectionstatechange 15/01/2026, 20:08:03	 onconnectionstatechange 15/01/2026, 20:08:11	 setRemoteDescription (type: "offer", 4 sections) 15/01/2026, 20:08:11	 setLocalDescription (type: "answer", 4 sections) 15/01/2026, 20:08:11	 onsignalingstatechange 15/01/2026, 20:08:11	 oniceconnectionstatechange 15/01/2026, 20:08:11	 onconnectionstatechange 15/01/2026, 20:08:13	 setRemoteDescription (type: "offer", 4 sections) 15/01/2026, 20:08:13	 setLocalDescription (type: "answer", 4 sections) 15/01/2026, 20:08:13	 onsignalingstatechange 15/01/2026, 20:08:13	 oniceconnectionstatechange 15/01/2026, 20:08:13	 onconnectionstatechange 15/01/2026, 20:08:16	 setRemoteDescription (type: "offer", 4 sections) 15/01/2026, 20:08:16	 setLocalDescription (type: "answer", 4 sections) 15/01/2026, 20:08:16	 onsignalingstatechange 15/01/2026, 20:08:16	 oniceconnectionstatechange 15/01/2026, 20:08:16	 onconnectionstatechange "connecting" Stats Tables Filter statistics by type including  separate multiple values by `,` media-playout (kind=audio, id=AP) certificate (id=CF77:6F:A1:89:0D:1C:BB:23:3F:8C:8F:0D:AC:CA:5E:0B:3C:79:48:0C:F4:6C:F5:46:A6:2C:9E:14:DD:EE:D3:BD) candidate-pair (state=waiting, id=CPU+xaswUZ_iRlzaCCz) local-candidate (candidateType=host, tcpType=active, id=I22My44Q9) local-candidate (candidateType=srflx, id=I3a/hIda6) local-candidate (candidateType=host, id=IPOMDMn1o) local-candidate (candidateType=host, tcpType=active, id=IU+xaswUZ) local-candidate (candidateType=host, id=Ih6nMiuxt) remote-candidate (candidateType=host, tcpType=passive, id=IiRlzaCCz) peer-connection (id=P) transport (iceState=checking, dtlsState=new, id=T01) Filter statistics graphs by type including  separate multiple values by `,` Stats graphs for media-playout (kind=audio, id=AP) Stats graphs for candidate-pair (state=waiting, id=CPU+xaswUZ_iRlzaCCz) Stats graphs for peer-connection (id=P)
2026-01-15 20:09:42 error: Room not found
2026-01-15 20:09:42 error: Error
    at getRoom (/home/harshit/Web-Development/Projects/Croudly/live/backend/src/rooms/room.store.ts:118:13)
    at Socket.<anonymous> (/home/harshit/Web-Development/Projects/Croudly/live/backend/src/handlers/registerViewer.handler.ts:22:27)
    at processTicksAndRejections (node:internal/process/task_queues:103:5)
2026-01-15 20:09:42 error: Room router not found
2026-06-22 10:46:44 error: Error: spawn /home/harshit/CrowdStream/backend/node_modules/mediasoup/worker/out/Release/mediasoup-worker ENOENT
    at ChildProcess.<anonymous> (/home/harshit/CrowdStream/backend/node_modules/mediasoup/node/lib/Worker.js:157:39)
    at ChildProcess.emit (node:events:509:20)
    at Process.ChildProcess._handle.onexit (node:internal/child_process:292:12)
    at onErrorNT (node:internal/child_process:507:16)
    at processTicksAndRejections (node:internal/process/task_queues:90:21)
2026-06-22 10:54:04 error: TypeError: ack is not a function
    at Socket.<anonymous> (/home/harshit/CrowdStream/backend/src/handlers/registerBroadcaster.handler.ts:35:7)
    at processTicksAndRejections (node:internal/process/task_queues:104:5)
2026-06-22 10:56:40 error: TypeError: ack is not a function
    at Socket.<anonymous> (/home/harshit/CrowdStream/backend/src/handlers/registerBroadcaster.handler.ts:36:7)
    at processTicksAndRejections (node:internal/process/task_queues:104:5)
2026-06-22 10:58:07 error: Error founding the router
2026-06-22 10:58:07 error: Error: Router not found
    at getRouter (/home/harshit/CrowdStream/backend/src/mediasoup/router.ts:86:13)
    at Socket.<anonymous> (/home/harshit/CrowdStream/backend/src/handlers/registerBroadcaster.handler.ts:65:31)
    at Socket.emit (node:events:509:20)
    at Socket.emitUntyped (/home/harshit/CrowdStream/backend/node_modules/socket.io/dist/typed-events.js:69:22)
    at /home/harshit/CrowdStream/backend/node_modules/socket.io/dist/socket.js:697:39
    at processTicksAndRejections (node:internal/process/task_queues:85:11)
2026-06-22 10:58:07 error: TypeError: error is not a constructor
    at getRouter (/home/harshit/CrowdStream/backend/src/mediasoup/router.ts:103:11)
    at Socket.<anonymous> (/home/harshit/CrowdStream/backend/src/handlers/registerBroadcaster.handler.ts:65:31)
    at Socket.emit (node:events:509:20)
    at Socket.emitUntyped (/home/harshit/CrowdStream/backend/node_modules/socket.io/dist/typed-events.js:69:22)
    at /home/harshit/CrowdStream/backend/node_modules/socket.io/dist/socket.js:697:39
    at processTicksAndRejections (node:internal/process/task_queues:85:11)
2026-06-22 10:58:56 error: Error founding the router
2026-06-22 10:58:56 error: Error: Router not found
    at getRouter (/home/harshit/CrowdStream/backend/src/mediasoup/router.ts:86:13)
    at Socket.<anonymous> (/home/harshit/CrowdStream/backend/src/handlers/registerBroadcaster.handler.ts:65:31)
    at Socket.emit (node:events:509:20)
    at Socket.emitUntyped (/home/harshit/CrowdStream/backend/node_modules/socket.io/dist/typed-events.js:69:22)
    at /home/harshit/CrowdStream/backend/node_modules/socket.io/dist/socket.js:697:39
    at processTicksAndRejections (node:internal/process/task_queues:85:11)
2026-06-22 10:58:56 error: TypeError: error is not a constructor
    at getRouter (/home/harshit/CrowdStream/backend/src/mediasoup/router.ts:103:11)
    at Socket.<anonymous> (/home/harshit/CrowdStream/backend/src/handlers/registerBroadcaster.handler.ts:65:31)
    at Socket.emit (node:events:509:20)
    at Socket.emitUntyped (/home/harshit/CrowdStream/backend/node_modules/socket.io/dist/typed-events.js:69:22)
    at /home/harshit/CrowdStream/backend/node_modules/socket.io/dist/socket.js:697:39
    at processTicksAndRejections (node:internal/process/task_queues:85:11)
2026-06-22 11:01:43 error: Error founding the router
2026-06-22 11:01:43 error: Error: Router not found
    at getRouter (/home/harshit/CrowdStream/backend/src/mediasoup/router.ts:86:13)
    at Socket.<anonymous> (/home/harshit/CrowdStream/backend/src/handlers/registerBroadcaster.handler.ts:63:31)
    at Socket.emit (node:events:509:20)
    at Socket.emitUntyped (/home/harshit/CrowdStream/backend/node_modules/socket.io/dist/typed-events.js:69:22)
    at /home/harshit/CrowdStream/backend/node_modules/socket.io/dist/socket.js:697:39
    at processTicksAndRejections (node:internal/process/task_queues:85:11)
2026-06-22 11:01:43 error: TypeError: error is not a constructor
    at getRouter (/home/harshit/CrowdStream/backend/src/mediasoup/router.ts:103:11)
    at Socket.<anonymous> (/home/harshit/CrowdStream/backend/src/handlers/registerBroadcaster.handler.ts:63:31)
    at Socket.emit (node:events:509:20)
    at Socket.emitUntyped (/home/harshit/CrowdStream/backend/node_modules/socket.io/dist/typed-events.js:69:22)
    at /home/harshit/CrowdStream/backend/node_modules/socket.io/dist/socket.js:697:39
    at processTicksAndRejections (node:internal/process/task_queues:85:11)
2026-06-22 11:02:16 error: Error founding the router
2026-06-22 11:02:16 error: Error: Router not found
    at getRouter (/home/harshit/CrowdStream/backend/src/mediasoup/router.ts:86:13)
    at Socket.<anonymous> (/home/harshit/CrowdStream/backend/src/handlers/registerBroadcaster.handler.ts:64:31)
    at Socket.emit (node:events:509:20)
    at Socket.emitUntyped (/home/harshit/CrowdStream/backend/node_modules/socket.io/dist/typed-events.js:69:22)
    at /home/harshit/CrowdStream/backend/node_modules/socket.io/dist/socket.js:697:39
    at processTicksAndRejections (node:internal/process/task_queues:85:11)
2026-06-22 11:02:16 error: TypeError: error is not a constructor
    at getRouter (/home/harshit/CrowdStream/backend/src/mediasoup/router.ts:103:11)
    at Socket.<anonymous> (/home/harshit/CrowdStream/backend/src/handlers/registerBroadcaster.handler.ts:64:31)
    at Socket.emit (node:events:509:20)
    at Socket.emitUntyped (/home/harshit/CrowdStream/backend/node_modules/socket.io/dist/typed-events.js:69:22)
    at /home/harshit/CrowdStream/backend/node_modules/socket.io/dist/socket.js:697:39
    at processTicksAndRejections (node:internal/process/task_queues:85:11)
2026-06-22 11:03:36 error: Error founding the router
2026-06-22 11:03:36 error: Error: Router not found
    at getRouter (/home/harshit/CrowdStream/backend/src/mediasoup/router.ts:86:13)
    at Socket.<anonymous> (/home/harshit/CrowdStream/backend/src/handlers/registerBroadcaster.handler.ts:64:31)
    at Socket.emit (node:events:509:20)
    at Socket.emitUntyped (/home/harshit/CrowdStream/backend/node_modules/socket.io/dist/typed-events.js:69:22)
    at /home/harshit/CrowdStream/backend/node_modules/socket.io/dist/socket.js:697:39
    at processTicksAndRejections (node:internal/process/task_queues:85:11)
2026-06-22 11:03:36 error: TypeError: error is not a constructor
    at getRouter (/home/harshit/CrowdStream/backend/src/mediasoup/router.ts:103:11)
    at Socket.<anonymous> (/home/harshit/CrowdStream/backend/src/handlers/registerBroadcaster.handler.ts:64:31)
    at Socket.emit (node:events:509:20)
    at Socket.emitUntyped (/home/harshit/CrowdStream/backend/node_modules/socket.io/dist/typed-events.js:69:22)
    at /home/harshit/CrowdStream/backend/node_modules/socket.io/dist/socket.js:697:39
    at processTicksAndRejections (node:internal/process/task_queues:85:11)
2026-06-22 11:04:51 error: Error founding the router
2026-06-22 11:04:52 error: Error: Router not found
    at getRouter (/home/harshit/CrowdStream/backend/src/mediasoup/router.ts:86:13)
    at Socket.<anonymous> (/home/harshit/CrowdStream/backend/src/handlers/registerBroadcaster.handler.ts:65:31)
    at Socket.emit (node:events:509:20)
    at Socket.emitUntyped (/home/harshit/CrowdStream/backend/node_modules/socket.io/dist/typed-events.js:69:22)
    at /home/harshit/CrowdStream/backend/node_modules/socket.io/dist/socket.js:697:39
    at processTicksAndRejections (node:internal/process/task_queues:85:11)
2026-06-22 11:04:52 error: TypeError: error is not a constructor
    at getRouter (/home/harshit/CrowdStream/backend/src/mediasoup/router.ts:103:11)
    at Socket.<anonymous> (/home/harshit/CrowdStream/backend/src/handlers/registerBroadcaster.handler.ts:65:31)
    at Socket.emit (node:events:509:20)
    at Socket.emitUntyped (/home/harshit/CrowdStream/backend/node_modules/socket.io/dist/typed-events.js:69:22)
    at /home/harshit/CrowdStream/backend/node_modules/socket.io/dist/socket.js:697:39
    at processTicksAndRejections (node:internal/process/task_queues:85:11)
2026-06-25 23:24:49 error: Router not found
2026-06-25 23:24:49 error: Error: Router not found
    at Socket.<anonymous> (/home/harshit/CrowdStream/backend/src/handlers/registerViewer.handler.ts:30:15)
    at processTicksAndRejections (node:internal/process/task_queues:104:5)
2026-06-25 23:28:21 error: Router not found
2026-06-25 23:28:21 error: Error: Router not found
    at Socket.<anonymous> (/home/harshit/CrowdStream/backend/src/handlers/registerViewer.handler.ts:32:15)
    at processTicksAndRejections (node:internal/process/task_queues:104:5)
2026-06-25 23:59:32 error: Consumer not found
2026-06-26 00:01:09 error: Consumer not found
2026-06-26 00:14:55 error: Consumer not found
2026-06-26 00:17:14 error: Consumer not found
2026-07-04 13:27:44 error: MongoParseError: Invalid scheme, expected connection string to start with "mongodb://" or "mongodb+srv://"
    at new ConnectionString (/home/harshit/CrowdStream/backend/node_modules/mongodb-connection-string-url/src/index.ts:133:13)
    at parseOptions (/home/harshit/CrowdStream/backend/node_modules/mongodb/src/connection_string.ts:255:15)
    at new MongoClient (/home/harshit/CrowdStream/backend/node_modules/mongodb/src/mongo_client.ts:443:32)
    at NativeConnection.createClient (/home/harshit/CrowdStream/backend/node_modules/mongoose/lib/drivers/node-mongodb-native/connection.js:343:14)
    at NativeConnection.openUri (/home/harshit/CrowdStream/backend/node_modules/mongoose/lib/connection.js:1075:34)
    at Mongoose.connect (/home/harshit/CrowdStream/backend/node_modules/mongoose/lib/mongoose.js:450:15)
    at connectToDataBase (/home/harshit/CrowdStream/backend/src/database/index.ts:15:39)
    at Object.<anonymous> (/home/harshit/CrowdStream/backend/src/index.ts:37:18)
    at Module._compile (node:internal/modules/cjs/loader:1873:14)
    at Module.m._compile (/home/harshit/CrowdStream/backend/node_modules/ts-node/src/index.ts:1618:23)
2026-07-04 13:29:40 error: MongooseServerSelectionError: Could not connect to any servers in your MongoDB Atlas cluster. One common reason is that you're trying to access the database from an IP that isn't whitelisted. Make sure your current IP address is on your Atlas cluster's IP whitelist: https://www.mongodb.com/docs/atlas/security-whitelist/
    at _handleConnectionErrors (/home/harshit/CrowdStream/backend/node_modules/mongoose/lib/connection.js:1169:11)
    at NativeConnection.openUri (/home/harshit/CrowdStream/backend/node_modules/mongoose/lib/connection.js:1100:11)
    at async connectToDataBase (/home/harshit/CrowdStream/backend/src/database/index.ts:15:24)
2026-07-04 13:37:55 error: JsonWebTokenError: jwt must be provided
    at Object.module.exports [as verify] (/home/harshit/CrowdStream/backend/node_modules/jsonwebtoken/verify.js:60:17)
    at verifyAccessToken (/home/harshit/CrowdStream/backend/src/utils/verifyJwt.ts:10:16)
    at Array.socketAuth (/home/harshit/CrowdStream/backend/src/middlewares/authentication.middleware.ts:44:38)
    at run (/home/harshit/CrowdStream/backend/node_modules/socket.io/dist/namespace.js:133:19)
    at Namespace.run (/home/harshit/CrowdStream/backend/node_modules/socket.io/dist/namespace.js:144:9)
    at Namespace._add (/home/harshit/CrowdStream/backend/node_modules/socket.io/dist/namespace.js:221:14)
    at processTicksAndRejections (node:internal/process/task_queues:104:5)
2026-07-04 13:37:55 error: Error: Unauthorized
    at verifyAccessToken (/home/harshit/CrowdStream/backend/src/utils/verifyJwt.ts:19:11)
    at Array.socketAuth (/home/harshit/CrowdStream/backend/src/middlewares/authentication.middleware.ts:44:38)
    at run (/home/harshit/CrowdStream/backend/node_modules/socket.io/dist/namespace.js:133:19)
    at Namespace.run (/home/harshit/CrowdStream/backend/node_modules/socket.io/dist/namespace.js:144:9)
    at Namespace._add (/home/harshit/CrowdStream/backend/node_modules/socket.io/dist/namespace.js:221:14)
    at processTicksAndRejections (node:internal/process/task_queues:104:5)
2026-07-04 14:11:16 error: Validation error "password" length must be at least 8 characters long
2026-07-04 14:37:20 error: JsonWebTokenError: jwt must be provided
    at Object.module.exports [as verify] (/home/harshit/CrowdStream/backend/node_modules/jsonwebtoken/verify.js:60:17)
    at verifyAccessToken (/home/harshit/CrowdStream/backend/src/utils/verifyJwt.ts:10:16)
    at Array.socketAuth (/home/harshit/CrowdStream/backend/src/middlewares/authentication.middleware.ts:44:38)
    at run (/home/harshit/CrowdStream/backend/node_modules/socket.io/dist/namespace.js:133:19)
    at Namespace.run (/home/harshit/CrowdStream/backend/node_modules/socket.io/dist/namespace.js:144:9)
    at Namespace._add (/home/harshit/CrowdStream/backend/node_modules/socket.io/dist/namespace.js:221:14)
    at processTicksAndRejections (node:internal/process/task_queues:104:5)
2026-07-04 14:37:20 error: Error: Unauthorized
    at verifyAccessToken (/home/harshit/CrowdStream/backend/src/utils/verifyJwt.ts:19:11)
    at Array.socketAuth (/home/harshit/CrowdStream/backend/src/middlewares/authentication.middleware.ts:44:38)
    at run (/home/harshit/CrowdStream/backend/node_modules/socket.io/dist/namespace.js:133:19)
    at Namespace.run (/home/harshit/CrowdStream/backend/node_modules/socket.io/dist/namespace.js:144:9)
    at Namespace._add (/home/harshit/CrowdStream/backend/node_modules/socket.io/dist/namespace.js:221:14)
    at processTicksAndRejections (node:internal/process/task_queues:104:5)
2026-07-04 14:41:34 error: JsonWebTokenError: jwt must be provided
    at Object.module.exports [as verify] (/home/harshit/CrowdStream/backend/node_modules/jsonwebtoken/verify.js:60:17)
    at verifyAccessToken (/home/harshit/CrowdStream/backend/src/utils/verifyJwt.ts:10:16)
    at Array.socketAuth (/home/harshit/CrowdStream/backend/src/middlewares/authentication.middleware.ts:46:38)
    at run (/home/harshit/CrowdStream/backend/node_modules/socket.io/dist/namespace.js:133:19)
    at Namespace.run (/home/harshit/CrowdStream/backend/node_modules/socket.io/dist/namespace.js:144:9)
    at Namespace._add (/home/harshit/CrowdStream/backend/node_modules/socket.io/dist/namespace.js:221:14)
    at processTicksAndRejections (node:internal/process/task_queues:104:5)
2026-07-04 14:41:34 error: Error: Unauthorized
    at verifyAccessToken (/home/harshit/CrowdStream/backend/src/utils/verifyJwt.ts:19:11)
    at Array.socketAuth (/home/harshit/CrowdStream/backend/src/middlewares/authentication.middleware.ts:46:38)
    at run (/home/harshit/CrowdStream/backend/node_modules/socket.io/dist/namespace.js:133:19)
    at Namespace.run (/home/harshit/CrowdStream/backend/node_modules/socket.io/dist/namespace.js:144:9)
    at Namespace._add (/home/harshit/CrowdStream/backend/node_modules/socket.io/dist/namespace.js:221:14)
    at processTicksAndRejections (node:internal/process/task_queues:104:5)
2026-07-04 17:24:23 error: User does not exist
2026-07-04 17:34:58 error: JsonWebTokenError: jwt must be provided
    at Object.module.exports [as verify] (/home/harshit/CrowdStream/backend/node_modules/jsonwebtoken/verify.js:60:17)
    at verifyAccessToken (/home/harshit/CrowdStream/backend/src/utils/verifyJwt.ts:10:16)
    at Array.socketAuth (/home/harshit/CrowdStream/backend/src/middlewares/authentication.middleware.ts:40:38)
    at run (/home/harshit/CrowdStream/backend/node_modules/socket.io/dist/namespace.js:133:19)
    at Namespace.run (/home/harshit/CrowdStream/backend/node_modules/socket.io/dist/namespace.js:144:9)
    at Namespace._add (/home/harshit/CrowdStream/backend/node_modules/socket.io/dist/namespace.js:221:14)
    at processTicksAndRejections (node:internal/process/task_queues:104:5)
2026-07-04 17:34:58 error: Error: Unauthorized
    at verifyAccessToken (/home/harshit/CrowdStream/backend/src/utils/verifyJwt.ts:19:11)
    at Array.socketAuth (/home/harshit/CrowdStream/backend/src/middlewares/authentication.middleware.ts:40:38)
    at run (/home/harshit/CrowdStream/backend/node_modules/socket.io/dist/namespace.js:133:19)
    at Namespace.run (/home/harshit/CrowdStream/backend/node_modules/socket.io/dist/namespace.js:144:9)
    at Namespace._add (/home/harshit/CrowdStream/backend/node_modules/socket.io/dist/namespace.js:221:14)
    at processTicksAndRejections (node:internal/process/task_queues:104:5)
2026-07-20 12:56:17 error: Validation error "roomId" must only contain alpha-numeric characters
2026-07-20 12:56:17 error: Error: Validation error
    at validateMessage (/home/harshit/CrowdStream/backend/src/utils/chat.util.ts:36:15)
    at Socket.<anonymous> (/home/harshit/CrowdStream/backend/src/utils/socket.util.ts:50:40)
    at Socket.emit (node:events:509:20)
    at Socket.emitUntyped (/home/harshit/CrowdStream/backend/node_modules/socket.io/dist/typed-events.js:69:22)
    at /home/harshit/CrowdStream/backend/node_modules/socket.io/dist/socket.js:697:39
    at processTicksAndRejections (node:internal/process/task_queues:85:11)
2026-07-20 12:57:38 error: Validation error "roomId" must only contain alpha-numeric characters
2026-07-20 12:57:38 error: Error: Validation error
    at validateMessage (/home/harshit/CrowdStream/backend/src/utils/chat.util.ts:36:15)
    at Socket.<anonymous> (/home/harshit/CrowdStream/backend/src/utils/socket.util.ts:50:40)
    at Socket.emit (node:events:509:20)
    at Socket.emitUntyped (/home/harshit/CrowdStream/backend/node_modules/socket.io/dist/typed-events.js:69:22)
    at /home/harshit/CrowdStream/backend/node_modules/socket.io/dist/socket.js:697:39
    at processTicksAndRejections (node:internal/process/task_queues:85:11)
2026-07-20 12:58:57 error: RoomId not found
2026-07-20 12:59:22 error: Validation error "roomId" must only contain alpha-numeric characters
2026-07-20 12:59:22 error: Error: Validation error
    at validateMessage (/home/harshit/CrowdStream/backend/src/utils/chat.util.ts:36:15)
    at Socket.<anonymous> (/home/harshit/CrowdStream/backend/src/utils/socket.util.ts:51:40)
    at Socket.emit (node:events:509:20)
    at Socket.emitUntyped (/home/harshit/CrowdStream/backend/node_modules/socket.io/dist/typed-events.js:69:22)
    at /home/harshit/CrowdStream/backend/node_modules/socket.io/dist/socket.js:697:39
    at processTicksAndRejections (node:internal/process/task_queues:85:11)
2026-07-20 13:00:28 error: Validation error "roomId" must only contain alpha-numeric characters
2026-07-20 13:00:28 error: Error: Validation error
    at validateMessage (/home/harshit/CrowdStream/backend/src/utils/chat.util.ts:36:15)
    at Socket.<anonymous> (/home/harshit/CrowdStream/backend/src/utils/socket.util.ts:52:40)
    at Socket.emit (node:events:509:20)
    at Socket.emitUntyped (/home/harshit/CrowdStream/backend/node_modules/socket.io/dist/typed-events.js:69:22)
    at /home/harshit/CrowdStream/backend/node_modules/socket.io/dist/socket.js:697:39
    at processTicksAndRejections (node:internal/process/task_queues:85:11)
2026-07-20 13:01:46 error: RoomId not found
2026-07-20 13:02:06 error: Validation error "roomId" length must be less than or equal to 30 characters long
2026-07-20 13:02:06 error: Error: Validation error
    at validateMessage (/home/harshit/CrowdStream/backend/src/utils/chat.util.ts:36:15)
    at Socket.<anonymous> (/home/harshit/CrowdStream/backend/src/utils/socket.util.ts:52:40)
    at Socket.emit (node:events:509:20)
    at Socket.emitUntyped (/home/harshit/CrowdStream/backend/node_modules/socket.io/dist/typed-events.js:69:22)
    at /home/harshit/CrowdStream/backend/node_modules/socket.io/dist/socket.js:697:39
    at processTicksAndRejections (node:internal/process/task_queues:85:11)
2026-07-20 13:07:50 error: Validation error "message" length must be less than or equal to 10 characters long
2026-07-20 13:07:50 error: Error: Validation error
    at validateMessage (/home/harshit/CrowdStream/backend/src/utils/chat.util.ts:36:15)
    at Socket.<anonymous> (/home/harshit/CrowdStream/backend/src/utils/socket.util.ts:52:40)
    at Socket.emit (node:events:509:20)
    at Socket.emitUntyped (/home/harshit/CrowdStream/backend/node_modules/socket.io/dist/typed-events.js:69:22)
    at /home/harshit/CrowdStream/backend/node_modules/socket.io/dist/socket.js:697:39
    at processTicksAndRejections (node:internal/process/task_queues:85:11)
2026-07-20 17:33:42 error: RoomId not found
2026-07-20 17:36:41 error: Database connection is not open
2026-07-20 17:36:43 error: Database connection is not open
2026-07-20 17:36:45 error: Database connection is not open
2026-07-20 17:36:47 error: Database connection is not open
2026-07-20 17:40:37 error: Room not found
2026-07-20 17:40:37 error: Error: Room not found
    at getRoom (/home/harshit/CrowdStream/backend/src/rooms/room.store.ts:98:13)
    at authenticateUser (/home/harshit/CrowdStream/backend/src/utils/chat.util.ts:18:25)
    at Socket.<anonymous> (/home/harshit/CrowdStream/backend/src/utils/socket.util.ts:44:42)
    at Socket.emit (node:events:509:20)
    at Socket.emitUntyped (/home/harshit/CrowdStream/backend/node_modules/socket.io/dist/typed-events.js:69:22)
    at /home/harshit/CrowdStream/backend/node_modules/socket.io/dist/socket.js:697:39
    at processTicksAndRejections (node:internal/process/task_queues:85:11)
2026-07-20 17:40:37 error: Error: Room not found
    at getRoom (/home/harshit/CrowdStream/backend/src/rooms/room.store.ts:110:11)
    at authenticateUser (/home/harshit/CrowdStream/backend/src/utils/chat.util.ts:18:25)
    at Socket.<anonymous> (/home/harshit/CrowdStream/backend/src/utils/socket.util.ts:44:42)
    at Socket.emit (node:events:509:20)
    at Socket.emitUntyped (/home/harshit/CrowdStream/backend/node_modules/socket.io/dist/typed-events.js:69:22)
    at /home/harshit/CrowdStream/backend/node_modules/socket.io/dist/socket.js:697:39
    at processTicksAndRejections (node:internal/process/task_queues:85:11)
2026-07-20 17:40:44 error: RoomId not found
2026-07-20 17:59:52 error: RoomId not found
2026-07-20 18:08:04 error: MongoNetworkError: read ECONNRESET
    at Connection.onSocketError (/home/harshit/CrowdStream/backend/node_modules/mongodb/src/cmap/connection.ts:308:18)
    at TLSSocket.emit (node:events:521:24)
    at emitErrorNT (node:internal/streams/destroy:170:8)
    at emitErrorCloseNT (node:internal/streams/destroy:129:3)
    at processTicksAndRejections (node:internal/process/task_queues:90:21)
2026-07-20 18:08:06 error: Database connection is not open
2026-07-20 18:08:08 error: Database connection is not open
2026-07-20 18:08:10 error: Database connection is not open
2026-07-20 18:08:12 error: Database connection is not open
2026-07-20 18:08:14 error: Database connection is not open
2026-07-20 18:08:16 error: Database connection is not open
2026-07-20 18:08:18 error: Database connection is not open
2026-07-20 18:08:20 error: Database connection is not open
2026-07-20 18:08:22 error: Database connection is not open
2026-07-20 18:08:24 error: Database connection is not open
2026-07-20 18:08:26 error: Database connection is not open
2026-07-20 18:08:28 error: Database connection is not open
2026-07-20 18:11:41 error: Validation error "password" length must be at least 8 characters long
2026-07-20 18:11:54 error: RoomId not found
2026-07-20 18:16:18 error: PoolClearedOnNetworkError: Connection to ac-v00shv2-shard-00-02.eplgdfn.mongodb.net:27017 interrupted due to server monitor timeout
    at ConnectionPool.interruptInUseConnections (/home/harshit/CrowdStream/backend/node_modules/mongodb/src/cmap/connection_pool.ts:487:28)
    at /home/harshit/CrowdStream/backend/node_modules/mongodb/src/cmap/connection_pool.ts:473:35
    at processTicksAndRejections (node:internal/process/task_queues:85:11)
2026-07-20 18:16:20 error: Database connection is not open
2026-07-20 18:16:22 error: Database connection is not open
2026-07-20 18:16:24 error: Database connection is not open
2026-07-20 18:16:26 error: Database connection is not open
2026-07-20 18:16:28 error: Database connection is not open
2026-07-20 18:16:38 error: Password validation failed
2026-07-20 18:16:49 error: Room not found
2026-07-20 18:16:49 error: Error: Room not found
    at getRoom (/home/harshit/CrowdStream/backend/src/rooms/room.store.ts:98:13)
    at joinAsViewer (/home/harshit/CrowdStream/backend/src/handlers/viewer.handler.ts:13:25)
    at Socket.<anonymous> (/home/harshit/CrowdStream/backend/src/handlers/registerViewer.handler.ts:23:25)
    at Socket.emit (node:events:509:20)
    at Socket.emitUntyped (/home/harshit/CrowdStream/backend/node_modules/socket.io/dist/typed-events.js:69:22)
    at /home/harshit/CrowdStream/backend/node_modules/socket.io/dist/socket.js:697:39
    at processTicksAndRejections (node:internal/process/task_queues:85:11)
2026-07-20 18:16:49 error: Error: Room not found
    at getRoom (/home/harshit/CrowdStream/backend/src/rooms/room.store.ts:110:11)
    at joinAsViewer (/home/harshit/CrowdStream/backend/src/handlers/viewer.handler.ts:13:25)
    at Socket.<anonymous> (/home/harshit/CrowdStream/backend/src/handlers/registerViewer.handler.ts:23:25)
    at Socket.emit (node:events:509:20)
    at Socket.emitUntyped (/home/harshit/CrowdStream/backend/node_modules/socket.io/dist/typed-events.js:69:22)
    at /home/harshit/CrowdStream/backend/node_modules/socket.io/dist/socket.js:697:39
    at processTicksAndRejections (node:internal/process/task_queues:85:11)
2026-07-20 18:16:49 error: Error: Room not found
    at getRoom (/home/harshit/CrowdStream/backend/src/rooms/room.store.ts:110:11)
    at joinAsViewer (/home/harshit/CrowdStream/backend/src/handlers/viewer.handler.ts:13:25)
    at Socket.<anonymous> (/home/harshit/CrowdStream/backend/src/handlers/registerViewer.handler.ts:23:25)
    at Socket.emit (node:events:509:20)
    at Socket.emitUntyped (/home/harshit/CrowdStream/backend/node_modules/socket.io/dist/typed-events.js:69:22)
    at /home/harshit/CrowdStream/backend/node_modules/socket.io/dist/socket.js:697:39
    at processTicksAndRejections (node:internal/process/task_queues:85:11)
2026-07-20 18:17:04 error: Validation error "roomId" must be a valid GUID
2026-07-20 18:17:04 error: Error: Validation error
    at validateMessage (/home/harshit/CrowdStream/backend/src/utils/chat.util.ts:35:15)
    at Socket.<anonymous> (/home/harshit/CrowdStream/backend/src/utils/socket.util.ts:42:40)
    at Socket.emit (node:events:509:20)
    at Socket.emitUntyped (/home/harshit/CrowdStream/backend/node_modules/socket.io/dist/typed-events.js:69:22)
    at /home/harshit/CrowdStream/backend/node_modules/socket.io/dist/socket.js:697:39
    at processTicksAndRejections (node:internal/process/task_queues:85:11)
2026-07-20 18:17:15 error: Room not found
2026-07-20 18:17:15 error: Error: Room not found
    at getRoom (/home/harshit/CrowdStream/backend/src/rooms/room.store.ts:98:13)
    at joinAsViewer (/home/harshit/CrowdStream/backend/src/handlers/viewer.handler.ts:13:25)
    at Socket.<anonymous> (/home/harshit/CrowdStream/backend/src/handlers/registerViewer.handler.ts:23:25)
    at Socket.emit (node:events:509:20)
    at Socket.emitUntyped (/home/harshit/CrowdStream/backend/node_modules/socket.io/dist/typed-events.js:69:22)
    at /home/harshit/CrowdStream/backend/node_modules/socket.io/dist/socket.js:697:39
    at processTicksAndRejections (node:internal/process/task_queues:85:11)
2026-07-20 18:17:15 error: Error: Room not found
    at getRoom (/home/harshit/CrowdStream/backend/src/rooms/room.store.ts:110:11)
    at joinAsViewer (/home/harshit/CrowdStream/backend/src/handlers/viewer.handler.ts:13:25)
    at Socket.<anonymous> (/home/harshit/CrowdStream/backend/src/handlers/registerViewer.handler.ts:23:25)
    at Socket.emit (node:events:509:20)
    at Socket.emitUntyped (/home/harshit/CrowdStream/backend/node_modules/socket.io/dist/typed-events.js:69:22)
    at /home/harshit/CrowdStream/backend/node_modules/socket.io/dist/socket.js:697:39
    at processTicksAndRejections (node:internal/process/task_queues:85:11)
2026-07-20 18:17:15 error: Error: Room not found
    at getRoom (/home/harshit/CrowdStream/backend/src/rooms/room.store.ts:110:11)
    at joinAsViewer (/home/harshit/CrowdStream/backend/src/handlers/viewer.handler.ts:13:25)
    at Socket.<anonymous> (/home/harshit/CrowdStream/backend/src/handlers/registerViewer.handler.ts:23:25)
    at Socket.emit (node:events:509:20)
    at Socket.emitUntyped (/home/harshit/CrowdStream/backend/node_modules/socket.io/dist/typed-events.js:69:22)
    at /home/harshit/CrowdStream/backend/node_modules/socket.io/dist/socket.js:697:39
    at processTicksAndRejections (node:internal/process/task_queues:85:11)
2026-07-20 18:17:24 error: Validation error "roomId" must be a valid GUID
2026-07-20 18:17:24 error: Error: Validation error
    at validateMessage (/home/harshit/CrowdStream/backend/src/utils/chat.util.ts:35:15)
    at Socket.<anonymous> (/home/harshit/CrowdStream/backend/src/utils/socket.util.ts:42:40)
    at Socket.emit (node:events:509:20)
    at Socket.emitUntyped (/home/harshit/CrowdStream/backend/node_modules/socket.io/dist/typed-events.js:69:22)
    at /home/harshit/CrowdStream/backend/node_modules/socket.io/dist/socket.js:697:39
    at processTicksAndRejections (node:internal/process/task_queues:85:11)
2026-07-20 22:46:52 error: RoomId not found
2026-07-20 22:49:22 error: RoomId not found
2026-07-20 23:39:39 error: User already exists
2026-07-20 23:41:11 error: RoomId not found
2026-07-20 23:41:12 error: RoomId not found
2026-07-20 23:41:13 error: RoomId not found
2026-07-20 23:41:13 error: RoomId not found
2026-07-20 23:41:13 error: RoomId not found
2026-07-20 23:41:17 error: RoomId not found
2026-07-20 23:41:18 error: RoomId not found
2026-07-20 23:41:19 error: RoomId not found
2026-07-20 23:41:20 error: RoomId not found
2026-07-20 23:41:26 error: RoomId not found
2026-07-20 23:41:30 error: RoomId not found
2026-08-07 13:42:44 error: Password validation failed
2026-08-07 13:51:09 error: Room not found
2026-08-07 13:53:19 error: Room not found
2026-08-07 13:53:41 error: Room not found
2026-08-07 13:54:13 error: Room not found
2026-08-07 13:56:13 error: Validation error "username" must only contain alpha-numeric characters
2026-08-09 00:03:25 error: Validation error "username" must only contain alpha-numeric characters
2026-08-09 00:03:29 error: User already exists
2026-08-09 00:03:32 error: User already exists
2026-08-09 00:03:41 error: User already exists
2026-08-09 00:03:51 error: User already exists
2026-08-12 17:47:20 error: RoomId not found
2026-08-12 17:47:24 error: RoomId not found
2026-08-12 17:47:52 error: RoomId not found
2026-08-12 17:48:43 error: RoomId not found
2026-08-12 17:48:45 error: RoomId not found
2026-08-12 17:48:58 error: RoomId not found
2026-08-12 17:49:24 error: RoomId not found
2026-08-12 17:50:56 error: MongoNetworkError: read ECONNRESET
    at Connection.onSocketError (/home/harshit/CrowdStream/backend/node_modules/mongodb/src/cmap/connection.ts:308:18)
    at TLSSocket.emit (node:events:521:24)
    at emitErrorNT (node:internal/streams/destroy:170:8)
    at emitErrorCloseNT (node:internal/streams/destroy:129:3)
    at processTicksAndRejections (node:internal/process/task_queues:90:21)
2026-08-12 17:50:58 error: Database connection is not open
2026-08-12 17:51:00 error: Database connection is not open
2026-08-12 17:51:00 error: RoomId not found
2026-08-12 17:51:02 error: Database connection is not open
2026-08-12 17:51:04 error: Database connection is not open
2026-08-12 17:51:06 error: Database connection is not open
2026-08-12 17:51:17 error: MongoPoolClearedError: Connection pool for ac-v00shv2-shard-00-01.eplgdfn.mongodb.net:27017 was cleared because another operation failed with: "read ECONNRESET"
    at ConnectionPool.processWaitQueue (/home/harshit/CrowdStream/backend/node_modules/mongodb/src/cmap/connection_pool.ts:753:65)
    at ConnectionPool.clear (/home/harshit/CrowdStream/backend/node_modules/mongodb/src/cmap/connection_pool.ts:476:10)
    at updateServers (/home/harshit/CrowdStream/backend/node_modules/mongodb/src/sdam/topology.ts:875:21)
    at Topology.serverUpdateHandler (/home/harshit/CrowdStream/backend/node_modules/mongodb/src/sdam/topology.ts:733:5)
    at Server.<anonymous> (/home/harshit/CrowdStream/backend/node_modules/mongodb/src/sdam/topology.ts:851:66)
    at Server.emit (node:events:509:20)
    at markServerUnknown (/home/harshit/CrowdStream/backend/node_modules/mongodb/src/sdam/server.ts:530:10)
    at Server.handleError (/home/harshit/CrowdStream/backend/node_modules/mongodb/src/sdam/server.ts:410:9)
    at /home/harshit/CrowdStream/backend/node_modules/mongodb/src/cmap/connection_pool.ts:677:21
    at processTicksAndRejections (node:internal/process/task_queues:104:5)
2026-08-12 17:51:17 error: MongoPoolClearedError: Connection pool for ac-v00shv2-shard-00-01.eplgdfn.mongodb.net:27017 was cleared because another operation failed with: "read ECONNRESET"
    at ConnectionPool.processWaitQueue (/home/harshit/CrowdStream/backend/node_modules/mongodb/src/cmap/connection_pool.ts:753:65)
    at ConnectionPool.clear (/home/harshit/CrowdStream/backend/node_modules/mongodb/src/cmap/connection_pool.ts:476:10)
    at updateServers (/home/harshit/CrowdStream/backend/node_modules/mongodb/src/sdam/topology.ts:875:21)
    at Topology.serverUpdateHandler (/home/harshit/CrowdStream/backend/node_modules/mongodb/src/sdam/topology.ts:733:5)
    at Server.<anonymous> (/home/harshit/CrowdStream/backend/node_modules/mongodb/src/sdam/topology.ts:851:66)
    at Server.emit (node:events:509:20)
    at markServerUnknown (/home/harshit/CrowdStream/backend/node_modules/mongodb/src/sdam/server.ts:530:10)
    at Server.handleError (/home/harshit/CrowdStream/backend/node_modules/mongodb/src/sdam/server.ts:410:9)
    at /home/harshit/CrowdStream/backend/node_modules/mongodb/src/cmap/connection_pool.ts:677:21
    at processTicksAndRejections (node:internal/process/task_queues:104:5)
2026-08-12 17:51:17 error: MongoPoolClearedError: Connection pool for ac-v00shv2-shard-00-01.eplgdfn.mongodb.net:27017 was cleared because another operation failed with: "read ECONNRESET"
    at ConnectionPool.processWaitQueue (/home/harshit/CrowdStream/backend/node_modules/mongodb/src/cmap/connection_pool.ts:753:65)
    at ConnectionPool.clear (/home/harshit/CrowdStream/backend/node_modules/mongodb/src/cmap/connection_pool.ts:476:10)
    at updateServers (/home/harshit/CrowdStream/backend/node_modules/mongodb/src/sdam/topology.ts:875:21)
    at Topology.serverUpdateHandler (/home/harshit/CrowdStream/backend/node_modules/mongodb/src/sdam/topology.ts:733:5)
    at Server.<anonymous> (/home/harshit/CrowdStream/backend/node_modules/mongodb/src/sdam/topology.ts:851:66)
    at Server.emit (node:events:509:20)
    at markServerUnknown (/home/harshit/CrowdStream/backend/node_modules/mongodb/src/sdam/server.ts:530:10)
    at Server.handleError (/home/harshit/CrowdStream/backend/node_modules/mongodb/src/sdam/server.ts:410:9)
    at /home/harshit/CrowdStream/backend/node_modules/mongodb/src/cmap/connection_pool.ts:677:21
    at processTicksAndRejections (node:internal/process/task_queues:104:5)
2026-08-12 17:51:19 error: Database connection is not open
2026-08-12 17:51:21 error: Database connection is not open
2026-08-12 17:51:23 error: Database connection is not open
2026-08-12 17:51:25 error: Database connection is not open
2026-08-12 17:51:27 error: Database connection is not open
2026-08-12 17:51:29 error: Database connection is not open
2026-08-12 17:51:31 error: Database connection is not open
2026-08-12 17:51:33 error: Database connection is not open
2026-08-12 17:51:35 error: Database connection is not open
2026-08-12 17:52:03 error: Database connection is not open
2026-08-12 17:52:05 error: Database connection is not open
2026-08-12 17:52:07 error: Database connection is not open
2026-08-12 17:52:09 error: Database connection is not open
2026-08-12 17:52:10 error: MongoNetworkTimeoutError: Socket 'secureConnect' timed out after 30456ms (connectTimeoutMS: 30000)
    at TLSSocket.<anonymous> (/home/harshit/CrowdStream/backend/node_modules/mongodb/src/cmap/connect.ts:399:11)
    at Object.onceWrapper (node:events:630:28)
    at TLSSocket.emit (node:events:509:20)
    at TLSSocket.Socket._onTimeout (node:net:610:8)
    at listOnTimeout (node:internal/timers:605:17)
    at processTimers (node:internal/timers:541:7)
2026-08-12 17:52:11 error: Database connection is not open
2026-08-12 17:52:13 error: Database connection is not open
2026-08-12 17:52:15 error: Database connection is not open
2026-08-12 17:52:17 error: Database connection is not open
2026-08-12 17:52:19 error: Database connection is not open
2026-08-12 17:52:20 error: MongoPoolClearedError: Connection pool for ac-v00shv2-shard-00-01.eplgdfn.mongodb.net:27017 was cleared because another operation failed with: "connection <monitor> to 159.41.206.112:27017 timed out"
    at ConnectionPool.processWaitQueue (/home/harshit/CrowdStream/backend/node_modules/mongodb/src/cmap/connection_pool.ts:753:65)
    at ConnectionPool.clear (/home/harshit/CrowdStream/backend/node_modules/mongodb/src/cmap/connection_pool.ts:476:10)
    at updateServers (/home/harshit/CrowdStream/backend/node_modules/mongodb/src/sdam/topology.ts:875:21)
    at Topology.serverUpdateHandler (/home/harshit/CrowdStream/backend/node_modules/mongodb/src/sdam/topology.ts:733:5)
    at Server.<anonymous> (/home/harshit/CrowdStream/backend/node_modules/mongodb/src/sdam/topology.ts:851:66)
    at Server.emit (node:events:509:20)
    at markServerUnknown (/home/harshit/CrowdStream/backend/node_modules/mongodb/src/sdam/server.ts:530:10)
    at Monitor.<anonymous> (/home/harshit/CrowdStream/backend/node_modules/mongodb/src/sdam/server.ts:185:65)
    at Monitor.emit (node:events:509:20)
    at onHeartbeatFailed (/home/harshit/CrowdStream/backend/node_modules/mongodb/src/sdam/monitor.ts:291:13)
2026-08-12 17:52:21 error: Database connection is not open
2026-08-12 17:52:23 error: Database connection is not open
2026-08-12 17:52:25 error: Database connection is not open
2026-08-12 17:52:27 error: Database connection is not open
2026-08-12 17:52:29 error: Database connection is not open
2026-08-12 17:52:30 error: MongoNetworkError: getaddrinfo EAI_AGAIN ac-v00shv2-shard-00-01.eplgdfn.mongodb.net
    at TLSSocket.<anonymous> (/home/harshit/CrowdStream/backend/node_modules/mongodb/src/cmap/connect.ts:395:16)
    at Object.onceWrapper (node:events:631:12)
    at TLSSocket.emit (node:events:509:20)
    at emitErrorNT (node:internal/streams/destroy:170:8)
    at emitErrorCloseNT (node:internal/streams/destroy:129:3)
    at processTicksAndRejections (node:internal/process/task_queues:90:21)
2026-08-12 17:52:30 error: MongoNetworkError: getaddrinfo EAI_AGAIN ac-v00shv2-shard-00-01.eplgdfn.mongodb.net
    at TLSSocket.<anonymous> (/home/harshit/CrowdStream/backend/node_modules/mongodb/src/cmap/connect.ts:395:16)
    at Object.onceWrapper (node:events:631:12)
    at TLSSocket.emit (node:events:509:20)
    at emitErrorNT (node:internal/streams/destroy:170:8)
    at emitErrorCloseNT (node:internal/streams/destroy:129:3)
    at processTicksAndRejections (node:internal/process/task_queues:90:21)
2026-08-12 17:52:31 error: Database connection is not open
2026-08-12 17:52:33 error: Database connection is not open
2026-08-12 17:52:35 error: Database connection is not open
2026-08-12 17:52:37 error: Database connection is not open
2026-08-12 17:52:39 error: Database connection is not open
2026-08-12 17:52:41 error: Database connection is not open
2026-08-12 17:52:43 error: Database connection is not open
2026-08-12 17:52:45 error: Database connection is not open
2026-08-12 17:52:47 error: Database connection is not open
2026-08-12 17:52:49 error: Database connection is not open
2026-08-12 17:52:51 error: Database connection is not open
2026-08-12 17:52:53 error: Database connection is not open
2026-08-12 17:52:55 error: Database connection is not open
2026-08-12 17:52:57 error: Database connection is not open
2026-08-12 17:52:59 error: Database connection is not open
2026-08-12 17:53:01 error: Database connection is not open
2026-08-12 17:53:03 error: Database connection is not open
2026-08-12 17:53:05 error: Database connection is not open
2026-08-12 17:53:07 error: Database connection is not open
2026-08-12 17:53:09 error: Database connection is not open
2026-08-12 17:53:11 error: Database connection is not open
2026-08-12 17:53:13 error: Database connection is not open
2026-08-12 17:53:15 error: Database connection is not open
2026-08-12 17:53:17 error: Database connection is not open
2026-08-12 17:53:19 error: Database connection is not open
2026-08-12 17:53:21 error: Database connection is not open
2026-08-12 17:53:23 error: Database connection is not open
2026-08-12 17:53:25 error: Database connection is not open
2026-08-12 17:53:27 error: Database connection is not open
2026-08-12 17:53:29 error: Database connection is not open
2026-08-12 17:53:31 error: Database connection is not open
2026-08-12 17:53:33 error: Database connection is not open
2026-08-12 17:53:35 error: Database connection is not open
2026-08-12 17:53:37 error: Database connection is not open
2026-08-12 17:53:39 error: Database connection is not open
2026-08-12 17:53:41 error: Database connection is not open
2026-08-12 17:53:43 error: Database connection is not open
2026-08-12 17:53:45 error: Database connection is not open
2026-08-12 17:53:47 error: Database connection is not open
2026-08-12 17:53:49 error: Database connection is not open
2026-08-12 17:53:51 error: Database connection is not open
2026-08-12 17:53:53 error: Database connection is not open
2026-08-12 17:53:55 error: Database connection is not open
2026-08-12 17:53:57 error: Database connection is not open
2026-08-12 17:53:59 error: Database connection is not open
2026-08-15 14:59:27 error: ObjectParameterError: Parameter "filter" to updateOne() must be an object, got "6a80314bbf43a568592e69db" (type string)
    at _update (/home/harshit/CrowdStream/backend/node_modules/mongoose/lib/query.js:4405:17)
    at model.Query.Query.updateOne (/home/harshit/CrowdStream/backend/node_modules/mongoose/lib/query.js:4308:10)
    at _update (/home/harshit/CrowdStream/backend/node_modules/mongoose/lib/model.js:4173:16)
    at model.updateOne (/home/harshit/CrowdStream/backend/node_modules/mongoose/lib/model.js:4104:10)
    at Socket.<anonymous> (/home/harshit/CrowdStream/backend/src/handlers/registerViewer.handler.ts:234:19)
    at processTicksAndRejections (node:internal/process/task_queues:104:5)
2026-08-15 15:03:15 error: ObjectParameterError: Parameter "filter" to updateOne() must be an object, got "6a80314bbf43a568592e69db" (type string)
    at _update (/home/harshit/CrowdStream/backend/node_modules/mongoose/lib/query.js:4405:17)
    at model.Query.Query.updateOne (/home/harshit/CrowdStream/backend/node_modules/mongoose/lib/query.js:4308:10)
    at _update (/home/harshit/CrowdStream/backend/node_modules/mongoose/lib/model.js:4173:16)
    at model.updateOne (/home/harshit/CrowdStream/backend/node_modules/mongoose/lib/model.js:4104:10)
    at Socket.<anonymous> (/home/harshit/CrowdStream/backend/src/handlers/registerViewer.handler.ts:234:19)
    at processTicksAndRejections (node:internal/process/task_queues:104:5)
2026-08-15 15:04:17 error: ObjectParameterError: Parameter "filter" to updateOne() must be an object, got "6a80314bbf43a568592e69db" (type string)
    at _update (/home/harshit/CrowdStream/backend/node_modules/mongoose/lib/query.js:4405:17)
    at model.Query.Query.updateOne (/home/harshit/CrowdStream/backend/node_modules/mongoose/lib/query.js:4308:10)
    at _update (/home/harshit/CrowdStream/backend/node_modules/mongoose/lib/model.js:4173:16)
    at model.updateOne (/home/harshit/CrowdStream/backend/node_modules/mongoose/lib/model.js:4104:10)
    at Socket.<anonymous> (/home/harshit/CrowdStream/backend/src/handlers/registerViewer.handler.ts:234:19)
    at processTicksAndRejections (node:internal/process/task_queues:104:5)
2026-08-15 15:06:17 error: Room not found
2026-08-15 15:16:08 error: ObjectParameterError: Parameter "filter" to updateOne() must be an object, got "6a80314bbf43a568592e69db" (type string)
    at _update (/home/harshit/CrowdStream/backend/node_modules/mongoose/lib/query.js:4405:17)
    at model.Query.Query.updateOne (/home/harshit/CrowdStream/backend/node_modules/mongoose/lib/query.js:4308:10)
    at _update (/home/harshit/CrowdStream/backend/node_modules/mongoose/lib/model.js:4173:16)
    at model.updateOne (/home/harshit/CrowdStream/backend/node_modules/mongoose/lib/model.js:4104:10)
    at Socket.<anonymous> (/home/harshit/CrowdStream/backend/src/handlers/registerViewer.handler.ts:234:19)
    at processTicksAndRejections (node:internal/process/task_queues:104:5)
2026-08-15 15:16:10 error: Viewer transport not found
2026-08-15 15:16:10 error: Error: Viewer transport not found
    at consume (/home/harshit/CrowdStream/backend/src/handlers/viewer.handler.ts:192:13)
    at consumePlainTransportMedia (/home/harshit/CrowdStream/backend/src/recording/recording.ts:33:42)
    at Socket.<anonymous> (/home/harshit/CrowdStream/backend/src/utils/socket.util.ts:163:78)
    at Socket.emit (node:events:509:20)
    at Socket.emitUntyped (/home/harshit/CrowdStream/backend/node_modules/socket.io/dist/typed-events.js:69:22)
    at /home/harshit/CrowdStream/backend/node_modules/socket.io/dist/socket.js:697:39
    at processTicksAndRejections (node:internal/process/task_queues:85:11)
2026-08-15 15:16:10 error: Error: Viewer transport not found
    at consume (/home/harshit/CrowdStream/backend/src/handlers/viewer.handler.ts:192:13)
    at consumePlainTransportMedia (/home/harshit/CrowdStream/backend/src/recording/recording.ts:33:42)
    at Socket.<anonymous> (/home/harshit/CrowdStream/backend/src/utils/socket.util.ts:163:78)
    at Socket.emit (node:events:509:20)
    at Socket.emitUntyped (/home/harshit/CrowdStream/backend/node_modules/socket.io/dist/typed-events.js:69:22)
    at /home/harshit/CrowdStream/backend/node_modules/socket.io/dist/socket.js:697:39
    at processTicksAndRejections (node:internal/process/task_queues:85:11)
2026-08-15 15:16:10 error: Error: Viewer transport not found
    at consume (/home/harshit/CrowdStream/backend/src/handlers/viewer.handler.ts:192:13)
    at consumePlainTransportMedia (/home/harshit/CrowdStream/backend/src/recording/recording.ts:33:42)
    at Socket.<anonymous> (/home/harshit/CrowdStream/backend/src/utils/socket.util.ts:163:78)
    at Socket.emit (node:events:509:20)
    at Socket.emitUntyped (/home/harshit/CrowdStream/backend/node_modules/socket.io/dist/typed-events.js:69:22)
    at /home/harshit/CrowdStream/backend/node_modules/socket.io/dist/socket.js:697:39
    at processTicksAndRejections (node:internal/process/task_queues:85:11)
2026-08-15 15:19:01 error: ObjectParameterError: Parameter "filter" to updateOne() must be an object, got "6a80314bbf43a568592e69db" (type string)
    at _update (/home/harshit/CrowdStream/backend/node_modules/mongoose/lib/query.js:4405:17)
    at model.Query.Query.updateOne (/home/harshit/CrowdStream/backend/node_modules/mongoose/lib/query.js:4308:10)
    at _update (/home/harshit/CrowdStream/backend/node_modules/mongoose/lib/model.js:4173:16)
    at model.updateOne (/home/harshit/CrowdStream/backend/node_modules/mongoose/lib/model.js:4104:10)
    at Socket.<anonymous> (/home/harshit/CrowdStream/backend/src/handlers/registerViewer.handler.ts:234:19)
    at processTicksAndRejections (node:internal/process/task_queues:104:5)
2026-08-15 15:19:03 error: Error: ENOENT: no such file or directory, open '../recording/recording.sdp'
    at Object.writeFileSync (node:fs:2406:20)
    at generateRecordingSdp (/home/harshit/CrowdStream/backend/src/recording/sdp.ts:83:8)
    at consumePlainTransportMedia (/home/harshit/CrowdStream/backend/src/recording/recording.ts:36:29)
    at processTicksAndRejections (node:internal/process/task_queues:104:5)
    at async Socket.<anonymous> (/home/harshit/CrowdStream/backend/src/utils/socket.util.ts:166:46)
2026-08-15 15:19:03 error: Error: ENOENT: no such file or directory, open '../recording/recording.sdp'
    at Object.writeFileSync (node:fs:2406:20)
    at generateRecordingSdp (/home/harshit/CrowdStream/backend/src/recording/sdp.ts:83:8)
    at consumePlainTransportMedia (/home/harshit/CrowdStream/backend/src/recording/recording.ts:36:29)
    at processTicksAndRejections (node:internal/process/task_queues:104:5)
    at async Socket.<anonymous> (/home/harshit/CrowdStream/backend/src/utils/socket.util.ts:166:46)
2026-08-15 15:19:03 error: Error: ENOENT: no such file or directory, open '../recording/recording.sdp'
    at Object.writeFileSync (node:fs:2406:20)
    at generateRecordingSdp (/home/harshit/CrowdStream/backend/src/recording/sdp.ts:83:8)
    at consumePlainTransportMedia (/home/harshit/CrowdStream/backend/src/recording/recording.ts:36:29)
    at processTicksAndRejections (node:internal/process/task_queues:104:5)
    at async Socket.<anonymous> (/home/harshit/CrowdStream/backend/src/utils/socket.util.ts:166:46)
2026-08-15 15:21:47 error: ObjectParameterError: Parameter "filter" to updateOne() must be an object, got "6a80314bbf43a568592e69db" (type string)
    at _update (/home/harshit/CrowdStream/backend/node_modules/mongoose/lib/query.js:4405:17)
    at model.Query.Query.updateOne (/home/harshit/CrowdStream/backend/node_modules/mongoose/lib/query.js:4308:10)
    at _update (/home/harshit/CrowdStream/backend/node_modules/mongoose/lib/model.js:4173:16)
    at model.updateOne (/home/harshit/CrowdStream/backend/node_modules/mongoose/lib/model.js:4104:10)
    at Socket.<anonymous> (/home/harshit/CrowdStream/backend/src/handlers/registerViewer.handler.ts:234:19)
    at processTicksAndRejections (node:internal/process/task_queues:104:5)
2026-08-15 15:24:15 error: ObjectParameterError: Parameter "filter" to updateOne() must be an object, got "6a80314bbf43a568592e69db" (type string)
    at _update (/home/harshit/CrowdStream/backend/node_modules/mongoose/lib/query.js:4405:17)
    at model.Query.Query.updateOne (/home/harshit/CrowdStream/backend/node_modules/mongoose/lib/query.js:4308:10)
    at _update (/home/harshit/CrowdStream/backend/node_modules/mongoose/lib/model.js:4173:16)
    at model.updateOne (/home/harshit/CrowdStream/backend/node_modules/mongoose/lib/model.js:4104:10)
    at Socket.<anonymous> (/home/harshit/CrowdStream/backend/src/handlers/registerViewer.handler.ts:234:19)
    at processTicksAndRejections (node:internal/process/task_queues:104:5)
2026-08-15 15:31:55 error: ObjectParameterError: Parameter "filter" to updateOne() must be an object, got "6a80314bbf43a568592e69db" (type string)
    at _update (/home/harshit/CrowdStream/backend/node_modules/mongoose/lib/query.js:4405:17)
    at model.Query.Query.updateOne (/home/harshit/CrowdStream/backend/node_modules/mongoose/lib/query.js:4308:10)
    at _update (/home/harshit/CrowdStream/backend/node_modules/mongoose/lib/model.js:4173:16)
    at model.updateOne (/home/harshit/CrowdStream/backend/node_modules/mongoose/lib/model.js:4104:10)
    at Socket.<anonymous> (/home/harshit/CrowdStream/backend/src/handlers/registerViewer.handler.ts:234:19)
    at processTicksAndRejections (node:internal/process/task_queues:104:5)
2026-08-15 15:33:55 error: ObjectParameterError: Parameter "filter" to updateOne() must be an object, got "6a80314bbf43a568592e69db" (type string)
    at _update (/home/harshit/CrowdStream/backend/node_modules/mongoose/lib/query.js:4405:17)
    at model.Query.Query.updateOne (/home/harshit/CrowdStream/backend/node_modules/mongoose/lib/query.js:4308:10)
    at _update (/home/harshit/CrowdStream/backend/node_modules/mongoose/lib/model.js:4173:16)
    at model.updateOne (/home/harshit/CrowdStream/backend/node_modules/mongoose/lib/model.js:4104:10)
    at Socket.<anonymous> (/home/harshit/CrowdStream/backend/src/handlers/registerViewer.handler.ts:234:19)
    at processTicksAndRejections (node:internal/process/task_queues:104:5)
2026-08-15 15:35:49 error: ObjectParameterError: Parameter "filter" to updateOne() must be an object, got "6a80314bbf43a568592e69db" (type string)
    at _update (/home/harshit/CrowdStream/backend/node_modules/mongoose/lib/query.js:4405:17)
    at model.Query.Query.updateOne (/home/harshit/CrowdStream/backend/node_modules/mongoose/lib/query.js:4308:10)
    at _update (/home/harshit/CrowdStream/backend/node_modules/mongoose/lib/model.js:4173:16)
    at model.updateOne (/home/harshit/CrowdStream/backend/node_modules/mongoose/lib/model.js:4104:10)
    at Socket.<anonymous> (/home/harshit/CrowdStream/backend/src/handlers/registerViewer.handler.ts:234:19)
    at processTicksAndRejections (node:internal/process/task_queues:104:5)
2026-08-15 15:39:25 error: ObjectParameterError: Parameter "filter" to updateOne() must be an object, got "6a80314bbf43a568592e69db" (type string)
    at _update (/home/harshit/CrowdStream/backend/node_modules/mongoose/lib/query.js:4405:17)
    at model.Query.Query.updateOne (/home/harshit/CrowdStream/backend/node_modules/mongoose/lib/query.js:4308:10)
    at _update (/home/harshit/CrowdStream/backend/node_modules/mongoose/lib/model.js:4173:16)
    at model.updateOne (/home/harshit/CrowdStream/backend/node_modules/mongoose/lib/model.js:4104:10)
    at Socket.<anonymous> (/home/harshit/CrowdStream/backend/src/handlers/registerViewer.handler.ts:234:19)
    at processTicksAndRejections (node:internal/process/task_queues:104:5)
2026-08-15 15:40:07 error: ObjectParameterError: Parameter "filter" to updateOne() must be an object, got "6a80314bbf43a568592e69db" (type string)
    at _update (/home/harshit/CrowdStream/backend/node_modules/mongoose/lib/query.js:4405:17)
    at model.Query.Query.updateOne (/home/harshit/CrowdStream/backend/node_modules/mongoose/lib/query.js:4308:10)
    at _update (/home/harshit/CrowdStream/backend/node_modules/mongoose/lib/model.js:4173:16)
    at model.updateOne (/home/harshit/CrowdStream/backend/node_modules/mongoose/lib/model.js:4104:10)
    at Socket.<anonymous> (/home/harshit/CrowdStream/backend/src/handlers/registerViewer.handler.ts:234:19)
    at processTicksAndRejections (node:internal/process/task_queues:104:5)
2026-08-15 15:40:22 error: Room not found
2026-08-15 15:40:22 error: Error: Room not found
    at getRoom (/home/harshit/CrowdStream/backend/src/rooms/room.store.ts:101:13)
    at Socket.<anonymous> (/home/harshit/CrowdStream/backend/src/handlers/registerViewer.handler.ts:42:29)
    at processTicksAndRejections (node:internal/process/task_queues:104:5)
2026-08-15 15:40:22 error: Error: Room not found
    at getRoom (/home/harshit/CrowdStream/backend/src/rooms/room.store.ts:113:11)
    at Socket.<anonymous> (/home/harshit/CrowdStream/backend/src/handlers/registerViewer.handler.ts:42:29)
    at processTicksAndRejections (node:internal/process/task_queues:104:5)
2026-08-15 15:40:24 error: Room not found
2026-08-15 15:40:24 error: Error: Room not found
    at getRoom (/home/harshit/CrowdStream/backend/src/rooms/room.store.ts:101:13)
    at Socket.<anonymous> (/home/harshit/CrowdStream/backend/src/handlers/registerViewer.handler.ts:42:29)
    at processTicksAndRejections (node:internal/process/task_queues:104:5)
2026-08-15 15:40:24 error: Error: Room not found
    at getRoom (/home/harshit/CrowdStream/backend/src/rooms/room.store.ts:113:11)
    at Socket.<anonymous> (/home/harshit/CrowdStream/backend/src/handlers/registerViewer.handler.ts:42:29)
    at processTicksAndRejections (node:internal/process/task_queues:104:5)
2026-08-15 15:40:32 error: Room not found
2026-08-15 15:40:32 error: Error: Room not found
    at getRoom (/home/harshit/CrowdStream/backend/src/rooms/room.store.ts:101:13)
    at Socket.<anonymous> (/home/harshit/CrowdStream/backend/src/handlers/registerViewer.handler.ts:42:29)
    at processTicksAndRejections (node:internal/process/task_queues:104:5)
2026-08-15 15:40:32 error: Error: Room not found
    at getRoom (/home/harshit/CrowdStream/backend/src/rooms/room.store.ts:113:11)
    at Socket.<anonymous> (/home/harshit/CrowdStream/backend/src/handlers/registerViewer.handler.ts:42:29)
    at processTicksAndRejections (node:internal/process/task_queues:104:5)
2026-08-15 15:40:32 error: Room not found
2026-08-15 15:40:32 error: Error: Room not found
    at getRoom (/home/harshit/CrowdStream/backend/src/rooms/room.store.ts:101:13)
    at Socket.<anonymous> (/home/harshit/CrowdStream/backend/src/handlers/registerViewer.handler.ts:42:29)
    at processTicksAndRejections (node:internal/process/task_queues:104:5)
2026-08-15 15:40:32 error: Error: Room not found
    at getRoom (/home/harshit/CrowdStream/backend/src/rooms/room.store.ts:113:11)
    at Socket.<anonymous> (/home/harshit/CrowdStream/backend/src/handlers/registerViewer.handler.ts:42:29)
    at processTicksAndRejections (node:internal/process/task_queues:104:5)
2026-08-15 15:40:33 error: Room not found
2026-08-15 15:40:33 error: Error: Room not found
    at getRoom (/home/harshit/CrowdStream/backend/src/rooms/room.store.ts:101:13)
    at Socket.<anonymous> (/home/harshit/CrowdStream/backend/src/handlers/registerViewer.handler.ts:42:29)
    at processTicksAndRejections (node:internal/process/task_queues:104:5)
2026-08-15 15:40:33 error: Error: Room not found
    at getRoom (/home/harshit/CrowdStream/backend/src/rooms/room.store.ts:113:11)
    at Socket.<anonymous> (/home/harshit/CrowdStream/backend/src/handlers/registerViewer.handler.ts:42:29)
    at processTicksAndRejections (node:internal/process/task_queues:104:5)
2026-08-15 15:40:39 error: ObjectParameterError: Parameter "filter" to updateOne() must be an object, got "6a80314bbf43a568592e69db" (type string)
    at _update (/home/harshit/CrowdStream/backend/node_modules/mongoose/lib/query.js:4405:17)
    at model.Query.Query.updateOne (/home/harshit/CrowdStream/backend/node_modules/mongoose/lib/query.js:4308:10)
    at _update (/home/harshit/CrowdStream/backend/node_modules/mongoose/lib/model.js:4173:16)
    at model.updateOne (/home/harshit/CrowdStream/backend/node_modules/mongoose/lib/model.js:4104:10)
    at Socket.<anonymous> (/home/harshit/CrowdStream/backend/src/handlers/registerViewer.handler.ts:234:19)
    at processTicksAndRejections (node:internal/process/task_queues:104:5)
2026-08-15 15:42:14 error: RoomId not found
2026-08-15 15:42:26 error: Room not found
2026-08-15 15:42:26 error: Error: Room not found
    at getRoom (/home/harshit/CrowdStream/backend/src/rooms/room.store.ts:101:13)
    at Socket.<anonymous> (/home/harshit/CrowdStream/backend/src/handlers/registerViewer.handler.ts:42:29)
    at processTicksAndRejections (node:internal/process/task_queues:104:5)
2026-08-15 15:42:26 error: Error: Room not found
    at getRoom (/home/harshit/CrowdStream/backend/src/rooms/room.store.ts:113:11)
    at Socket.<anonymous> (/home/harshit/CrowdStream/backend/src/handlers/registerViewer.handler.ts:42:29)
    at processTicksAndRejections (node:internal/process/task_queues:104:5)
2026-08-15 15:42:33 error: ObjectParameterError: Parameter "filter" to updateOne() must be an object, got "6a80314bbf43a568592e69db" (type string)
    at _update (/home/harshit/CrowdStream/backend/node_modules/mongoose/lib/query.js:4405:17)
    at model.Query.Query.updateOne (/home/harshit/CrowdStream/backend/node_modules/mongoose/lib/query.js:4308:10)
    at _update (/home/harshit/CrowdStream/backend/node_modules/mongoose/lib/model.js:4173:16)
    at model.updateOne (/home/harshit/CrowdStream/backend/node_modules/mongoose/lib/model.js:4104:10)
    at Socket.<anonymous> (/home/harshit/CrowdStream/backend/src/handlers/registerViewer.handler.ts:234:19)
    at processTicksAndRejections (node:internal/process/task_queues:104:5)
2026-08-15 16:39:28 error: ObjectParameterError: Parameter "filter" to updateOne() must be an object, got "6a80314bbf43a568592e69db" (type string)
    at _update (/home/harshit/CrowdStream/backend/node_modules/mongoose/lib/query.js:4405:17)
    at model.Query.Query.updateOne (/home/harshit/CrowdStream/backend/node_modules/mongoose/lib/query.js:4308:10)
    at _update (/home/harshit/CrowdStream/backend/node_modules/mongoose/lib/model.js:4173:16)
    at model.updateOne (/home/harshit/CrowdStream/backend/node_modules/mongoose/lib/model.js:4104:10)
    at Socket.<anonymous> (/home/harshit/CrowdStream/backend/src/handlers/registerViewer.handler.ts:234:19)
    at processTicksAndRejections (node:internal/process/task_queues:104:5)
2026-08-15 16:39:46 error: TypeError: Cannot read properties of undefined (reading 'audioPort')
    at Socket.<anonymous> (/home/harshit/CrowdStream/backend/src/utils/socket.util.ts:229:39)
    at processTicksAndRejections (node:internal/process/task_queues:104:5)
2026-08-15 16:44:14 error: ObjectParameterError: Parameter "filter" to updateOne() must be an object, got "6a80314bbf43a568592e69db" (type string)
    at _update (/home/harshit/CrowdStream/backend/node_modules/mongoose/lib/query.js:4405:17)
    at model.Query.Query.updateOne (/home/harshit/CrowdStream/backend/node_modules/mongoose/lib/query.js:4308:10)
    at _update (/home/harshit/CrowdStream/backend/node_modules/mongoose/lib/model.js:4173:16)
    at model.updateOne (/home/harshit/CrowdStream/backend/node_modules/mongoose/lib/model.js:4104:10)
    at Socket.<anonymous> (/home/harshit/CrowdStream/backend/src/handlers/registerViewer.handler.ts:234:19)
    at processTicksAndRejections (node:internal/process/task_queues:104:5)
2026-08-15 16:55:28 error: ObjectParameterError: Parameter "filter" to updateOne() must be an object, got "6a80314bbf43a568592e69db" (type string)
    at _update (/home/harshit/CrowdStream/backend/node_modules/mongoose/lib/query.js:4405:17)
    at model.Query.Query.updateOne (/home/harshit/CrowdStream/backend/node_modules/mongoose/lib/query.js:4308:10)
    at _update (/home/harshit/CrowdStream/backend/node_modules/mongoose/lib/model.js:4173:16)
    at model.updateOne (/home/harshit/CrowdStream/backend/node_modules/mongoose/lib/model.js:4104:10)
    at Socket.<anonymous> (/home/harshit/CrowdStream/backend/src/handlers/registerViewer.handler.ts:234:19)
    at processTicksAndRejections (node:internal/process/task_queues:104:5)
2026-08-15 16:56:08 error: Room not found
2026-08-15 17:01:44 error: ObjectParameterError: Parameter "filter" to updateOne() must be an object, got "6a80314bbf43a568592e69db" (type string)
    at _update (/home/harshit/CrowdStream/backend/node_modules/mongoose/lib/query.js:4405:17)
    at model.Query.Query.updateOne (/home/harshit/CrowdStream/backend/node_modules/mongoose/lib/query.js:4308:10)
    at _update (/home/harshit/CrowdStream/backend/node_modules/mongoose/lib/model.js:4173:16)
    at model.updateOne (/home/harshit/CrowdStream/backend/node_modules/mongoose/lib/model.js:4104:10)
    at Socket.<anonymous> (/home/harshit/CrowdStream/backend/src/handlers/registerViewer.handler.ts:234:19)
    at processTicksAndRejections (node:internal/process/task_queues:104:5)
2026-08-15 17:07:03 error: ObjectParameterError: Parameter "filter" to updateOne() must be an object, got "6a80314bbf43a568592e69db" (type string)
    at _update (/home/harshit/CrowdStream/backend/node_modules/mongoose/lib/query.js:4405:17)
    at model.Query.Query.updateOne (/home/harshit/CrowdStream/backend/node_modules/mongoose/lib/query.js:4308:10)
    at _update (/home/harshit/CrowdStream/backend/node_modules/mongoose/lib/model.js:4173:16)
    at model.updateOne (/home/harshit/CrowdStream/backend/node_modules/mongoose/lib/model.js:4104:10)
    at Socket.<anonymous> (/home/harshit/CrowdStream/backend/src/handlers/registerViewer.handler.ts:234:19)
    at processTicksAndRejections (node:internal/process/task_queues:104:5)
2026-08-15 17:09:47 error: ObjectParameterError: Parameter "filter" to updateOne() must be an object, got "6a80314bbf43a568592e69db" (type string)
    at _update (/home/harshit/CrowdStream/backend/node_modules/mongoose/lib/query.js:4405:17)
    at model.Query.Query.updateOne (/home/harshit/CrowdStream/backend/node_modules/mongoose/lib/query.js:4308:10)
    at _update (/home/harshit/CrowdStream/backend/node_modules/mongoose/lib/model.js:4173:16)
    at model.updateOne (/home/harshit/CrowdStream/backend/node_modules/mongoose/lib/model.js:4104:10)
    at Socket.<anonymous> (/home/harshit/CrowdStream/backend/src/handlers/registerViewer.handler.ts:234:19)
    at processTicksAndRejections (node:internal/process/task_queues:104:5)
2026-08-15 17:12:46 error: ObjectParameterError: Parameter "filter" to updateOne() must be an object, got "6a80314bbf43a568592e69db" (type string)
    at _update (/home/harshit/CrowdStream/backend/node_modules/mongoose/lib/query.js:4405:17)
    at model.Query.Query.updateOne (/home/harshit/CrowdStream/backend/node_modules/mongoose/lib/query.js:4308:10)
    at _update (/home/harshit/CrowdStream/backend/node_modules/mongoose/lib/model.js:4173:16)
    at model.updateOne (/home/harshit/CrowdStream/backend/node_modules/mongoose/lib/model.js:4104:10)
    at Socket.<anonymous> (/home/harshit/CrowdStream/backend/src/handlers/registerViewer.handler.ts:234:19)
    at processTicksAndRejections (node:internal/process/task_queues:104:5)
2026-08-15 17:15:16 error: ObjectParameterError: Parameter "filter" to updateOne() must be an object, got "6a80314bbf43a568592e69db" (type string)
    at _update (/home/harshit/CrowdStream/backend/node_modules/mongoose/lib/query.js:4405:17)
    at model.Query.Query.updateOne (/home/harshit/CrowdStream/backend/node_modules/mongoose/lib/query.js:4308:10)
    at _update (/home/harshit/CrowdStream/backend/node_modules/mongoose/lib/model.js:4173:16)
    at model.updateOne (/home/harshit/CrowdStream/backend/node_modules/mongoose/lib/model.js:4104:10)
    at Socket.<anonymous> (/home/harshit/CrowdStream/backend/src/handlers/registerViewer.handler.ts:234:19)
    at processTicksAndRejections (node:internal/process/task_queues:104:5)
2026-08-15 17:24:11 error: ObjectParameterError: Parameter "filter" to updateOne() must be an object, got "6a80314bbf43a568592e69db" (type string)
    at _update (/home/harshit/CrowdStream/backend/node_modules/mongoose/lib/query.js:4405:17)
    at model.Query.Query.updateOne (/home/harshit/CrowdStream/backend/node_modules/mongoose/lib/query.js:4308:10)
    at _update (/home/harshit/CrowdStream/backend/node_modules/mongoose/lib/model.js:4173:16)
    at model.updateOne (/home/harshit/CrowdStream/backend/node_modules/mongoose/lib/model.js:4104:10)
    at Socket.<anonymous> (/home/harshit/CrowdStream/backend/src/handlers/registerViewer.handler.ts:234:19)
    at processTicksAndRejections (node:internal/process/task_queues:104:5)
2026-08-17 21:36:45 error: RoomId not found
2026-08-17 21:37:44 error: MongoServerSelectionError: Server selection timed out after 30000 ms
    at Topology.selectServer (/home/harshit/CrowdStream/backend/node_modules/mongodb/src/sdam/topology.ts:635:30)
    at async Topology._connect (/home/harshit/CrowdStream/backend/node_modules/mongodb/src/sdam/topology.ts:467:22)
    at async Topology.connect (/home/harshit/CrowdStream/backend/node_modules/mongodb/src/sdam/topology.ts:404:7)
    at async topologyConnect (/home/harshit/CrowdStream/backend/node_modules/mongodb/src/mongo_client.ts:695:9)
    at async MongoClient._connect (/home/harshit/CrowdStream/backend/node_modules/mongodb/src/mongo_client.ts:707:7)
    at async MongoClient.connect (/home/harshit/CrowdStream/backend/node_modules/mongodb/src/mongo_client.ts:619:7)
    at async NativeConnection.createClient (/home/harshit/CrowdStream/backend/node_modules/mongoose/lib/drivers/node-mongodb-native/connection.js:351:3)
    at async NativeConnection.openUri (/home/harshit/CrowdStream/backend/node_modules/mongoose/lib/connection.js:1098:5)
    at async connectToDataBase (/home/harshit/CrowdStream/backend/src/database/index.ts:37:28)
2026-08-17 21:38:32 error: MongoServerSelectionError: Server selection timed out after 30000 ms
    at Topology.selectServer (/home/harshit/CrowdStream/backend/node_modules/mongodb/src/sdam/topology.ts:635:30)
    at async Topology._connect (/home/harshit/CrowdStream/backend/node_modules/mongodb/src/sdam/topology.ts:467:22)
    at async Topology.connect (/home/harshit/CrowdStream/backend/node_modules/mongodb/src/sdam/topology.ts:404:7)
    at async topologyConnect (/home/harshit/CrowdStream/backend/node_modules/mongodb/src/mongo_client.ts:695:9)
    at async MongoClient._connect (/home/harshit/CrowdStream/backend/node_modules/mongodb/src/mongo_client.ts:707:7)
    at async MongoClient.connect (/home/harshit/CrowdStream/backend/node_modules/mongodb/src/mongo_client.ts:619:7)
    at async NativeConnection.createClient (/home/harshit/CrowdStream/backend/node_modules/mongoose/lib/drivers/node-mongodb-native/connection.js:351:3)
    at async NativeConnection.openUri (/home/harshit/CrowdStream/backend/node_modules/mongoose/lib/connection.js:1098:5)
    at async connectToDataBase (/home/harshit/CrowdStream/backend/src/database/index.ts:37:28)
2026-08-17 21:39:40 error: RoomId not found
2026-08-17 21:40:39 error: RoomId not found
2026-08-17 21:46:53 error: RoomId not found
2026-08-17 21:48:25 error: MongoServerSelectionError: Server selection timed out after 30000 ms
    at Topology.selectServer (/home/harshit/CrowdStream/backend/node_modules/mongodb/src/sdam/topology.ts:635:30)
    at async Topology._connect (/home/harshit/CrowdStream/backend/node_modules/mongodb/src/sdam/topology.ts:467:22)
    at async Topology.connect (/home/harshit/CrowdStream/backend/node_modules/mongodb/src/sdam/topology.ts:404:7)
    at async topologyConnect (/home/harshit/CrowdStream/backend/node_modules/mongodb/src/mongo_client.ts:695:9)
    at async MongoClient._connect (/home/harshit/CrowdStream/backend/node_modules/mongodb/src/mongo_client.ts:707:7)
    at async MongoClient.connect (/home/harshit/CrowdStream/backend/node_modules/mongodb/src/mongo_client.ts:619:7)
    at async NativeConnection.createClient (/home/harshit/CrowdStream/backend/node_modules/mongoose/lib/drivers/node-mongodb-native/connection.js:351:3)
    at async NativeConnection.openUri (/home/harshit/CrowdStream/backend/node_modules/mongoose/lib/connection.js:1098:5)
    at async connectToDataBase (/home/harshit/CrowdStream/backend/src/database/index.ts:37:28)
2026-08-17 21:48:59 error: MongoNetworkTimeoutError: Socket 'secureConnect' timed out after 32150ms (connectTimeoutMS: 30000)
    at TLSSocket.<anonymous> (/home/harshit/CrowdStream/backend/node_modules/mongodb/src/cmap/connect.ts:399:11)
    at Object.onceWrapper (node:events:630:28)
    at TLSSocket.emit (node:events:509:20)
    at TLSSocket.Socket._onTimeout (node:net:610:8)
    at listOnTimeout (node:internal/timers:605:17)
    at processTimers (node:internal/timers:541:7)
2026-08-17 21:49:59 error: RoomId not found
2026-08-17 21:51:05 error: RoomId not found
2026-08-17 21:51:19 error: RoomId not found
2026-08-17 21:51:39 error: ObjectParameterError: Parameter "filter" to updateOne() must be an object, got "6a48c735512699d8407ab848" (type string)
    at _update (/home/harshit/CrowdStream/backend/node_modules/mongoose/lib/query.js:4405:17)
    at model.Query.Query.updateOne (/home/harshit/CrowdStream/backend/node_modules/mongoose/lib/query.js:4308:10)
    at _update (/home/harshit/CrowdStream/backend/node_modules/mongoose/lib/model.js:4173:16)
    at model.updateOne (/home/harshit/CrowdStream/backend/node_modules/mongoose/lib/model.js:4104:10)
    at Socket.<anonymous> (/home/harshit/CrowdStream/backend/src/handlers/registerViewer.handler.ts:234:19)
    at processTicksAndRejections (node:internal/process/task_queues:104:5)
2026-08-17 21:55:59 error: MongoServerSelectionError: Server selection timed out after 30000 ms
    at Topology.selectServer (/home/harshit/CrowdStream/backend/node_modules/mongodb/src/sdam/topology.ts:635:30)
    at async Topology._connect (/home/harshit/CrowdStream/backend/node_modules/mongodb/src/sdam/topology.ts:467:22)
    at async Topology.connect (/home/harshit/CrowdStream/backend/node_modules/mongodb/src/sdam/topology.ts:404:7)
    at async topologyConnect (/home/harshit/CrowdStream/backend/node_modules/mongodb/src/mongo_client.ts:695:9)
    at async MongoClient._connect (/home/harshit/CrowdStream/backend/node_modules/mongodb/src/mongo_client.ts:707:7)
    at async MongoClient.connect (/home/harshit/CrowdStream/backend/node_modules/mongodb/src/mongo_client.ts:619:7)
    at async NativeConnection.createClient (/home/harshit/CrowdStream/backend/node_modules/mongoose/lib/drivers/node-mongodb-native/connection.js:351:3)
    at async NativeConnection.openUri (/home/harshit/CrowdStream/backend/node_modules/mongoose/lib/connection.js:1098:5)
    at async connectToDataBase (/home/harshit/CrowdStream/backend/src/database/index.ts:37:28)
2026-08-17 21:56:37 error: MongoNetworkTimeoutError: Socket 'secureConnect' timed out after 30083ms (connectTimeoutMS: 30000)
    at TLSSocket.<anonymous> (/home/harshit/CrowdStream/backend/node_modules/mongodb/src/cmap/connect.ts:399:11)
    at Object.onceWrapper (node:events:630:28)
    at TLSSocket.emit (node:events:509:20)
    at TLSSocket.Socket._onTimeout (node:net:610:8)
    at listOnTimeout (node:internal/timers:605:17)
    at processTimers (node:internal/timers:541:7)
2026-08-17 21:57:10 error: MongoNetworkTimeoutError: Socket 'secureConnect' timed out after 30363ms (connectTimeoutMS: 30000)
    at TLSSocket.<anonymous> (/home/harshit/CrowdStream/backend/node_modules/mongodb/src/cmap/connect.ts:399:11)
    at Object.onceWrapper (node:events:630:28)
    at TLSSocket.emit (node:events:509:20)
    at TLSSocket.Socket._onTimeout (node:net:610:8)
    at listOnTimeout (node:internal/timers:605:17)
    at processTimers (node:internal/timers:541:7)
2026-08-17 21:57:46 error: MongoNetworkTimeoutError: Socket 'secureConnect' timed out after 32190ms (connectTimeoutMS: 30000)
    at TLSSocket.<anonymous> (/home/harshit/CrowdStream/backend/node_modules/mongodb/src/cmap/connect.ts:399:11)
    at Object.onceWrapper (node:events:630:28)
    at TLSSocket.emit (node:events:509:20)
    at TLSSocket.Socket._onTimeout (node:net:610:8)
    at listOnTimeout (node:internal/timers:605:17)
    at processTimers (node:internal/timers:541:7)
2026-08-17 22:02:25 error: MongoNetworkTimeoutError: Socket 'secureConnect' timed out after 31608ms (connectTimeoutMS: 30000)
    at TLSSocket.<anonymous> (/home/harshit/CrowdStream/backend/node_modules/mongodb/src/cmap/connect.ts:399:11)
    at Object.onceWrapper (node:events:630:28)
    at TLSSocket.emit (node:events:509:20)
    at TLSSocket.Socket._onTimeout (node:net:610:8)
    at listOnTimeout (node:internal/timers:605:17)
    at processTimers (node:internal/timers:541:7)
2026-08-17 22:02:56 error: MongoServerSelectionError: Server selection timed out after 30000 ms
    at Topology.selectServer (/home/harshit/CrowdStream/backend/node_modules/mongodb/src/sdam/topology.ts:635:30)
    at async Topology._connect (/home/harshit/CrowdStream/backend/node_modules/mongodb/src/sdam/topology.ts:467:22)
    at async Topology.connect (/home/harshit/CrowdStream/backend/node_modules/mongodb/src/sdam/topology.ts:404:7)
    at async topologyConnect (/home/harshit/CrowdStream/backend/node_modules/mongodb/src/mongo_client.ts:695:9)
    at async MongoClient._connect (/home/harshit/CrowdStream/backend/node_modules/mongodb/src/mongo_client.ts:707:7)
    at async MongoClient.connect (/home/harshit/CrowdStream/backend/node_modules/mongodb/src/mongo_client.ts:619:7)
    at async NativeConnection.createClient (/home/harshit/CrowdStream/backend/node_modules/mongoose/lib/drivers/node-mongodb-native/connection.js:351:3)
    at async NativeConnection.openUri (/home/harshit/CrowdStream/backend/node_modules/mongoose/lib/connection.js:1098:5)
    at async connectToDataBase (/home/harshit/CrowdStream/backend/src/database/index.ts:37:28)
2026-08-17 22:03:33 error: MongoNetworkTimeoutError: Socket 'secureConnect' timed out after 32100ms (connectTimeoutMS: 30000)
    at TLSSocket.<anonymous> (/home/harshit/CrowdStream/backend/node_modules/mongodb/src/cmap/connect.ts:399:11)
    at Object.onceWrapper (node:events:630:28)
    at TLSSocket.emit (node:events:509:20)
    at TLSSocket.Socket._onTimeout (node:net:610:8)
    at listOnTimeout (node:internal/timers:605:17)
    at processTimers (node:internal/timers:541:7)
2026-08-17 22:04:28 error: MongoServerSelectionError: Server selection timed out after 30000 ms
    at Topology.selectServer (/home/harshit/CrowdStream/backend/node_modules/mongodb/src/sdam/topology.ts:635:30)
    at async Topology._connect (/home/harshit/CrowdStream/backend/node_modules/mongodb/src/sdam/topology.ts:467:22)
    at async Topology.connect (/home/harshit/CrowdStream/backend/node_modules/mongodb/src/sdam/topology.ts:404:7)
    at async topologyConnect (/home/harshit/CrowdStream/backend/node_modules/mongodb/src/mongo_client.ts:695:9)
    at async MongoClient._connect (/home/harshit/CrowdStream/backend/node_modules/mongodb/src/mongo_client.ts:707:7)
    at async MongoClient.connect (/home/harshit/CrowdStream/backend/node_modules/mongodb/src/mongo_client.ts:619:7)
    at async NativeConnection.createClient (/home/harshit/CrowdStream/backend/node_modules/mongoose/lib/drivers/node-mongodb-native/connection.js:351:3)
    at async NativeConnection.openUri (/home/harshit/CrowdStream/backend/node_modules/mongoose/lib/connection.js:1098:5)
    at async connectToDataBase (/home/harshit/CrowdStream/backend/src/database/index.ts:37:28)
2026-08-17 22:05:06 error: MongoServerSelectionError: Server selection timed out after 30000 ms
    at Topology.selectServer (/home/harshit/CrowdStream/backend/node_modules/mongodb/src/sdam/topology.ts:635:30)
    at async Topology._connect (/home/harshit/CrowdStream/backend/node_modules/mongodb/src/sdam/topology.ts:467:22)
    at async Topology.connect (/home/harshit/CrowdStream/backend/node_modules/mongodb/src/sdam/topology.ts:404:7)
    at async topologyConnect (/home/harshit/CrowdStream/backend/node_modules/mongodb/src/mongo_client.ts:695:9)
    at async MongoClient._connect (/home/harshit/CrowdStream/backend/node_modules/mongodb/src/mongo_client.ts:707:7)
    at async MongoClient.connect (/home/harshit/CrowdStream/backend/node_modules/mongodb/src/mongo_client.ts:619:7)
    at async NativeConnection.createClient (/home/harshit/CrowdStream/backend/node_modules/mongoose/lib/drivers/node-mongodb-native/connection.js:351:3)
    at async NativeConnection.openUri (/home/harshit/CrowdStream/backend/node_modules/mongoose/lib/connection.js:1098:5)
    at async connectToDataBase (/home/harshit/CrowdStream/backend/src/database/index.ts:37:28)
2026-08-17 22:09:55 error: ObjectParameterError: Parameter "filter" to updateOne() must be an object, got "6a48c735512699d8407ab848" (type string)
    at _update (/home/harshit/CrowdStream/backend/node_modules/mongoose/lib/query.js:4405:17)
    at model.Query.Query.updateOne (/home/harshit/CrowdStream/backend/node_modules/mongoose/lib/query.js:4308:10)
    at _update (/home/harshit/CrowdStream/backend/node_modules/mongoose/lib/model.js:4173:16)
    at model.updateOne (/home/harshit/CrowdStream/backend/node_modules/mongoose/lib/model.js:4104:10)
    at Socket.<anonymous> (/home/harshit/CrowdStream/backend/src/handlers/registerViewer.handler.ts:234:19)
    at processTicksAndRejections (node:internal/process/task_queues:104:5)
2026-08-17 22:10:23 error: RoomId not found
2026-08-17 22:14:45 error: RoomId not found
2026-08-17 22:15:14 error: RoomId not found
2026-08-17 22:15:15 error: RoomId not found
2026-08-17 22:15:29 error: ObjectParameterError: Parameter "filter" to updateOne() must be an object, got "6a48c735512699d8407ab848" (type string)
    at _update (/home/harshit/CrowdStream/backend/node_modules/mongoose/lib/query.js:4405:17)
    at model.Query.Query.updateOne (/home/harshit/CrowdStream/backend/node_modules/mongoose/lib/query.js:4308:10)
    at _update (/home/harshit/CrowdStream/backend/node_modules/mongoose/lib/model.js:4173:16)
    at model.updateOne (/home/harshit/CrowdStream/backend/node_modules/mongoose/lib/model.js:4104:10)
    at Socket.<anonymous> (/home/harshit/CrowdStream/backend/src/handlers/registerViewer.handler.ts:234:19)
    at processTicksAndRejections (node:internal/process/task_queues:104:5)
2026-08-17 22:15:40 error: Room not found
2026-08-17 22:15:40 error: Error: Room not found
    at getRoom (/home/harshit/CrowdStream/backend/src/rooms/room.store.ts:101:13)
    at Socket.<anonymous> (/home/harshit/CrowdStream/backend/src/utils/socket.util.ts:207:27)
    at Socket.emit (node:events:509:20)
    at Socket.emitUntyped (/home/harshit/CrowdStream/backend/node_modules/socket.io/dist/typed-events.js:69:22)
    at /home/harshit/CrowdStream/backend/node_modules/socket.io/dist/socket.js:697:39
    at processTicksAndRejections (node:internal/process/task_queues:85:11)
2026-08-17 22:15:40 error: Error: Room not found
    at getRoom (/home/harshit/CrowdStream/backend/src/rooms/room.store.ts:113:11)
    at Socket.<anonymous> (/home/harshit/CrowdStream/backend/src/utils/socket.util.ts:207:27)
    at Socket.emit (node:events:509:20)
    at Socket.emitUntyped (/home/harshit/CrowdStream/backend/node_modules/socket.io/dist/typed-events.js:69:22)
    at /home/harshit/CrowdStream/backend/node_modules/socket.io/dist/socket.js:697:39
    at processTicksAndRejections (node:internal/process/task_queues:85:11)
2026-08-17 22:15:49 error: Room not found
2026-08-17 22:46:29 error: ObjectParameterError: Parameter "filter" to updateOne() must be an object, got "6a80314bbf43a568592e69db" (type string)
    at _update (/home/harshit/CrowdStream/backend/node_modules/mongoose/lib/query.js:4405:17)
    at model.Query.Query.updateOne (/home/harshit/CrowdStream/backend/node_modules/mongoose/lib/query.js:4308:10)
    at _update (/home/harshit/CrowdStream/backend/node_modules/mongoose/lib/model.js:4173:16)
    at model.updateOne (/home/harshit/CrowdStream/backend/node_modules/mongoose/lib/model.js:4104:10)
    at Socket.<anonymous> (/home/harshit/CrowdStream/backend/src/handlers/registerViewer.handler.ts:234:19)
    at processTicksAndRejections (node:internal/process/task_queues:104:5)
2026-08-17 22:47:29 error: Room not found
2026-08-17 22:48:30 error: Room not found
2026-08-17 22:54:35 error: ObjectParameterError: Parameter "filter" to updateOne() must be an object, got "6a48c735512699d8407ab848" (type string)
    at _update (/home/harshit/CrowdStream/backend/node_modules/mongoose/lib/query.js:4405:17)
    at model.Query.Query.updateOne (/home/harshit/CrowdStream/backend/node_modules/mongoose/lib/query.js:4308:10)
    at _update (/home/harshit/CrowdStream/backend/node_modules/mongoose/lib/model.js:4173:16)
    at model.updateOne (/home/harshit/CrowdStream/backend/node_modules/mongoose/lib/model.js:4104:10)
    at Socket.<anonymous> (/home/harshit/CrowdStream/backend/src/handlers/registerViewer.handler.ts:234:19)
    at processTicksAndRejections (node:internal/process/task_queues:104:5)
2026-08-17 22:57:28 error: Room not found
2026-08-17 22:57:49 error: Room not found
2026-08-17 22:58:22 error: ObjectParameterError: Parameter "filter" to updateOne() must be an object, got "6a80314bbf43a568592e69db" (type string)
    at _update (/home/harshit/CrowdStream/backend/node_modules/mongoose/lib/query.js:4405:17)
    at model.Query.Query.updateOne (/home/harshit/CrowdStream/backend/node_modules/mongoose/lib/query.js:4308:10)
    at _update (/home/harshit/CrowdStream/backend/node_modules/mongoose/lib/model.js:4173:16)
    at model.updateOne (/home/harshit/CrowdStream/backend/node_modules/mongoose/lib/model.js:4104:10)
    at Socket.<anonymous> (/home/harshit/CrowdStream/backend/src/handlers/registerViewer.handler.ts:234:19)
    at processTicksAndRejections (node:internal/process/task_queues:104:5)
2026-08-17 22:58:27 error: Validation error Invalid recording id
2026-08-17 22:58:40 error: ObjectParameterError: Parameter "filter" to updateOne() must be an object, got "6a80314bbf43a568592e69db" (type string)
    at _update (/home/harshit/CrowdStream/backend/node_modules/mongoose/lib/query.js:4405:17)
    at model.Query.Query.updateOne (/home/harshit/CrowdStream/backend/node_modules/mongoose/lib/query.js:4308:10)
    at _update (/home/harshit/CrowdStream/backend/node_modules/mongoose/lib/model.js:4173:16)
    at model.updateOne (/home/harshit/CrowdStream/backend/node_modules/mongoose/lib/model.js:4104:10)
    at Socket.<anonymous> (/home/harshit/CrowdStream/backend/src/handlers/registerViewer.handler.ts:234:19)
    at processTicksAndRejections (node:internal/process/task_queues:104:5)
2026-08-17 22:58:47 error: Validation error Invalid recording id
2026-08-17 22:59:56 error: RoomId not found
2026-08-17 22:59:57 error: Room not found
2026-08-17 23:00:16 error: Room not found
2026-08-17 23:00:56 error: ObjectParameterError: Parameter "filter" to updateOne() must be an object, got "6a80314bbf43a568592e69db" (type string)
    at _update (/home/harshit/CrowdStream/backend/node_modules/mongoose/lib/query.js:4405:17)
    at model.Query.Query.updateOne (/home/harshit/CrowdStream/backend/node_modules/mongoose/lib/query.js:4308:10)
    at _update (/home/harshit/CrowdStream/backend/node_modules/mongoose/lib/model.js:4173:16)
    at model.updateOne (/home/harshit/CrowdStream/backend/node_modules/mongoose/lib/model.js:4104:10)
    at Socket.<anonymous> (/home/harshit/CrowdStream/backend/src/handlers/registerViewer.handler.ts:234:19)
    at processTicksAndRejections (node:internal/process/task_queues:104:5)
2026-08-17 23:01:06 error: Validation error Invalid recording id
2026-08-17 23:04:26 error: Room not found
2026-08-17 23:04:41 error: Room not found
2026-08-17 23:05:19 error: ObjectParameterError: Parameter "filter" to updateOne() must be an object, got "6a80314bbf43a568592e69db" (type string)
    at _update (/home/harshit/CrowdStream/backend/node_modules/mongoose/lib/query.js:4405:17)
    at model.Query.Query.updateOne (/home/harshit/CrowdStream/backend/node_modules/mongoose/lib/query.js:4308:10)
    at _update (/home/harshit/CrowdStream/backend/node_modules/mongoose/lib/model.js:4173:16)
    at model.updateOne (/home/harshit/CrowdStream/backend/node_modules/mongoose/lib/model.js:4104:10)
    at Socket.<anonymous> (/home/harshit/CrowdStream/backend/src/handlers/registerViewer.handler.ts:234:19)
    at processTicksAndRejections (node:internal/process/task_queues:104:5)
2026-08-17 23:05:24 error: Recording not found error Invalid recording id
2026-08-17 23:06:41 error: Room not found
2026-08-17 23:07:03 error: RoomId not found
2026-08-17 23:07:20 error: ObjectParameterError: Parameter "filter" to updateOne() must be an object, got "6a48c735512699d8407ab848" (type string)
    at _update (/home/harshit/CrowdStream/backend/node_modules/mongoose/lib/query.js:4405:17)
    at model.Query.Query.updateOne (/home/harshit/CrowdStream/backend/node_modules/mongoose/lib/query.js:4308:10)
    at _update (/home/harshit/CrowdStream/backend/node_modules/mongoose/lib/model.js:4173:16)
    at model.updateOne (/home/harshit/CrowdStream/backend/node_modules/mongoose/lib/model.js:4104:10)
    at Socket.<anonymous> (/home/harshit/CrowdStream/backend/src/handlers/registerViewer.handler.ts:234:19)
    at processTicksAndRejections (node:internal/process/task_queues:104:5)
2026-08-17 23:07:48 error: Recording not found error Invalid recording id
2026-08-17 23:09:17 error: RoomId not found
2026-08-17 23:09:18 error: RoomId not found
2026-08-17 23:09:30 error: ObjectParameterError: Parameter "filter" to updateOne() must be an object, got "6a48c735512699d8407ab848" (type string)
    at _update (/home/harshit/CrowdStream/backend/node_modules/mongoose/lib/query.js:4405:17)
    at model.Query.Query.updateOne (/home/harshit/CrowdStream/backend/node_modules/mongoose/lib/query.js:4308:10)
    at _update (/home/harshit/CrowdStream/backend/node_modules/mongoose/lib/model.js:4173:16)
    at model.updateOne (/home/harshit/CrowdStream/backend/node_modules/mongoose/lib/model.js:4104:10)
    at Socket.<anonymous> (/home/harshit/CrowdStream/backend/src/handlers/registerViewer.handler.ts:234:19)
    at processTicksAndRejections (node:internal/process/task_queues:104:5)
2026-08-17 23:09:37 error: Recording not found error Invalid recording id
2026-08-17 23:11:45 error: RoomId not found
2026-08-17 23:11:46 error: RoomId not found
2026-08-17 23:11:59 error: ObjectParameterError: Parameter "filter" to updateOne() must be an object, got "6a48c735512699d8407ab848" (type string)
    at _update (/home/harshit/CrowdStream/backend/node_modules/mongoose/lib/query.js:4405:17)
    at model.Query.Query.updateOne (/home/harshit/CrowdStream/backend/node_modules/mongoose/lib/query.js:4308:10)
    at _update (/home/harshit/CrowdStream/backend/node_modules/mongoose/lib/model.js:4173:16)
    at model.updateOne (/home/harshit/CrowdStream/backend/node_modules/mongoose/lib/model.js:4104:10)
    at Socket.<anonymous> (/home/harshit/CrowdStream/backend/src/handlers/registerViewer.handler.ts:234:19)
    at processTicksAndRejections (node:internal/process/task_queues:104:5)
2026-08-18 21:50:38 error: MongoNetworkError: connection 1 to 159.41.206.112:27017 closed
    at Connection.onClose (/home/harshit/CrowdStream/backend/node_modules/mongodb/src/cmap/connection.ts:321:18)
    at TLSSocket.emit (node:events:521:24)
    at node:net:350:12
    at TCP.done (node:internal/tls/wrap:674:7)
2026-08-18 21:52:08 error: RoomId not found
2026-08-18 22:26:26 error: RoomId not found
2026-08-18 22:26:34 error: RoomId not found
2026-08-18 22:29:06 error: RoomId not found
2026-08-18 22:29:14 error: RoomId not found
2026-08-18 22:32:26 error: RoomId not found
2026-08-18 22:32:34 error: RoomId not found
2026-08-18 22:34:34 error: RoomId not found
2026-08-18 22:34:42 error: RoomId not found
2026-08-18 22:37:08 error: ObjectParameterError: Parameter "filter" to updateOne() must be an object, got "6a48c735512699d8407ab848" (type string)
    at _update (/home/harshit/CrowdStream/backend/node_modules/mongoose/lib/query.js:4405:17)
    at model.Query.Query.updateOne (/home/harshit/CrowdStream/backend/node_modules/mongoose/lib/query.js:4308:10)
    at _update (/home/harshit/CrowdStream/backend/node_modules/mongoose/lib/model.js:4173:16)
    at model.updateOne (/home/harshit/CrowdStream/backend/node_modules/mongoose/lib/model.js:4104:10)
    at Socket.<anonymous> (/home/harshit/CrowdStream/backend/src/handlers/registerViewer.handler.ts:234:19)
    at processTicksAndRejections (node:internal/process/task_queues:104:5)
2026-08-18 22:37:44 error: RoomId not found
2026-08-18 22:37:52 error: RoomId not found
2026-08-18 22:38:35 error: ObjectParameterError: Parameter "filter" to updateOne() must be an object, got "6a48c735512699d8407ab848" (type string)
    at _update (/home/harshit/CrowdStream/backend/node_modules/mongoose/lib/query.js:4405:17)
    at model.Query.Query.updateOne (/home/harshit/CrowdStream/backend/node_modules/mongoose/lib/query.js:4308:10)
    at _update (/home/harshit/CrowdStream/backend/node_modules/mongoose/lib/model.js:4173:16)
    at model.updateOne (/home/harshit/CrowdStream/backend/node_modules/mongoose/lib/model.js:4104:10)
    at Socket.<anonymous> (/home/harshit/CrowdStream/backend/src/handlers/registerViewer.handler.ts:234:19)
    at processTicksAndRejections (node:internal/process/task_queues:104:5)
2026-08-18 22:39:11 error: RoomId not found
2026-08-18 22:39:20 error: RoomId not found
2026-08-18 22:42:43 error: ObjectParameterError: Parameter "filter" to updateOne() must be an object, got "6a48c735512699d8407ab848" (type string)
    at _update (/home/harshit/CrowdStream/backend/node_modules/mongoose/lib/query.js:4405:17)
    at model.Query.Query.updateOne (/home/harshit/CrowdStream/backend/node_modules/mongoose/lib/query.js:4308:10)
    at _update (/home/harshit/CrowdStream/backend/node_modules/mongoose/lib/model.js:4173:16)
    at model.updateOne (/home/harshit/CrowdStream/backend/node_modules/mongoose/lib/model.js:4104:10)
    at Socket.<anonymous> (/home/harshit/CrowdStream/backend/src/handlers/registerViewer.handler.ts:234:19)
    at processTicksAndRejections (node:internal/process/task_queues:104:5)
2026-08-18 22:43:18 error: RoomId not found
2026-08-18 22:43:27 error: RoomId not found
2026-08-18 22:44:50 error: ObjectParameterError: Parameter "filter" to updateOne() must be an object, got "6a48c735512699d8407ab848" (type string)
    at _update (/home/harshit/CrowdStream/backend/node_modules/mongoose/lib/query.js:4405:17)
    at model.Query.Query.updateOne (/home/harshit/CrowdStream/backend/node_modules/mongoose/lib/query.js:4308:10)
    at _update (/home/harshit/CrowdStream/backend/node_modules/mongoose/lib/model.js:4173:16)
    at model.updateOne (/home/harshit/CrowdStream/backend/node_modules/mongoose/lib/model.js:4104:10)
    at Socket.<anonymous> (/home/harshit/CrowdStream/backend/src/handlers/registerViewer.handler.ts:234:19)
    at processTicksAndRejections (node:internal/process/task_queues:104:5)
2026-08-18 22:45:25 error: RoomId not found
2026-08-18 22:45:34 error: RoomId not found
2026-08-18 22:46:13 error: ObjectParameterError: Parameter "filter" to updateOne() must be an object, got "6a48c735512699d8407ab848" (type string)
    at _update (/home/harshit/CrowdStream/backend/node_modules/mongoose/lib/query.js:4405:17)
    at model.Query.Query.updateOne (/home/harshit/CrowdStream/backend/node_modules/mongoose/lib/query.js:4308:10)
    at _update (/home/harshit/CrowdStream/backend/node_modules/mongoose/lib/model.js:4173:16)
    at model.updateOne (/home/harshit/CrowdStream/backend/node_modules/mongoose/lib/model.js:4104:10)
    at Socket.<anonymous> (/home/harshit/CrowdStream/backend/src/handlers/registerViewer.handler.ts:234:19)
    at processTicksAndRejections (node:internal/process/task_queues:104:5)
2026-08-18 22:46:49 error: RoomId not found
2026-08-18 22:46:58 error: RoomId not found
2026-08-18 22:47:18 error: ObjectParameterError: Parameter "filter" to updateOne() must be an object, got "6a48c735512699d8407ab848" (type string)
    at _update (/home/harshit/CrowdStream/backend/node_modules/mongoose/lib/query.js:4405:17)
    at model.Query.Query.updateOne (/home/harshit/CrowdStream/backend/node_modules/mongoose/lib/query.js:4308:10)
    at _update (/home/harshit/CrowdStream/backend/node_modules/mongoose/lib/model.js:4173:16)
    at model.updateOne (/home/harshit/CrowdStream/backend/node_modules/mongoose/lib/model.js:4104:10)
    at Socket.<anonymous> (/home/harshit/CrowdStream/backend/src/handlers/registerViewer.handler.ts:234:19)
    at processTicksAndRejections (node:internal/process/task_queues:104:5)
2026-08-18 22:47:31 error: ObjectParameterError: Parameter "filter" to updateOne() must be an object, got "6a48c735512699d8407ab848" (type string)
    at _update (/home/harshit/CrowdStream/backend/node_modules/mongoose/lib/query.js:4405:17)
    at model.Query.Query.updateOne (/home/harshit/CrowdStream/backend/node_modules/mongoose/lib/query.js:4308:10)
    at _update (/home/harshit/CrowdStream/backend/node_modules/mongoose/lib/model.js:4173:16)
    at model.updateOne (/home/harshit/CrowdStream/backend/node_modules/mongoose/lib/model.js:4104:10)
    at Socket.<anonymous> (/home/harshit/CrowdStream/backend/src/handlers/registerViewer.handler.ts:234:19)
    at processTicksAndRejections (node:internal/process/task_queues:104:5)
2026-08-18 22:47:43 error: ObjectParameterError: Parameter "filter" to updateOne() must be an object, got "6a48c735512699d8407ab848" (type string)
    at _update (/home/harshit/CrowdStream/backend/node_modules/mongoose/lib/query.js:4405:17)
    at model.Query.Query.updateOne (/home/harshit/CrowdStream/backend/node_modules/mongoose/lib/query.js:4308:10)
    at _update (/home/harshit/CrowdStream/backend/node_modules/mongoose/lib/model.js:4173:16)
    at model.updateOne (/home/harshit/CrowdStream/backend/node_modules/mongoose/lib/model.js:4104:10)
    at Socket.<anonymous> (/home/harshit/CrowdStream/backend/src/handlers/registerViewer.handler.ts:234:19)
    at processTicksAndRejections (node:internal/process/task_queues:104:5)
2026-08-18 22:47:54 error: RoomId not found
2026-08-18 22:47:56 error: ObjectParameterError: Parameter "filter" to updateOne() must be an object, got "6a48c735512699d8407ab848" (type string)
    at _update (/home/harshit/CrowdStream/backend/node_modules/mongoose/lib/query.js:4405:17)
    at model.Query.Query.updateOne (/home/harshit/CrowdStream/backend/node_modules/mongoose/lib/query.js:4308:10)
    at _update (/home/harshit/CrowdStream/backend/node_modules/mongoose/lib/model.js:4173:16)
    at model.updateOne (/home/harshit/CrowdStream/backend/node_modules/mongoose/lib/model.js:4104:10)
    at Socket.<anonymous> (/home/harshit/CrowdStream/backend/src/handlers/registerViewer.handler.ts:234:19)
    at processTicksAndRejections (node:internal/process/task_queues:104:5)
2026-08-18 22:48:03 error: RoomId not found
2026-08-18 22:48:15 error: RoomId not found
2026-08-18 22:48:28 error: RoomId not found
2026-08-18 22:48:28 error: ObjectParameterError: Parameter "filter" to updateOne() must be an object, got "6a48c735512699d8407ab848" (type string)
    at _update (/home/harshit/CrowdStream/backend/node_modules/mongoose/lib/query.js:4405:17)
    at model.Query.Query.updateOne (/home/harshit/CrowdStream/backend/node_modules/mongoose/lib/query.js:4308:10)
    at _update (/home/harshit/CrowdStream/backend/node_modules/mongoose/lib/model.js:4173:16)
    at model.updateOne (/home/harshit/CrowdStream/backend/node_modules/mongoose/lib/model.js:4104:10)
    at Socket.<anonymous> (/home/harshit/CrowdStream/backend/src/handlers/registerViewer.handler.ts:234:19)
    at processTicksAndRejections (node:internal/process/task_queues:104:5)
2026-08-18 22:48:40 error: RoomId not found
2026-08-18 22:48:42 error: ObjectParameterError: Parameter "filter" to updateOne() must be an object, got "6a48c735512699d8407ab848" (type string)
    at _update (/home/harshit/CrowdStream/backend/node_modules/mongoose/lib/query.js:4405:17)
    at model.Query.Query.updateOne (/home/harshit/CrowdStream/backend/node_modules/mongoose/lib/query.js:4308:10)
    at _update (/home/harshit/CrowdStream/backend/node_modules/mongoose/lib/model.js:4173:16)
    at model.updateOne (/home/harshit/CrowdStream/backend/node_modules/mongoose/lib/model.js:4104:10)
    at Socket.<anonymous> (/home/harshit/CrowdStream/backend/src/handlers/registerViewer.handler.ts:234:19)
    at processTicksAndRejections (node:internal/process/task_queues:104:5)
2026-08-18 22:48:55 error: ObjectParameterError: Parameter "filter" to updateOne() must be an object, got "6a48c735512699d8407ab848" (type string)
    at _update (/home/harshit/CrowdStream/backend/node_modules/mongoose/lib/query.js:4405:17)
    at model.Query.Query.updateOne (/home/harshit/CrowdStream/backend/node_modules/mongoose/lib/query.js:4308:10)
    at _update (/home/harshit/CrowdStream/backend/node_modules/mongoose/lib/model.js:4173:16)
    at model.updateOne (/home/harshit/CrowdStream/backend/node_modules/mongoose/lib/model.js:4104:10)
    at Socket.<anonymous> (/home/harshit/CrowdStream/backend/src/handlers/registerViewer.handler.ts:234:19)
    at processTicksAndRejections (node:internal/process/task_queues:104:5)
2026-08-18 22:49:03 error: RoomId not found
2026-08-18 22:49:08 error: ObjectParameterError: Parameter "filter" to updateOne() must be an object, got "6a48c735512699d8407ab848" (type string)
    at _update (/home/harshit/CrowdStream/backend/node_modules/mongoose/lib/query.js:4405:17)
    at model.Query.Query.updateOne (/home/harshit/CrowdStream/backend/node_modules/mongoose/lib/query.js:4308:10)
    at _update (/home/harshit/CrowdStream/backend/node_modules/mongoose/lib/model.js:4173:16)
    at model.updateOne (/home/harshit/CrowdStream/backend/node_modules/mongoose/lib/model.js:4104:10)
    at Socket.<anonymous> (/home/harshit/CrowdStream/backend/src/handlers/registerViewer.handler.ts:234:19)
    at processTicksAndRejections (node:internal/process/task_queues:104:5)
2026-08-18 22:49:12 error: RoomId not found
2026-08-18 22:49:21 error: ObjectParameterError: Parameter "filter" to updateOne() must be an object, got "6a48c735512699d8407ab848" (type string)
    at _update (/home/harshit/CrowdStream/backend/node_modules/mongoose/lib/query.js:4405:17)
    at model.Query.Query.updateOne (/home/harshit/CrowdStream/backend/node_modules/mongoose/lib/query.js:4308:10)
    at _update (/home/harshit/CrowdStream/backend/node_modules/mongoose/lib/model.js:4173:16)
    at model.updateOne (/home/harshit/CrowdStream/backend/node_modules/mongoose/lib/model.js:4104:10)
    at Socket.<anonymous> (/home/harshit/CrowdStream/backend/src/handlers/registerViewer.handler.ts:234:19)
    at processTicksAndRejections (node:internal/process/task_queues:104:5)
2026-08-18 22:49:26 error: RoomId not found
2026-08-18 22:49:34 error: ObjectParameterError: Parameter "filter" to updateOne() must be an object, got "6a48c735512699d8407ab848" (type string)
    at _update (/home/harshit/CrowdStream/backend/node_modules/mongoose/lib/query.js:4405:17)
    at model.Query.Query.updateOne (/home/harshit/CrowdStream/backend/node_modules/mongoose/lib/query.js:4308:10)
    at _update (/home/harshit/CrowdStream/backend/node_modules/mongoose/lib/model.js:4173:16)
    at model.updateOne (/home/harshit/CrowdStream/backend/node_modules/mongoose/lib/model.js:4104:10)
    at Socket.<anonymous> (/home/harshit/CrowdStream/backend/src/handlers/registerViewer.handler.ts:234:19)
    at processTicksAndRejections (node:internal/process/task_queues:104:5)
2026-08-18 22:49:39 error: RoomId not found
2026-08-18 22:49:48 error: ObjectParameterError: Parameter "filter" to updateOne() must be an object, got "6a48c735512699d8407ab848" (type string)
    at _update (/home/harshit/CrowdStream/backend/node_modules/mongoose/lib/query.js:4405:17)
    at model.Query.Query.updateOne (/home/harshit/CrowdStream/backend/node_modules/mongoose/lib/query.js:4308:10)
    at _update (/home/harshit/CrowdStream/backend/node_modules/mongoose/lib/model.js:4173:16)
    at model.updateOne (/home/harshit/CrowdStream/backend/node_modules/mongoose/lib/model.js:4104:10)
    at Socket.<anonymous> (/home/harshit/CrowdStream/backend/src/handlers/registerViewer.handler.ts:234:19)
    at processTicksAndRejections (node:internal/process/task_queues:104:5)
2026-08-18 22:49:52 error: RoomId not found
2026-08-18 22:50:01 error: ObjectParameterError: Parameter "filter" to updateOne() must be an object, got "6a48c735512699d8407ab848" (type string)
    at _update (/home/harshit/CrowdStream/backend/node_modules/mongoose/lib/query.js:4405:17)
    at model.Query.Query.updateOne (/home/harshit/CrowdStream/backend/node_modules/mongoose/lib/query.js:4308:10)
    at _update (/home/harshit/CrowdStream/backend/node_modules/mongoose/lib/model.js:4173:16)
    at model.updateOne (/home/harshit/CrowdStream/backend/node_modules/mongoose/lib/model.js:4104:10)
    at Socket.<anonymous> (/home/harshit/CrowdStream/backend/src/handlers/registerViewer.handler.ts:234:19)
    at processTicksAndRejections (node:internal/process/task_queues:104:5)
2026-08-18 22:50:05 error: RoomId not found
2026-08-18 22:50:15 error: ObjectParameterError: Parameter "filter" to updateOne() must be an object, got "6a48c735512699d8407ab848" (type string)
    at _update (/home/harshit/CrowdStream/backend/node_modules/mongoose/lib/query.js:4405:17)
    at model.Query.Query.updateOne (/home/harshit/CrowdStream/backend/node_modules/mongoose/lib/query.js:4308:10)
    at _update (/home/harshit/CrowdStream/backend/node_modules/mongoose/lib/model.js:4173:16)
    at model.updateOne (/home/harshit/CrowdStream/backend/node_modules/mongoose/lib/model.js:4104:10)
    at Socket.<anonymous> (/home/harshit/CrowdStream/backend/src/handlers/registerViewer.handler.ts:234:19)
    at processTicksAndRejections (node:internal/process/task_queues:104:5)
2026-08-18 22:50:19 error: RoomId not found
2026-08-18 22:50:28 error: ObjectParameterError: Parameter "filter" to updateOne() must be an object, got "6a48c735512699d8407ab848" (type string)
    at _update (/home/harshit/CrowdStream/backend/node_modules/mongoose/lib/query.js:4405:17)
    at model.Query.Query.updateOne (/home/harshit/CrowdStream/backend/node_modules/mongoose/lib/query.js:4308:10)
    at _update (/home/harshit/CrowdStream/backend/node_modules/mongoose/lib/model.js:4173:16)
    at model.updateOne (/home/harshit/CrowdStream/backend/node_modules/mongoose/lib/model.js:4104:10)
    at Socket.<anonymous> (/home/harshit/CrowdStream/backend/src/handlers/registerViewer.handler.ts:234:19)
    at processTicksAndRejections (node:internal/process/task_queues:104:5)
2026-08-18 22:50:32 error: RoomId not found
2026-08-18 22:50:44 error: ObjectParameterError: Parameter "filter" to updateOne() must be an object, got "6a48c735512699d8407ab848" (type string)
    at _update (/home/harshit/CrowdStream/backend/node_modules/mongoose/lib/query.js:4405:17)
    at model.Query.Query.updateOne (/home/harshit/CrowdStream/backend/node_modules/mongoose/lib/query.js:4308:10)
    at _update (/home/harshit/CrowdStream/backend/node_modules/mongoose/lib/model.js:4173:16)
    at model.updateOne (/home/harshit/CrowdStream/backend/node_modules/mongoose/lib/model.js:4104:10)
    at Socket.<anonymous> (/home/harshit/CrowdStream/backend/src/handlers/registerViewer.handler.ts:234:19)
    at processTicksAndRejections (node:internal/process/task_queues:104:5)
2026-08-18 22:50:45 error: RoomId not found
2026-08-18 22:50:58 error: ObjectParameterError: Parameter "filter" to updateOne() must be an object, got "6a48c735512699d8407ab848" (type string)
    at _update (/home/harshit/CrowdStream/backend/node_modules/mongoose/lib/query.js:4405:17)
    at model.Query.Query.updateOne (/home/harshit/CrowdStream/backend/node_modules/mongoose/lib/query.js:4308:10)
    at _update (/home/harshit/CrowdStream/backend/node_modules/mongoose/lib/model.js:4173:16)
    at model.updateOne (/home/harshit/CrowdStream/backend/node_modules/mongoose/lib/model.js:4104:10)
    at Socket.<anonymous> (/home/harshit/CrowdStream/backend/src/handlers/registerViewer.handler.ts:234:19)
    at processTicksAndRejections (node:internal/process/task_queues:104:5)
2026-08-18 22:50:59 error: RoomId not found
2026-08-18 22:51:12 error: ObjectParameterError: Parameter "filter" to updateOne() must be an object, got "6a48c735512699d8407ab848" (type string)
    at _update (/home/harshit/CrowdStream/backend/node_modules/mongoose/lib/query.js:4405:17)
    at model.Query.Query.updateOne (/home/harshit/CrowdStream/backend/node_modules/mongoose/lib/query.js:4308:10)
    at _update (/home/harshit/CrowdStream/backend/node_modules/mongoose/lib/model.js:4173:16)
    at model.updateOne (/home/harshit/CrowdStream/backend/node_modules/mongoose/lib/model.js:4104:10)
    at Socket.<anonymous> (/home/harshit/CrowdStream/backend/src/handlers/registerViewer.handler.ts:234:19)
    at processTicksAndRejections (node:internal/process/task_queues:104:5)
2026-08-18 22:51:12 error: RoomId not found
2026-08-18 22:51:26 error: ObjectParameterError: Parameter "filter" to updateOne() must be an object, got "6a48c735512699d8407ab848" (type string)
    at _update (/home/harshit/CrowdStream/backend/node_modules/mongoose/lib/query.js:4405:17)
    at model.Query.Query.updateOne (/home/harshit/CrowdStream/backend/node_modules/mongoose/lib/query.js:4308:10)
    at _update (/home/harshit/CrowdStream/backend/node_modules/mongoose/lib/model.js:4173:16)
    at model.updateOne (/home/harshit/CrowdStream/backend/node_modules/mongoose/lib/model.js:4104:10)
    at Socket.<anonymous> (/home/harshit/CrowdStream/backend/src/handlers/registerViewer.handler.ts:234:19)
    at processTicksAndRejections (node:internal/process/task_queues:104:5)
2026-08-18 22:51:28 error: RoomId not found
2026-08-18 22:51:41 error: ObjectParameterError: Parameter "filter" to updateOne() must be an object, got "6a48c735512699d8407ab848" (type string)
    at _update (/home/harshit/CrowdStream/backend/node_modules/mongoose/lib/query.js:4405:17)
    at model.Query.Query.updateOne (/home/harshit/CrowdStream/backend/node_modules/mongoose/lib/query.js:4308:10)
    at _update (/home/harshit/CrowdStream/backend/node_modules/mongoose/lib/model.js:4173:16)
    at model.updateOne (/home/harshit/CrowdStream/backend/node_modules/mongoose/lib/model.js:4104:10)
    at Socket.<anonymous> (/home/harshit/CrowdStream/backend/src/handlers/registerViewer.handler.ts:234:19)
    at processTicksAndRejections (node:internal/process/task_queues:104:5)
2026-08-18 22:51:42 error: RoomId not found
2026-08-18 22:51:56 error: RoomId not found
2026-08-18 22:51:57 error: ObjectParameterError: Parameter "filter" to updateOne() must be an object, got "6a48c735512699d8407ab848" (type string)
    at _update (/home/harshit/CrowdStream/backend/node_modules/mongoose/lib/query.js:4405:17)
    at model.Query.Query.updateOne (/home/harshit/CrowdStream/backend/node_modules/mongoose/lib/query.js:4308:10)
    at _update (/home/harshit/CrowdStream/backend/node_modules/mongoose/lib/model.js:4173:16)
    at model.updateOne (/home/harshit/CrowdStream/backend/node_modules/mongoose/lib/model.js:4104:10)
    at Socket.<anonymous> (/home/harshit/CrowdStream/backend/src/handlers/registerViewer.handler.ts:234:19)
    at processTicksAndRejections (node:internal/process/task_queues:104:5)
2026-08-18 22:52:10 error: RoomId not found
2026-08-18 22:52:13 error: ObjectParameterError: Parameter "filter" to updateOne() must be an object, got "6a48c735512699d8407ab848" (type string)
    at _update (/home/harshit/CrowdStream/backend/node_modules/mongoose/lib/query.js:4405:17)
    at model.Query.Query.updateOne (/home/harshit/CrowdStream/backend/node_modules/mongoose/lib/query.js:4308:10)
    at _update (/home/harshit/CrowdStream/backend/node_modules/mongoose/lib/model.js:4173:16)
    at model.updateOne (/home/harshit/CrowdStream/backend/node_modules/mongoose/lib/model.js:4104:10)
    at Socket.<anonymous> (/home/harshit/CrowdStream/backend/src/handlers/registerViewer.handler.ts:234:19)
    at processTicksAndRejections (node:internal/process/task_queues:104:5)
2026-08-18 22:52:25 error: RoomId not found
2026-08-18 22:52:27 error: ObjectParameterError: Parameter "filter" to updateOne() must be an object, got "6a48c735512699d8407ab848" (type string)
    at _update (/home/harshit/CrowdStream/backend/node_modules/mongoose/lib/query.js:4405:17)
    at model.Query.Query.updateOne (/home/harshit/CrowdStream/backend/node_modules/mongoose/lib/query.js:4308:10)
    at _update (/home/harshit/CrowdStream/backend/node_modules/mongoose/lib/model.js:4173:16)
    at model.updateOne (/home/harshit/CrowdStream/backend/node_modules/mongoose/lib/model.js:4104:10)
    at Socket.<anonymous> (/home/harshit/CrowdStream/backend/src/handlers/registerViewer.handler.ts:234:19)
    at processTicksAndRejections (node:internal/process/task_queues:104:5)
2026-08-18 22:52:41 error: RoomId not found
2026-08-18 22:52:42 error: ObjectParameterError: Parameter "filter" to updateOne() must be an object, got "6a48c735512699d8407ab848" (type string)
    at _update (/home/harshit/CrowdStream/backend/node_modules/mongoose/lib/query.js:4405:17)
    at model.Query.Query.updateOne (/home/harshit/CrowdStream/backend/node_modules/mongoose/lib/query.js:4308:10)
    at _update (/home/harshit/CrowdStream/backend/node_modules/mongoose/lib/model.js:4173:16)
    at model.updateOne (/home/harshit/CrowdStream/backend/node_modules/mongoose/lib/model.js:4104:10)
    at Socket.<anonymous> (/home/harshit/CrowdStream/backend/src/handlers/registerViewer.handler.ts:234:19)
    at processTicksAndRejections (node:internal/process/task_queues:104:5)
2026-08-18 22:52:57 error: RoomId not found
2026-08-18 22:52:57 error: ObjectParameterError: Parameter "filter" to updateOne() must be an object, got "6a48c735512699d8407ab848" (type string)
    at _update (/home/harshit/CrowdStream/backend/node_modules/mongoose/lib/query.js:4405:17)
    at model.Query.Query.updateOne (/home/harshit/CrowdStream/backend/node_modules/mongoose/lib/query.js:4308:10)
    at _update (/home/harshit/CrowdStream/backend/node_modules/mongoose/lib/model.js:4173:16)
    at model.updateOne (/home/harshit/CrowdStream/backend/node_modules/mongoose/lib/model.js:4104:10)
    at Socket.<anonymous> (/home/harshit/CrowdStream/backend/src/handlers/registerViewer.handler.ts:234:19)
    at processTicksAndRejections (node:internal/process/task_queues:104:5)
2026-08-18 22:52:58 error: RoomId not found
2026-08-18 22:52:58 error: RoomId not found
2026-08-18 22:52:58 error: RoomId not found
2026-08-18 22:56:59 error: ObjectParameterError: Parameter "filter" to updateOne() must be an object, got "6a48c735512699d8407ab848" (type string)
    at _update (/home/harshit/CrowdStream/backend/node_modules/mongoose/lib/query.js:4405:17)
    at model.Query.Query.updateOne (/home/harshit/CrowdStream/backend/node_modules/mongoose/lib/query.js:4308:10)
    at _update (/home/harshit/CrowdStream/backend/node_modules/mongoose/lib/model.js:4173:16)
    at model.updateOne (/home/harshit/CrowdStream/backend/node_modules/mongoose/lib/model.js:4104:10)
    at Socket.<anonymous> (/home/harshit/CrowdStream/backend/src/handlers/registerViewer.handler.ts:234:19)
    at processTicksAndRejections (node:internal/process/task_queues:104:5)
2026-08-18 22:57:04 error: ObjectParameterError: Parameter "filter" to updateOne() must be an object, got "6a48c735512699d8407ab848" (type string)
    at _update (/home/harshit/CrowdStream/backend/node_modules/mongoose/lib/query.js:4405:17)
    at model.Query.Query.updateOne (/home/harshit/CrowdStream/backend/node_modules/mongoose/lib/query.js:4308:10)
    at _update (/home/harshit/CrowdStream/backend/node_modules/mongoose/lib/model.js:4173:16)
    at model.updateOne (/home/harshit/CrowdStream/backend/node_modules/mongoose/lib/model.js:4104:10)
    at Socket.<anonymous> (/home/harshit/CrowdStream/backend/src/handlers/registerViewer.handler.ts:234:19)
    at processTicksAndRejections (node:internal/process/task_queues:104:5)
2026-08-18 22:57:09 error: ObjectParameterError: Parameter "filter" to updateOne() must be an object, got "6a48c735512699d8407ab848" (type string)
    at _update (/home/harshit/CrowdStream/backend/node_modules/mongoose/lib/query.js:4405:17)
    at model.Query.Query.updateOne (/home/harshit/CrowdStream/backend/node_modules/mongoose/lib/query.js:4308:10)
    at _update (/home/harshit/CrowdStream/backend/node_modules/mongoose/lib/model.js:4173:16)
    at model.updateOne (/home/harshit/CrowdStream/backend/node_modules/mongoose/lib/model.js:4104:10)
    at Socket.<anonymous> (/home/harshit/CrowdStream/backend/src/handlers/registerViewer.handler.ts:234:19)
    at processTicksAndRejections (node:internal/process/task_queues:104:5)
2026-08-18 22:57:14 error: ObjectParameterError: Parameter "filter" to updateOne() must be an object, got "6a48c735512699d8407ab848" (type string)
    at _update (/home/harshit/CrowdStream/backend/node_modules/mongoose/lib/query.js:4405:17)
    at model.Query.Query.updateOne (/home/harshit/CrowdStream/backend/node_modules/mongoose/lib/query.js:4308:10)
    at _update (/home/harshit/CrowdStream/backend/node_modules/mongoose/lib/model.js:4173:16)
    at model.updateOne (/home/harshit/CrowdStream/backend/node_modules/mongoose/lib/model.js:4104:10)
    at Socket.<anonymous> (/home/harshit/CrowdStream/backend/src/handlers/registerViewer.handler.ts:234:19)
    at processTicksAndRejections (node:internal/process/task_queues:104:5)
2026-08-18 22:57:20 error: ObjectParameterError: Parameter "filter" to updateOne() must be an object, got "6a48c735512699d8407ab848" (type string)
    at _update (/home/harshit/CrowdStream/backend/node_modules/mongoose/lib/query.js:4405:17)
    at model.Query.Query.updateOne (/home/harshit/CrowdStream/backend/node_modules/mongoose/lib/query.js:4308:10)
    at _update (/home/harshit/CrowdStream/backend/node_modules/mongoose/lib/model.js:4173:16)
    at model.updateOne (/home/harshit/CrowdStream/backend/node_modules/mongoose/lib/model.js:4104:10)
    at Socket.<anonymous> (/home/harshit/CrowdStream/backend/src/handlers/registerViewer.handler.ts:234:19)
    at processTicksAndRejections (node:internal/process/task_queues:104:5)
2026-08-18 22:57:26 error: ObjectParameterError: Parameter "filter" to updateOne() must be an object, got "6a48c735512699d8407ab848" (type string)
    at _update (/home/harshit/CrowdStream/backend/node_modules/mongoose/lib/query.js:4405:17)
    at model.Query.Query.updateOne (/home/harshit/CrowdStream/backend/node_modules/mongoose/lib/query.js:4308:10)
    at _update (/home/harshit/CrowdStream/backend/node_modules/mongoose/lib/model.js:4173:16)
    at model.updateOne (/home/harshit/CrowdStream/backend/node_modules/mongoose/lib/model.js:4104:10)
    at Socket.<anonymous> (/home/harshit/CrowdStream/backend/src/handlers/registerViewer.handler.ts:234:19)
    at processTicksAndRejections (node:internal/process/task_queues:104:5)
2026-08-18 22:57:32 error: ObjectParameterError: Parameter "filter" to updateOne() must be an object, got "6a48c735512699d8407ab848" (type string)
    at _update (/home/harshit/CrowdStream/backend/node_modules/mongoose/lib/query.js:4405:17)
    at model.Query.Query.updateOne (/home/harshit/CrowdStream/backend/node_modules/mongoose/lib/query.js:4308:10)
    at _update (/home/harshit/CrowdStream/backend/node_modules/mongoose/lib/model.js:4173:16)
    at model.updateOne (/home/harshit/CrowdStream/backend/node_modules/mongoose/lib/model.js:4104:10)
    at Socket.<anonymous> (/home/harshit/CrowdStream/backend/src/handlers/registerViewer.handler.ts:234:19)
    at processTicksAndRejections (node:internal/process/task_queues:104:5)
2026-08-18 22:57:34 error: RoomId not found
2026-08-18 22:57:38 error: ObjectParameterError: Parameter "filter" to updateOne() must be an object, got "6a48c735512699d8407ab848" (type string)
    at _update (/home/harshit/CrowdStream/backend/node_modules/mongoose/lib/query.js:4405:17)
    at model.Query.Query.updateOne (/home/harshit/CrowdStream/backend/node_modules/mongoose/lib/query.js:4308:10)
    at _update (/home/harshit/CrowdStream/backend/node_modules/mongoose/lib/model.js:4173:16)
    at model.updateOne (/home/harshit/CrowdStream/backend/node_modules/mongoose/lib/model.js:4104:10)
    at Socket.<anonymous> (/home/harshit/CrowdStream/backend/src/handlers/registerViewer.handler.ts:234:19)
    at processTicksAndRejections (node:internal/process/task_queues:104:5)
2026-08-18 22:57:43 error: ObjectParameterError: Parameter "filter" to updateOne() must be an object, got "6a48c735512699d8407ab848" (type string)
    at _update (/home/harshit/CrowdStream/backend/node_modules/mongoose/lib/query.js:4405:17)
    at model.Query.Query.updateOne (/home/harshit/CrowdStream/backend/node_modules/mongoose/lib/query.js:4308:10)
    at _update (/home/harshit/CrowdStream/backend/node_modules/mongoose/lib/model.js:4173:16)
    at model.updateOne (/home/harshit/CrowdStream/backend/node_modules/mongoose/lib/model.js:4104:10)
    at Socket.<anonymous> (/home/harshit/CrowdStream/backend/src/handlers/registerViewer.handler.ts:234:19)
    at processTicksAndRejections (node:internal/process/task_queues:104:5)
2026-08-18 22:57:44 error: RoomId not found
2026-08-18 22:57:49 error: RoomId not found
2026-08-18 22:57:49 error: ObjectParameterError: Parameter "filter" to updateOne() must be an object, got "6a48c735512699d8407ab848" (type string)
    at _update (/home/harshit/CrowdStream/backend/node_modules/mongoose/lib/query.js:4405:17)
    at model.Query.Query.updateOne (/home/harshit/CrowdStream/backend/node_modules/mongoose/lib/query.js:4308:10)
    at _update (/home/harshit/CrowdStream/backend/node_modules/mongoose/lib/model.js:4173:16)
    at model.updateOne (/home/harshit/CrowdStream/backend/node_modules/mongoose/lib/model.js:4104:10)
    at Socket.<anonymous> (/home/harshit/CrowdStream/backend/src/handlers/registerViewer.handler.ts:234:19)
    at processTicksAndRejections (node:internal/process/task_queues:104:5)
2026-08-18 22:57:54 error: RoomId not found
2026-08-18 22:57:55 error: ObjectParameterError: Parameter "filter" to updateOne() must be an object, got "6a48c735512699d8407ab848" (type string)
    at _update (/home/harshit/CrowdStream/backend/node_modules/mongoose/lib/query.js:4405:17)
    at model.Query.Query.updateOne (/home/harshit/CrowdStream/backend/node_modules/mongoose/lib/query.js:4308:10)
    at _update (/home/harshit/CrowdStream/backend/node_modules/mongoose/lib/model.js:4173:16)
    at model.updateOne (/home/harshit/CrowdStream/backend/node_modules/mongoose/lib/model.js:4104:10)
    at Socket.<anonymous> (/home/harshit/CrowdStream/backend/src/handlers/registerViewer.handler.ts:234:19)
    at processTicksAndRejections (node:internal/process/task_queues:104:5)
2026-08-18 22:57:59 error: RoomId not found
2026-08-18 22:58:01 error: ObjectParameterError: Parameter "filter" to updateOne() must be an object, got "6a48c735512699d8407ab848" (type string)
    at _update (/home/harshit/CrowdStream/backend/node_modules/mongoose/lib/query.js:4405:17)
    at model.Query.Query.updateOne (/home/harshit/CrowdStream/backend/node_modules/mongoose/lib/query.js:4308:10)
    at _update (/home/harshit/CrowdStream/backend/node_modules/mongoose/lib/model.js:4173:16)
    at model.updateOne (/home/harshit/CrowdStream/backend/node_modules/mongoose/lib/model.js:4104:10)
    at Socket.<anonymous> (/home/harshit/CrowdStream/backend/src/handlers/registerViewer.handler.ts:234:19)
    at processTicksAndRejections (node:internal/process/task_queues:104:5)
2026-08-18 22:58:04 error: RoomId not found
2026-08-18 22:58:06 error: ObjectParameterError: Parameter "filter" to updateOne() must be an object, got "6a48c735512699d8407ab848" (type string)
    at _update (/home/harshit/CrowdStream/backend/node_modules/mongoose/lib/query.js:4405:17)
    at model.Query.Query.updateOne (/home/harshit/CrowdStream/backend/node_modules/mongoose/lib/query.js:4308:10)
    at _update (/home/harshit/CrowdStream/backend/node_modules/mongoose/lib/model.js:4173:16)
    at model.updateOne (/home/harshit/CrowdStream/backend/node_modules/mongoose/lib/model.js:4104:10)
    at Socket.<anonymous> (/home/harshit/CrowdStream/backend/src/handlers/registerViewer.handler.ts:234:19)
    at processTicksAndRejections (node:internal/process/task_queues:104:5)
2026-08-18 22:58:10 error: RoomId not found
2026-08-18 22:58:12 error: ObjectParameterError: Parameter "filter" to updateOne() must be an object, got "6a48c735512699d8407ab848" (type string)
    at _update (/home/harshit/CrowdStream/backend/node_modules/mongoose/lib/query.js:4405:17)
    at model.Query.Query.updateOne (/home/harshit/CrowdStream/backend/node_modules/mongoose/lib/query.js:4308:10)
    at _update (/home/harshit/CrowdStream/backend/node_modules/mongoose/lib/model.js:4173:16)
    at model.updateOne (/home/harshit/CrowdStream/backend/node_modules/mongoose/lib/model.js:4104:10)
    at Socket.<anonymous> (/home/harshit/CrowdStream/backend/src/handlers/registerViewer.handler.ts:234:19)
    at processTicksAndRejections (node:internal/process/task_queues:104:5)
2026-08-18 22:58:16 error: RoomId not found
2026-08-18 22:58:17 error: ObjectParameterError: Parameter "filter" to updateOne() must be an object, got "6a48c735512699d8407ab848" (type string)
    at _update (/home/harshit/CrowdStream/backend/node_modules/mongoose/lib/query.js:4405:17)
    at model.Query.Query.updateOne (/home/harshit/CrowdStream/backend/node_modules/mongoose/lib/query.js:4308:10)
    at _update (/home/harshit/CrowdStream/backend/node_modules/mongoose/lib/model.js:4173:16)
    at model.updateOne (/home/harshit/CrowdStream/backend/node_modules/mongoose/lib/model.js:4104:10)
    at Socket.<anonymous> (/home/harshit/CrowdStream/backend/src/handlers/registerViewer.handler.ts:234:19)
    at processTicksAndRejections (node:internal/process/task_queues:104:5)
2026-08-18 22:58:22 error: RoomId not found
2026-08-18 22:58:23 error: ObjectParameterError: Parameter "filter" to updateOne() must be an object, got "6a48c735512699d8407ab848" (type string)
    at _update (/home/harshit/CrowdStream/backend/node_modules/mongoose/lib/query.js:4405:17)
    at model.Query.Query.updateOne (/home/harshit/CrowdStream/backend/node_modules/mongoose/lib/query.js:4308:10)
    at _update (/home/harshit/CrowdStream/backend/node_modules/mongoose/lib/model.js:4173:16)
    at model.updateOne (/home/harshit/CrowdStream/backend/node_modules/mongoose/lib/model.js:4104:10)
    at Socket.<anonymous> (/home/harshit/CrowdStream/backend/src/handlers/registerViewer.handler.ts:234:19)
    at processTicksAndRejections (node:internal/process/task_queues:104:5)
2026-08-18 22:58:27 error: RoomId not found
2026-08-18 22:58:29 error: ObjectParameterError: Parameter "filter" to updateOne() must be an object, got "6a48c735512699d8407ab848" (type string)
    at _update (/home/harshit/CrowdStream/backend/node_modules/mongoose/lib/query.js:4405:17)
    at model.Query.Query.updateOne (/home/harshit/CrowdStream/backend/node_modules/mongoose/lib/query.js:4308:10)
    at _update (/home/harshit/CrowdStream/backend/node_modules/mongoose/lib/model.js:4173:16)
    at model.updateOne (/home/harshit/CrowdStream/backend/node_modules/mongoose/lib/model.js:4104:10)
    at Socket.<anonymous> (/home/harshit/CrowdStream/backend/src/handlers/registerViewer.handler.ts:234:19)
    at processTicksAndRejections (node:internal/process/task_queues:104:5)
2026-08-18 22:58:33 error: RoomId not found
2026-08-18 22:58:34 error: ObjectParameterError: Parameter "filter" to updateOne() must be an object, got "6a48c735512699d8407ab848" (type string)
    at _update (/home/harshit/CrowdStream/backend/node_modules/mongoose/lib/query.js:4405:17)
    at model.Query.Query.updateOne (/home/harshit/CrowdStream/backend/node_modules/mongoose/lib/query.js:4308:10)
    at _update (/home/harshit/CrowdStream/backend/node_modules/mongoose/lib/model.js:4173:16)
    at model.updateOne (/home/harshit/CrowdStream/backend/node_modules/mongoose/lib/model.js:4104:10)
    at Socket.<anonymous> (/home/harshit/CrowdStream/backend/src/handlers/registerViewer.handler.ts:234:19)
    at processTicksAndRejections (node:internal/process/task_queues:104:5)
2026-08-18 22:58:39 error: RoomId not found
2026-08-18 22:58:40 error: ObjectParameterError: Parameter "filter" to updateOne() must be an object, got "6a48c735512699d8407ab848" (type string)
    at _update (/home/harshit/CrowdStream/backend/node_modules/mongoose/lib/query.js:4405:17)
    at model.Query.Query.updateOne (/home/harshit/CrowdStream/backend/node_modules/mongoose/lib/query.js:4308:10)
    at _update (/home/harshit/CrowdStream/backend/node_modules/mongoose/lib/model.js:4173:16)
    at model.updateOne (/home/harshit/CrowdStream/backend/node_modules/mongoose/lib/model.js:4104:10)
    at Socket.<anonymous> (/home/harshit/CrowdStream/backend/src/handlers/registerViewer.handler.ts:234:19)
    at processTicksAndRejections (node:internal/process/task_queues:104:5)
2026-08-18 22:58:45 error: RoomId not found
2026-08-18 22:58:46 error: ObjectParameterError: Parameter "filter" to updateOne() must be an object, got "6a48c735512699d8407ab848" (type string)
    at _update (/home/harshit/CrowdStream/backend/node_modules/mongoose/lib/query.js:4405:17)
    at model.Query.Query.updateOne (/home/harshit/CrowdStream/backend/node_modules/mongoose/lib/query.js:4308:10)
    at _update (/home/harshit/CrowdStream/backend/node_modules/mongoose/lib/model.js:4173:16)
    at model.updateOne (/home/harshit/CrowdStream/backend/node_modules/mongoose/lib/model.js:4104:10)
    at Socket.<anonymous> (/home/harshit/CrowdStream/backend/src/handlers/registerViewer.handler.ts:234:19)
    at processTicksAndRejections (node:internal/process/task_queues:104:5)
2026-08-18 22:58:50 error: RoomId not found
2026-08-18 22:58:52 error: ObjectParameterError: Parameter "filter" to updateOne() must be an object, got "6a48c735512699d8407ab848" (type string)
    at _update (/home/harshit/CrowdStream/backend/node_modules/mongoose/lib/query.js:4405:17)
    at model.Query.Query.updateOne (/home/harshit/CrowdStream/backend/node_modules/mongoose/lib/query.js:4308:10)
    at _update (/home/harshit/CrowdStream/backend/node_modules/mongoose/lib/model.js:4173:16)
    at model.updateOne (/home/harshit/CrowdStream/backend/node_modules/mongoose/lib/model.js:4104:10)
    at Socket.<anonymous> (/home/harshit/CrowdStream/backend/src/handlers/registerViewer.handler.ts:234:19)
    at processTicksAndRejections (node:internal/process/task_queues:104:5)
2026-08-18 22:58:56 error: RoomId not found
2026-08-18 22:58:59 error: ObjectParameterError: Parameter "filter" to updateOne() must be an object, got "6a48c735512699d8407ab848" (type string)
    at _update (/home/harshit/CrowdStream/backend/node_modules/mongoose/lib/query.js:4405:17)
    at model.Query.Query.updateOne (/home/harshit/CrowdStream/backend/node_modules/mongoose/lib/query.js:4308:10)
    at _update (/home/harshit/CrowdStream/backend/node_modules/mongoose/lib/model.js:4173:16)
    at model.updateOne (/home/harshit/CrowdStream/backend/node_modules/mongoose/lib/model.js:4104:10)
    at Socket.<anonymous> (/home/harshit/CrowdStream/backend/src/handlers/registerViewer.handler.ts:234:19)
    at processTicksAndRejections (node:internal/process/task_queues:104:5)
2026-08-18 22:59:01 error: RoomId not found
2026-08-18 22:59:05 error: ObjectParameterError: Parameter "filter" to updateOne() must be an object, got "6a48c735512699d8407ab848" (type string)
    at _update (/home/harshit/CrowdStream/backend/node_modules/mongoose/lib/query.js:4405:17)
    at model.Query.Query.updateOne (/home/harshit/CrowdStream/backend/node_modules/mongoose/lib/query.js:4308:10)
    at _update (/home/harshit/CrowdStream/backend/node_modules/mongoose/lib/model.js:4173:16)
    at model.updateOne (/home/harshit/CrowdStream/backend/node_modules/mongoose/lib/model.js:4104:10)
    at Socket.<anonymous> (/home/harshit/CrowdStream/backend/src/handlers/registerViewer.handler.ts:234:19)
    at processTicksAndRejections (node:internal/process/task_queues:104:5)
2026-08-18 22:59:07 error: RoomId not found
2026-08-18 22:59:12 error: ObjectParameterError: Parameter "filter" to updateOne() must be an object, got "6a48c735512699d8407ab848" (type string)
    at _update (/home/harshit/CrowdStream/backend/node_modules/mongoose/lib/query.js:4405:17)
    at model.Query.Query.updateOne (/home/harshit/CrowdStream/backend/node_modules/mongoose/lib/query.js:4308:10)
    at _update (/home/harshit/CrowdStream/backend/node_modules/mongoose/lib/model.js:4173:16)
    at model.updateOne (/home/harshit/CrowdStream/backend/node_modules/mongoose/lib/model.js:4104:10)
    at Socket.<anonymous> (/home/harshit/CrowdStream/backend/src/handlers/registerViewer.handler.ts:234:19)
    at processTicksAndRejections (node:internal/process/task_queues:104:5)
2026-08-18 22:59:13 error: RoomId not found
2026-08-18 22:59:18 error: RoomId not found
2026-08-18 22:59:19 error: ObjectParameterError: Parameter "filter" to updateOne() must be an object, got "6a48c735512699d8407ab848" (type string)
    at _update (/home/harshit/CrowdStream/backend/node_modules/mongoose/lib/query.js:4405:17)
    at model.Query.Query.updateOne (/home/harshit/CrowdStream/backend/node_modules/mongoose/lib/query.js:4308:10)
    at _update (/home/harshit/CrowdStream/backend/node_modules/mongoose/lib/model.js:4173:16)
    at model.updateOne (/home/harshit/CrowdStream/backend/node_modules/mongoose/lib/model.js:4104:10)
    at Socket.<anonymous> (/home/harshit/CrowdStream/backend/src/handlers/registerViewer.handler.ts:234:19)
    at processTicksAndRejections (node:internal/process/task_queues:104:5)
2026-08-18 22:59:24 error: RoomId not found
2026-08-18 22:59:26 error: ObjectParameterError: Parameter "filter" to updateOne() must be an object, got "6a48c735512699d8407ab848" (type string)
    at _update (/home/harshit/CrowdStream/backend/node_modules/mongoose/lib/query.js:4405:17)
    at model.Query.Query.updateOne (/home/harshit/CrowdStream/backend/node_modules/mongoose/lib/query.js:4308:10)
    at _update (/home/harshit/CrowdStream/backend/node_modules/mongoose/lib/model.js:4173:16)
    at model.updateOne (/home/harshit/CrowdStream/backend/node_modules/mongoose/lib/model.js:4104:10)
    at Socket.<anonymous> (/home/harshit/CrowdStream/backend/src/handlers/registerViewer.handler.ts:234:19)
    at processTicksAndRejections (node:internal/process/task_queues:104:5)
2026-08-18 22:59:30 error: RoomId not found
2026-08-18 22:59:33 error: ObjectParameterError: Parameter "filter" to updateOne() must be an object, got "6a48c735512699d8407ab848" (type string)
    at _update (/home/harshit/CrowdStream/backend/node_modules/mongoose/lib/query.js:4405:17)
    at model.Query.Query.updateOne (/home/harshit/CrowdStream/backend/node_modules/mongoose/lib/query.js:4308:10)
    at _update (/home/harshit/CrowdStream/backend/node_modules/mongoose/lib/model.js:4173:16)
    at model.updateOne (/home/harshit/CrowdStream/backend/node_modules/mongoose/lib/model.js:4104:10)
    at Socket.<anonymous> (/home/harshit/CrowdStream/backend/src/handlers/registerViewer.handler.ts:234:19)
    at processTicksAndRejections (node:internal/process/task_queues:104:5)
2026-08-18 22:59:36 error: RoomId not found
2026-08-18 22:59:41 error: ObjectParameterError: Parameter "filter" to updateOne() must be an object, got "6a48c735512699d8407ab848" (type string)
    at _update (/home/harshit/CrowdStream/backend/node_modules/mongoose/lib/query.js:4405:17)
    at model.Query.Query.updateOne (/home/harshit/CrowdStream/backend/node_modules/mongoose/lib/query.js:4308:10)
    at _update (/home/harshit/CrowdStream/backend/node_modules/mongoose/lib/model.js:4173:16)
    at model.updateOne (/home/harshit/CrowdStream/backend/node_modules/mongoose/lib/model.js:4104:10)
    at Socket.<anonymous> (/home/harshit/CrowdStream/backend/src/handlers/registerViewer.handler.ts:234:19)
    at processTicksAndRejections (node:internal/process/task_queues:104:5)
2026-08-18 22:59:43 error: RoomId not found
2026-08-18 22:59:49 error: ObjectParameterError: Parameter "filter" to updateOne() must be an object, got "6a48c735512699d8407ab848" (type string)
    at _update (/home/harshit/CrowdStream/backend/node_modules/mongoose/lib/query.js:4405:17)
    at model.Query.Query.updateOne (/home/harshit/CrowdStream/backend/node_modules/mongoose/lib/query.js:4308:10)
    at _update (/home/harshit/CrowdStream/backend/node_modules/mongoose/lib/model.js:4173:16)
    at model.updateOne (/home/harshit/CrowdStream/backend/node_modules/mongoose/lib/model.js:4104:10)
    at Socket.<anonymous> (/home/harshit/CrowdStream/backend/src/handlers/registerViewer.handler.ts:234:19)
    at processTicksAndRejections (node:internal/process/task_queues:104:5)
2026-08-18 22:59:49 error: RoomId not found
2026-08-18 22:59:56 error: RoomId not found
2026-08-18 22:59:57 error: ObjectParameterError: Parameter "filter" to updateOne() must be an object, got "6a48c735512699d8407ab848" (type string)
    at _update (/home/harshit/CrowdStream/backend/node_modules/mongoose/lib/query.js:4405:17)
    at model.Query.Query.updateOne (/home/harshit/CrowdStream/backend/node_modules/mongoose/lib/query.js:4308:10)
    at _update (/home/harshit/CrowdStream/backend/node_modules/mongoose/lib/model.js:4173:16)
    at model.updateOne (/home/harshit/CrowdStream/backend/node_modules/mongoose/lib/model.js:4104:10)
    at Socket.<anonymous> (/home/harshit/CrowdStream/backend/src/handlers/registerViewer.handler.ts:234:19)
    at processTicksAndRejections (node:internal/process/task_queues:104:5)
2026-08-18 23:00:03 error: RoomId not found
2026-08-18 23:00:05 error: ObjectParameterError: Parameter "filter" to updateOne() must be an object, got "6a48c735512699d8407ab848" (type string)
    at _update (/home/harshit/CrowdStream/backend/node_modules/mongoose/lib/query.js:4405:17)
    at model.Query.Query.updateOne (/home/harshit/CrowdStream/backend/node_modules/mongoose/lib/query.js:4308:10)
    at _update (/home/harshit/CrowdStream/backend/node_modules/mongoose/lib/model.js:4173:16)
    at model.updateOne (/home/harshit/CrowdStream/backend/node_modules/mongoose/lib/model.js:4104:10)
    at Socket.<anonymous> (/home/harshit/CrowdStream/backend/src/handlers/registerViewer.handler.ts:234:19)
    at processTicksAndRejections (node:internal/process/task_queues:104:5)
2026-08-18 23:00:10 error: RoomId not found
2026-08-18 23:00:14 error: ObjectParameterError: Parameter "filter" to updateOne() must be an object, got "6a48c735512699d8407ab848" (type string)
    at _update (/home/harshit/CrowdStream/backend/node_modules/mongoose/lib/query.js:4405:17)
    at model.Query.Query.updateOne (/home/harshit/CrowdStream/backend/node_modules/mongoose/lib/query.js:4308:10)
    at _update (/home/harshit/CrowdStream/backend/node_modules/mongoose/lib/model.js:4173:16)
    at model.updateOne (/home/harshit/CrowdStream/backend/node_modules/mongoose/lib/model.js:4104:10)
    at Socket.<anonymous> (/home/harshit/CrowdStream/backend/src/handlers/registerViewer.handler.ts:234:19)
    at processTicksAndRejections (node:internal/process/task_queues:104:5)
2026-08-18 23:00:17 error: RoomId not found
2026-08-18 23:00:24 error: ObjectParameterError: Parameter "filter" to updateOne() must be an object, got "6a48c735512699d8407ab848" (type string)
    at _update (/home/harshit/CrowdStream/backend/node_modules/mongoose/lib/query.js:4405:17)
    at model.Query.Query.updateOne (/home/harshit/CrowdStream/backend/node_modules/mongoose/lib/query.js:4308:10)
    at _update (/home/harshit/CrowdStream/backend/node_modules/mongoose/lib/model.js:4173:16)
    at model.updateOne (/home/harshit/CrowdStream/backend/node_modules/mongoose/lib/model.js:4104:10)
    at Socket.<anonymous> (/home/harshit/CrowdStream/backend/src/handlers/registerViewer.handler.ts:234:19)
    at processTicksAndRejections (node:internal/process/task_queues:104:5)
2026-08-18 23:00:25 error: RoomId not found
2026-08-18 23:00:32 error: RoomId not found
2026-08-18 23:00:34 error: ObjectParameterError: Parameter "filter" to updateOne() must be an object, got "6a48c735512699d8407ab848" (type string)
    at _update (/home/harshit/CrowdStream/backend/node_modules/mongoose/lib/query.js:4405:17)
    at model.Query.Query.updateOne (/home/harshit/CrowdStream/backend/node_modules/mongoose/lib/query.js:4308:10)
    at _update (/home/harshit/CrowdStream/backend/node_modules/mongoose/lib/model.js:4173:16)
    at model.updateOne (/home/harshit/CrowdStream/backend/node_modules/mongoose/lib/model.js:4104:10)
    at Socket.<anonymous> (/home/harshit/CrowdStream/backend/src/handlers/registerViewer.handler.ts:234:19)
    at processTicksAndRejections (node:internal/process/task_queues:104:5)
2026-08-18 23:00:40 error: RoomId not found
2026-08-18 23:00:45 error: ObjectParameterError: Parameter "filter" to updateOne() must be an object, got "6a48c735512699d8407ab848" (type string)
    at _update (/home/harshit/CrowdStream/backend/node_modules/mongoose/lib/query.js:4405:17)
    at model.Query.Query.updateOne (/home/harshit/CrowdStream/backend/node_modules/mongoose/lib/query.js:4308:10)
    at _update (/home/harshit/CrowdStream/backend/node_modules/mongoose/lib/model.js:4173:16)
    at model.updateOne (/home/harshit/CrowdStream/backend/node_modules/mongoose/lib/model.js:4104:10)
    at Socket.<anonymous> (/home/harshit/CrowdStream/backend/src/handlers/registerViewer.handler.ts:234:19)
    at processTicksAndRejections (node:internal/process/task_queues:104:5)
2026-08-18 23:00:48 error: RoomId not found
2026-08-18 23:00:57 error: RoomId not found
2026-08-18 23:00:57 error: RoomId not found
2026-08-18 23:01:07 error: RoomId not found
2026-08-18 23:01:17 error: RoomId not found
2026-08-18 23:01:27 error: RoomId not found
2026-08-18 23:01:39 error: RoomId not found
2026-08-18 23:01:48 error: ObjectParameterError: Parameter "filter" to updateOne() must be an object, got "6a48c735512699d8407ab848" (type string)
    at _update (/home/harshit/CrowdStream/backend/node_modules/mongoose/lib/query.js:4405:17)
    at model.Query.Query.updateOne (/home/harshit/CrowdStream/backend/node_modules/mongoose/lib/query.js:4308:10)
    at _update (/home/harshit/CrowdStream/backend/node_modules/mongoose/lib/model.js:4173:16)
    at model.updateOne (/home/harshit/CrowdStream/backend/node_modules/mongoose/lib/model.js:4104:10)
    at Socket.<anonymous> (/home/harshit/CrowdStream/backend/src/handlers/registerViewer.handler.ts:234:19)
    at processTicksAndRejections (node:internal/process/task_queues:104:5)
2026-08-18 23:02:00 error: RoomId not found
2026-08-18 23:02:31 error: RoomId not found
2026-08-18 23:02:42 error: RoomId not found
2026-08-18 23:02:51 error: ObjectParameterError: Parameter "filter" to updateOne() must be an object, got "6a48c735512699d8407ab848" (type string)
    at _update (/home/harshit/CrowdStream/backend/node_modules/mongoose/lib/query.js:4405:17)
    at model.Query.Query.updateOne (/home/harshit/CrowdStream/backend/node_modules/mongoose/lib/query.js:4308:10)
    at _update (/home/harshit/CrowdStream/backend/node_modules/mongoose/lib/model.js:4173:16)
    at model.updateOne (/home/harshit/CrowdStream/backend/node_modules/mongoose/lib/model.js:4104:10)
    at Socket.<anonymous> (/home/harshit/CrowdStream/backend/src/handlers/registerViewer.handler.ts:234:19)
    at processTicksAndRejections (node:internal/process/task_queues:104:5)
2026-08-18 23:03:05 error: ObjectParameterError: Parameter "filter" to updateOne() must be an object, got "6a48c735512699d8407ab848" (type string)
    at _update (/home/harshit/CrowdStream/backend/node_modules/mongoose/lib/query.js:4405:17)
    at model.Query.Query.updateOne (/home/harshit/CrowdStream/backend/node_modules/mongoose/lib/query.js:4308:10)
    at _update (/home/harshit/CrowdStream/backend/node_modules/mongoose/lib/model.js:4173:16)
    at model.updateOne (/home/harshit/CrowdStream/backend/node_modules/mongoose/lib/model.js:4104:10)
    at Socket.<anonymous> (/home/harshit/CrowdStream/backend/src/handlers/registerViewer.handler.ts:234:19)
    at processTicksAndRejections (node:internal/process/task_queues:104:5)
2026-08-18 23:03:17 error: ObjectParameterError: Parameter "filter" to updateOne() must be an object, got "6a48c735512699d8407ab848" (type string)
    at _update (/home/harshit/CrowdStream/backend/node_modules/mongoose/lib/query.js:4405:17)
    at model.Query.Query.updateOne (/home/harshit/CrowdStream/backend/node_modules/mongoose/lib/query.js:4308:10)
    at _update (/home/harshit/CrowdStream/backend/node_modules/mongoose/lib/model.js:4173:16)
    at model.updateOne (/home/harshit/CrowdStream/backend/node_modules/mongoose/lib/model.js:4104:10)
    at Socket.<anonymous> (/home/harshit/CrowdStream/backend/src/handlers/registerViewer.handler.ts:234:19)
    at processTicksAndRejections (node:internal/process/task_queues:104:5)
2026-08-18 23:03:32 error: ObjectParameterError: Parameter "filter" to updateOne() must be an object, got "6a48c735512699d8407ab848" (type string)
    at _update (/home/harshit/CrowdStream/backend/node_modules/mongoose/lib/query.js:4405:17)
    at model.Query.Query.updateOne (/home/harshit/CrowdStream/backend/node_modules/mongoose/lib/query.js:4308:10)
    at _update (/home/harshit/CrowdStream/backend/node_modules/mongoose/lib/model.js:4173:16)
    at model.updateOne (/home/harshit/CrowdStream/backend/node_modules/mongoose/lib/model.js:4104:10)
    at Socket.<anonymous> (/home/harshit/CrowdStream/backend/src/handlers/registerViewer.handler.ts:234:19)
    at processTicksAndRejections (node:internal/process/task_queues:104:5)
2026-08-18 23:03:33 error: RoomId not found
2026-08-18 23:03:46 error: RoomId not found
2026-08-18 23:03:46 error: ObjectParameterError: Parameter "filter" to updateOne() must be an object, got "6a48c735512699d8407ab848" (type string)
    at _update (/home/harshit/CrowdStream/backend/node_modules/mongoose/lib/query.js:4405:17)
    at model.Query.Query.updateOne (/home/harshit/CrowdStream/backend/node_modules/mongoose/lib/query.js:4308:10)
    at _update (/home/harshit/CrowdStream/backend/node_modules/mongoose/lib/model.js:4173:16)
    at model.updateOne (/home/harshit/CrowdStream/backend/node_modules/mongoose/lib/model.js:4104:10)
    at Socket.<anonymous> (/home/harshit/CrowdStream/backend/src/handlers/registerViewer.handler.ts:234:19)
    at processTicksAndRejections (node:internal/process/task_queues:104:5)
2026-08-18 23:03:59 error: RoomId not found
2026-08-18 23:04:03 error: ObjectParameterError: Parameter "filter" to updateOne() must be an object, got "6a48c735512699d8407ab848" (type string)
    at _update (/home/harshit/CrowdStream/backend/node_modules/mongoose/lib/query.js:4405:17)
    at model.Query.Query.updateOne (/home/harshit/CrowdStream/backend/node_modules/mongoose/lib/query.js:4308:10)
    at _update (/home/harshit/CrowdStream/backend/node_modules/mongoose/lib/model.js:4173:16)
    at model.updateOne (/home/harshit/CrowdStream/backend/node_modules/mongoose/lib/model.js:4104:10)
    at Socket.<anonymous> (/home/harshit/CrowdStream/backend/src/handlers/registerViewer.handler.ts:234:19)
    at processTicksAndRejections (node:internal/process/task_queues:104:5)
2026-08-18 23:04:13 error: RoomId not found
2026-08-18 23:04:19 error: ObjectParameterError: Parameter "filter" to updateOne() must be an object, got "6a48c735512699d8407ab848" (type string)
    at _update (/home/harshit/CrowdStream/backend/node_modules/mongoose/lib/query.js:4405:17)
    at model.Query.Query.updateOne (/home/harshit/CrowdStream/backend/node_modules/mongoose/lib/query.js:4308:10)
    at _update (/home/harshit/CrowdStream/backend/node_modules/mongoose/lib/model.js:4173:16)
    at model.updateOne (/home/harshit/CrowdStream/backend/node_modules/mongoose/lib/model.js:4104:10)
    at Socket.<anonymous> (/home/harshit/CrowdStream/backend/src/handlers/registerViewer.handler.ts:234:19)
    at processTicksAndRejections (node:internal/process/task_queues:104:5)
2026-08-18 23:04:28 error: RoomId not found
2026-08-18 23:04:36 error: ObjectParameterError: Parameter "filter" to updateOne() must be an object, got "6a48c735512699d8407ab848" (type string)
    at _update (/home/harshit/CrowdStream/backend/node_modules/mongoose/lib/query.js:4405:17)
    at model.Query.Query.updateOne (/home/harshit/CrowdStream/backend/node_modules/mongoose/lib/query.js:4308:10)
    at _update (/home/harshit/CrowdStream/backend/node_modules/mongoose/lib/model.js:4173:16)
    at model.updateOne (/home/harshit/CrowdStream/backend/node_modules/mongoose/lib/model.js:4104:10)
    at Socket.<anonymous> (/home/harshit/CrowdStream/backend/src/handlers/registerViewer.handler.ts:234:19)
    at processTicksAndRejections (node:internal/process/task_queues:104:5)
2026-08-18 23:04:44 error: RoomId not found
2026-08-18 23:04:51 error: RoomId not found
2026-08-18 23:05:00 error: RoomId not found
2026-08-18 23:05:17 error: RoomId not found
2026-08-18 23:05:33 error: RoomId not found
2026-08-18 23:05:47 error: ObjectParameterError: Parameter "filter" to updateOne() must be an object, got "6a48c735512699d8407ab848" (type string)
    at _update (/home/harshit/CrowdStream/backend/node_modules/mongoose/lib/query.js:4405:17)
    at model.Query.Query.updateOne (/home/harshit/CrowdStream/backend/node_modules/mongoose/lib/query.js:4308:10)
    at _update (/home/harshit/CrowdStream/backend/node_modules/mongoose/lib/model.js:4173:16)
    at model.updateOne (/home/harshit/CrowdStream/backend/node_modules/mongoose/lib/model.js:4104:10)
    at Socket.<anonymous> (/home/harshit/CrowdStream/backend/src/handlers/registerViewer.handler.ts:234:19)
    at processTicksAndRejections (node:internal/process/task_queues:104:5)
2026-08-18 23:06:04 error: RoomId not found
2026-08-18 23:06:29 error: RoomId not found
2026-08-18 23:06:47 error: RoomId not found
2026-08-18 23:07:00 error: ObjectParameterError: Parameter "filter" to updateOne() must be an object, got "6a48c735512699d8407ab848" (type string)
    at _update (/home/harshit/CrowdStream/backend/node_modules/mongoose/lib/query.js:4405:17)
    at model.Query.Query.updateOne (/home/harshit/CrowdStream/backend/node_modules/mongoose/lib/query.js:4308:10)
    at _update (/home/harshit/CrowdStream/backend/node_modules/mongoose/lib/model.js:4173:16)
    at model.updateOne (/home/harshit/CrowdStream/backend/node_modules/mongoose/lib/model.js:4104:10)
    at Socket.<anonymous> (/home/harshit/CrowdStream/backend/src/handlers/registerViewer.handler.ts:234:19)
    at processTicksAndRejections (node:internal/process/task_queues:104:5)
2026-08-18 23:07:18 error: ObjectParameterError: Parameter "filter" to updateOne() must be an object, got "6a48c735512699d8407ab848" (type string)
    at _update (/home/harshit/CrowdStream/backend/node_modules/mongoose/lib/query.js:4405:17)
    at model.Query.Query.updateOne (/home/harshit/CrowdStream/backend/node_modules/mongoose/lib/query.js:4308:10)
    at _update (/home/harshit/CrowdStream/backend/node_modules/mongoose/lib/model.js:4173:16)
    at model.updateOne (/home/harshit/CrowdStream/backend/node_modules/mongoose/lib/model.js:4104:10)
    at Socket.<anonymous> (/home/harshit/CrowdStream/backend/src/handlers/registerViewer.handler.ts:234:19)
    at processTicksAndRejections (node:internal/process/task_queues:104:5)
2026-08-18 23:07:37 error: ObjectParameterError: Parameter "filter" to updateOne() must be an object, got "6a48c735512699d8407ab848" (type string)
    at _update (/home/harshit/CrowdStream/backend/node_modules/mongoose/lib/query.js:4405:17)
    at model.Query.Query.updateOne (/home/harshit/CrowdStream/backend/node_modules/mongoose/lib/query.js:4308:10)
    at _update (/home/harshit/CrowdStream/backend/node_modules/mongoose/lib/model.js:4173:16)
    at model.updateOne (/home/harshit/CrowdStream/backend/node_modules/mongoose/lib/model.js:4104:10)
    at Socket.<anonymous> (/home/harshit/CrowdStream/backend/src/handlers/registerViewer.handler.ts:234:19)
    at processTicksAndRejections (node:internal/process/task_queues:104:5)
2026-08-18 23:07:40 error: RoomId not found
2026-08-18 23:07:51 error: ObjectParameterError: Parameter "filter" to updateOne() must be an object, got "6a48c735512699d8407ab848" (type string)
    at _update (/home/harshit/CrowdStream/backend/node_modules/mongoose/lib/query.js:4405:17)
    at model.Query.Query.updateOne (/home/harshit/CrowdStream/backend/node_modules/mongoose/lib/query.js:4308:10)
    at _update (/home/harshit/CrowdStream/backend/node_modules/mongoose/lib/model.js:4173:16)
    at model.updateOne (/home/harshit/CrowdStream/backend/node_modules/mongoose/lib/model.js:4104:10)
    at Socket.<anonymous> (/home/harshit/CrowdStream/backend/src/handlers/registerViewer.handler.ts:234:19)
    at processTicksAndRejections (node:internal/process/task_queues:104:5)
2026-08-18 23:07:58 error: RoomId not found
2026-08-18 23:08:06 error: RoomId not found
2026-08-18 23:08:17 error: RoomId not found
2026-08-18 23:08:33 error: RoomId not found
2026-08-18 23:08:46 error: RoomId not found
2026-08-18 23:09:02 error: ObjectParameterError: Parameter "filter" to updateOne() must be an object, got "6a48c735512699d8407ab848" (type string)
    at _update (/home/harshit/CrowdStream/backend/node_modules/mongoose/lib/query.js:4405:17)
    at model.Query.Query.updateOne (/home/harshit/CrowdStream/backend/node_modules/mongoose/lib/query.js:4308:10)
    at _update (/home/harshit/CrowdStream/backend/node_modules/mongoose/lib/model.js:4173:16)
    at model.updateOne (/home/harshit/CrowdStream/backend/node_modules/mongoose/lib/model.js:4104:10)
    at Socket.<anonymous> (/home/harshit/CrowdStream/backend/src/handlers/registerViewer.handler.ts:234:19)
    at processTicksAndRejections (node:internal/process/task_queues:104:5)
2026-08-18 23:09:16 error: ObjectParameterError: Parameter "filter" to updateOne() must be an object, got "6a48c735512699d8407ab848" (type string)
    at _update (/home/harshit/CrowdStream/backend/node_modules/mongoose/lib/query.js:4405:17)
    at model.Query.Query.updateOne (/home/harshit/CrowdStream/backend/node_modules/mongoose/lib/query.js:4308:10)
    at _update (/home/harshit/CrowdStream/backend/node_modules/mongoose/lib/model.js:4173:16)
    at model.updateOne (/home/harshit/CrowdStream/backend/node_modules/mongoose/lib/model.js:4104:10)
    at Socket.<anonymous> (/home/harshit/CrowdStream/backend/src/handlers/registerViewer.handler.ts:234:19)
    at processTicksAndRejections (node:internal/process/task_queues:104:5)
2026-08-18 23:09:33 error: ObjectParameterError: Parameter "filter" to updateOne() must be an object, got "6a48c735512699d8407ab848" (type string)
    at _update (/home/harshit/CrowdStream/backend/node_modules/mongoose/lib/query.js:4405:17)
    at model.Query.Query.updateOne (/home/harshit/CrowdStream/backend/node_modules/mongoose/lib/query.js:4308:10)
    at _update (/home/harshit/CrowdStream/backend/node_modules/mongoose/lib/model.js:4173:16)
    at model.updateOne (/home/harshit/CrowdStream/backend/node_modules/mongoose/lib/model.js:4104:10)
    at Socket.<anonymous> (/home/harshit/CrowdStream/backend/src/handlers/registerViewer.handler.ts:234:19)
    at processTicksAndRejections (node:internal/process/task_queues:104:5)
2026-08-18 23:09:43 error: RoomId not found
2026-08-18 23:09:52 error: ObjectParameterError: Parameter "filter" to updateOne() must be an object, got "6a48c735512699d8407ab848" (type string)
    at _update (/home/harshit/CrowdStream/backend/node_modules/mongoose/lib/query.js:4405:17)
    at model.Query.Query.updateOne (/home/harshit/CrowdStream/backend/node_modules/mongoose/lib/query.js:4308:10)
    at _update (/home/harshit/CrowdStream/backend/node_modules/mongoose/lib/model.js:4173:16)
    at model.updateOne (/home/harshit/CrowdStream/backend/node_modules/mongoose/lib/model.js:4104:10)
    at Socket.<anonymous> (/home/harshit/CrowdStream/backend/src/handlers/registerViewer.handler.ts:234:19)
    at processTicksAndRejections (node:internal/process/task_queues:104:5)
2026-08-18 23:09:58 error: RoomId not found
2026-08-18 23:10:08 error: ObjectParameterError: Parameter "filter" to updateOne() must be an object, got "6a48c735512699d8407ab848" (type string)
    at _update (/home/harshit/CrowdStream/backend/node_modules/mongoose/lib/query.js:4405:17)
    at model.Query.Query.updateOne (/home/harshit/CrowdStream/backend/node_modules/mongoose/lib/query.js:4308:10)
    at _update (/home/harshit/CrowdStream/backend/node_modules/mongoose/lib/model.js:4173:16)
    at model.updateOne (/home/harshit/CrowdStream/backend/node_modules/mongoose/lib/model.js:4104:10)
    at Socket.<anonymous> (/home/harshit/CrowdStream/backend/src/handlers/registerViewer.handler.ts:234:19)
    at processTicksAndRejections (node:internal/process/task_queues:104:5)
2026-08-18 23:10:13 error: RoomId not found
2026-08-18 23:10:25 error: ObjectParameterError: Parameter "filter" to updateOne() must be an object, got "6a48c735512699d8407ab848" (type string)
    at _update (/home/harshit/CrowdStream/backend/node_modules/mongoose/lib/query.js:4405:17)
    at model.Query.Query.updateOne (/home/harshit/CrowdStream/backend/node_modules/mongoose/lib/query.js:4308:10)
    at _update (/home/harshit/CrowdStream/backend/node_modules/mongoose/lib/model.js:4173:16)
    at model.updateOne (/home/harshit/CrowdStream/backend/node_modules/mongoose/lib/model.js:4104:10)
    at Socket.<anonymous> (/home/harshit/CrowdStream/backend/src/handlers/registerViewer.handler.ts:234:19)
    at processTicksAndRejections (node:internal/process/task_queues:104:5)
2026-08-18 23:10:32 error: RoomId not found
2026-08-18 23:10:42 error: ObjectParameterError: Parameter "filter" to updateOne() must be an object, got "6a48c735512699d8407ab848" (type string)
    at _update (/home/harshit/CrowdStream/backend/node_modules/mongoose/lib/query.js:4405:17)
    at model.Query.Query.updateOne (/home/harshit/CrowdStream/backend/node_modules/mongoose/lib/query.js:4308:10)
    at _update (/home/harshit/CrowdStream/backend/node_modules/mongoose/lib/model.js:4173:16)
    at model.updateOne (/home/harshit/CrowdStream/backend/node_modules/mongoose/lib/model.js:4104:10)
    at Socket.<anonymous> (/home/harshit/CrowdStream/backend/src/handlers/registerViewer.handler.ts:234:19)
    at processTicksAndRejections (node:internal/process/task_queues:104:5)
2026-08-18 23:10:50 error: RoomId not found
2026-08-18 23:11:00 error: ObjectParameterError: Parameter "filter" to updateOne() must be an object, got "6a48c735512699d8407ab848" (type string)
    at _update (/home/harshit/CrowdStream/backend/node_modules/mongoose/lib/query.js:4405:17)
    at model.Query.Query.updateOne (/home/harshit/CrowdStream/backend/node_modules/mongoose/lib/query.js:4308:10)
    at _update (/home/harshit/CrowdStream/backend/node_modules/mongoose/lib/model.js:4173:16)
    at model.updateOne (/home/harshit/CrowdStream/backend/node_modules/mongoose/lib/model.js:4104:10)
    at Socket.<anonymous> (/home/harshit/CrowdStream/backend/src/handlers/registerViewer.handler.ts:234:19)
    at processTicksAndRejections (node:internal/process/task_queues:104:5)
2026-08-18 23:11:06 error: RoomId not found
2026-08-18 23:11:15 error: RoomId not found
2026-08-18 23:11:23 error: RoomId not found
2026-08-18 23:11:41 error: RoomId not found
2026-08-18 23:11:55 error: RoomId not found
2026-08-18 23:12:09 error: RoomId not found
2026-08-18 23:12:51 error: RoomId not found
2026-08-18 23:13:08 error: ObjectParameterError: Parameter "filter" to updateOne() must be an object, got "6a48c735512699d8407ab848" (type string)
    at _update (/home/harshit/CrowdStream/backend/node_modules/mongoose/lib/query.js:4405:17)
    at model.Query.Query.updateOne (/home/harshit/CrowdStream/backend/node_modules/mongoose/lib/query.js:4308:10)
    at _update (/home/harshit/CrowdStream/backend/node_modules/mongoose/lib/model.js:4173:16)
    at model.updateOne (/home/harshit/CrowdStream/backend/node_modules/mongoose/lib/model.js:4104:10)
    at Socket.<anonymous> (/home/harshit/CrowdStream/backend/src/handlers/registerViewer.handler.ts:234:19)
    at processTicksAndRejections (node:internal/process/task_queues:104:5)
2026-08-18 23:13:31 error: RoomId not found
2026-08-18 23:13:48 error: RoomId not found
2026-08-18 23:14:10 error: RoomId not found
2026-08-18 23:14:33 error: RoomId not found
2026-08-18 23:15:12 error: RoomId not found
2026-08-18 23:15:31 error: RoomId not found
2026-08-18 23:16:12 error: RoomId not found
2026-08-18 23:16:32 error: ObjectParameterError: Parameter "filter" to updateOne() must be an object, got "6a48c735512699d8407ab848" (type string)
    at _update (/home/harshit/CrowdStream/backend/node_modules/mongoose/lib/query.js:4405:17)
    at model.Query.Query.updateOne (/home/harshit/CrowdStream/backend/node_modules/mongoose/lib/query.js:4308:10)
    at _update (/home/harshit/CrowdStream/backend/node_modules/mongoose/lib/model.js:4173:16)
    at model.updateOne (/home/harshit/CrowdStream/backend/node_modules/mongoose/lib/model.js:4104:10)
    at Socket.<anonymous> (/home/harshit/CrowdStream/backend/src/handlers/registerViewer.handler.ts:234:19)
    at processTicksAndRejections (node:internal/process/task_queues:104:5)
2026-08-18 23:16:52 error: ObjectParameterError: Parameter "filter" to updateOne() must be an object, got "6a48c735512699d8407ab848" (type string)
    at _update (/home/harshit/CrowdStream/backend/node_modules/mongoose/lib/query.js:4405:17)
    at model.Query.Query.updateOne (/home/harshit/CrowdStream/backend/node_modules/mongoose/lib/query.js:4308:10)
    at _update (/home/harshit/CrowdStream/backend/node_modules/mongoose/lib/model.js:4173:16)
    at model.updateOne (/home/harshit/CrowdStream/backend/node_modules/mongoose/lib/model.js:4104:10)
    at Socket.<anonymous> (/home/harshit/CrowdStream/backend/src/handlers/registerViewer.handler.ts:234:19)
    at processTicksAndRejections (node:internal/process/task_queues:104:5)
2026-08-18 23:17:10 error: ObjectParameterError: Parameter "filter" to updateOne() must be an object, got "6a48c735512699d8407ab848" (type string)
    at _update (/home/harshit/CrowdStream/backend/node_modules/mongoose/lib/query.js:4405:17)
    at model.Query.Query.updateOne (/home/harshit/CrowdStream/backend/node_modules/mongoose/lib/query.js:4308:10)
    at _update (/home/harshit/CrowdStream/backend/node_modules/mongoose/lib/model.js:4173:16)
    at model.updateOne (/home/harshit/CrowdStream/backend/node_modules/mongoose/lib/model.js:4104:10)
    at Socket.<anonymous> (/home/harshit/CrowdStream/backend/src/handlers/registerViewer.handler.ts:234:19)
    at processTicksAndRejections (node:internal/process/task_queues:104:5)
2026-08-18 23:17:11 error: RoomId not found
2026-08-18 23:17:27 error: RoomId not found
2026-08-18 23:17:30 error: RoomId not found
2026-08-18 23:17:51 error: RoomId not found
2026-08-18 23:18:08 error: RoomId not found
2026-08-18 23:18:26 error: RoomId not found
2026-08-18 23:19:06 error: RoomId not found
2026-08-18 23:19:26 error: ObjectParameterError: Parameter "filter" to updateOne() must be an object, got "6a48c735512699d8407ab848" (type string)
    at _update (/home/harshit/CrowdStream/backend/node_modules/mongoose/lib/query.js:4405:17)
    at model.Query.Query.updateOne (/home/harshit/CrowdStream/backend/node_modules/mongoose/lib/query.js:4308:10)
    at _update (/home/harshit/CrowdStream/backend/node_modules/mongoose/lib/model.js:4173:16)
    at model.updateOne (/home/harshit/CrowdStream/backend/node_modules/mongoose/lib/model.js:4104:10)
    at Socket.<anonymous> (/home/harshit/CrowdStream/backend/src/handlers/registerViewer.handler.ts:234:19)
    at processTicksAndRejections (node:internal/process/task_queues:104:5)
2026-08-18 23:19:43 error: RoomId not found
2026-08-18 23:20:06 error: RoomId not found
2026-08-18 23:20:24 error: RoomId not found
2026-08-18 23:20:45 error: RoomId not found
2026-08-18 23:21:26 error: RoomId not found
2026-08-18 23:21:44 error: RoomId not found
2026-08-18 23:22:24 error: RoomId not found
2026-08-18 23:22:42 error: ObjectParameterError: Parameter "filter" to updateOne() must be an object, got "6a48c735512699d8407ab848" (type string)
    at _update (/home/harshit/CrowdStream/backend/node_modules/mongoose/lib/query.js:4405:17)
    at model.Query.Query.updateOne (/home/harshit/CrowdStream/backend/node_modules/mongoose/lib/query.js:4308:10)
    at _update (/home/harshit/CrowdStream/backend/node_modules/mongoose/lib/model.js:4173:16)
    at model.updateOne (/home/harshit/CrowdStream/backend/node_modules/mongoose/lib/model.js:4104:10)
    at Socket.<anonymous> (/home/harshit/CrowdStream/backend/src/handlers/registerViewer.handler.ts:234:19)
    at processTicksAndRejections (node:internal/process/task_queues:104:5)
2026-08-18 23:22:57 error: ObjectParameterError: Parameter "filter" to updateOne() must be an object, got "6a48c735512699d8407ab848" (type string)
    at _update (/home/harshit/CrowdStream/backend/node_modules/mongoose/lib/query.js:4405:17)
    at model.Query.Query.updateOne (/home/harshit/CrowdStream/backend/node_modules/mongoose/lib/query.js:4308:10)
    at _update (/home/harshit/CrowdStream/backend/node_modules/mongoose/lib/model.js:4173:16)
    at model.updateOne (/home/harshit/CrowdStream/backend/node_modules/mongoose/lib/model.js:4104:10)
    at Socket.<anonymous> (/home/harshit/CrowdStream/backend/src/handlers/registerViewer.handler.ts:234:19)
    at processTicksAndRejections (node:internal/process/task_queues:104:5)
2026-08-18 23:23:11 error: ObjectParameterError: Parameter "filter" to updateOne() must be an object, got "6a48c735512699d8407ab848" (type string)
    at _update (/home/harshit/CrowdStream/backend/node_modules/mongoose/lib/query.js:4405:17)
    at model.Query.Query.updateOne (/home/harshit/CrowdStream/backend/node_modules/mongoose/lib/query.js:4308:10)
    at _update (/home/harshit/CrowdStream/backend/node_modules/mongoose/lib/model.js:4173:16)
    at model.updateOne (/home/harshit/CrowdStream/backend/node_modules/mongoose/lib/model.js:4104:10)
    at Socket.<anonymous> (/home/harshit/CrowdStream/backend/src/handlers/registerViewer.handler.ts:234:19)
    at processTicksAndRejections (node:internal/process/task_queues:104:5)
2026-08-18 23:23:23 error: RoomId not found
2026-08-18 23:23:27 error: ObjectParameterError: Parameter "filter" to updateOne() must be an object, got "6a48c735512699d8407ab848" (type string)
    at _update (/home/harshit/CrowdStream/backend/node_modules/mongoose/lib/query.js:4405:17)
    at model.Query.Query.updateOne (/home/harshit/CrowdStream/backend/node_modules/mongoose/lib/query.js:4308:10)
    at _update (/home/harshit/CrowdStream/backend/node_modules/mongoose/lib/model.js:4173:16)
    at model.updateOne (/home/harshit/CrowdStream/backend/node_modules/mongoose/lib/model.js:4104:10)
    at Socket.<anonymous> (/home/harshit/CrowdStream/backend/src/handlers/registerViewer.handler.ts:234:19)
    at processTicksAndRejections (node:internal/process/task_queues:104:5)
2026-08-18 23:23:39 error: RoomId not found
2026-08-18 23:23:49 error: RoomId not found
2026-08-18 23:23:53 error: RoomId not found
2026-08-18 23:24:08 error: RoomId not found
2026-08-18 23:24:30 error: RoomId not found
2026-08-18 23:24:48 error: ObjectParameterError: Parameter "filter" to updateOne() must be an object, got "6a48c735512699d8407ab848" (type string)
    at _update (/home/harshit/CrowdStream/backend/node_modules/mongoose/lib/query.js:4405:17)
    at model.Query.Query.updateOne (/home/harshit/CrowdStream/backend/node_modules/mongoose/lib/query.js:4308:10)
    at _update (/home/harshit/CrowdStream/backend/node_modules/mongoose/lib/model.js:4173:16)
    at model.updateOne (/home/harshit/CrowdStream/backend/node_modules/mongoose/lib/model.js:4104:10)
    at Socket.<anonymous> (/home/harshit/CrowdStream/backend/src/handlers/registerViewer.handler.ts:234:19)
    at processTicksAndRejections (node:internal/process/task_queues:104:5)
2026-08-18 23:25:03 error: ObjectParameterError: Parameter "filter" to updateOne() must be an object, got "6a48c735512699d8407ab848" (type string)
    at _update (/home/harshit/CrowdStream/backend/node_modules/mongoose/lib/query.js:4405:17)
    at model.Query.Query.updateOne (/home/harshit/CrowdStream/backend/node_modules/mongoose/lib/query.js:4308:10)
    at _update (/home/harshit/CrowdStream/backend/node_modules/mongoose/lib/model.js:4173:16)
    at model.updateOne (/home/harshit/CrowdStream/backend/node_modules/mongoose/lib/model.js:4104:10)
    at Socket.<anonymous> (/home/harshit/CrowdStream/backend/src/handlers/registerViewer.handler.ts:234:19)
    at processTicksAndRejections (node:internal/process/task_queues:104:5)
2026-08-18 23:25:19 error: ObjectParameterError: Parameter "filter" to updateOne() must be an object, got "6a48c735512699d8407ab848" (type string)
    at _update (/home/harshit/CrowdStream/backend/node_modules/mongoose/lib/query.js:4405:17)
    at model.Query.Query.updateOne (/home/harshit/CrowdStream/backend/node_modules/mongoose/lib/query.js:4308:10)
    at _update (/home/harshit/CrowdStream/backend/node_modules/mongoose/lib/model.js:4173:16)
    at model.updateOne (/home/harshit/CrowdStream/backend/node_modules/mongoose/lib/model.js:4104:10)
    at Socket.<anonymous> (/home/harshit/CrowdStream/backend/src/handlers/registerViewer.handler.ts:234:19)
    at processTicksAndRejections (node:internal/process/task_queues:104:5)
2026-08-18 23:25:27 error: RoomId not found
2026-08-18 23:25:35 error: ObjectParameterError: Parameter "filter" to updateOne() must be an object, got "6a48c735512699d8407ab848" (type string)
    at _update (/home/harshit/CrowdStream/backend/node_modules/mongoose/lib/query.js:4405:17)
    at model.Query.Query.updateOne (/home/harshit/CrowdStream/backend/node_modules/mongoose/lib/query.js:4308:10)
    at _update (/home/harshit/CrowdStream/backend/node_modules/mongoose/lib/model.js:4173:16)
    at model.updateOne (/home/harshit/CrowdStream/backend/node_modules/mongoose/lib/model.js:4104:10)
    at Socket.<anonymous> (/home/harshit/CrowdStream/backend/src/handlers/registerViewer.handler.ts:234:19)
    at processTicksAndRejections (node:internal/process/task_queues:104:5)
2026-08-18 23:25:44 error: RoomId not found
2026-08-18 23:25:53 error: RoomId not found
2026-08-18 23:26:00 error: RoomId not found
2026-08-18 23:26:16 error: RoomId not found
2026-08-18 23:26:33 error: RoomId not found
2026-08-18 23:26:52 error: ObjectParameterError: Parameter "filter" to updateOne() must be an object, got "6a48c735512699d8407ab848" (type string)
    at _update (/home/harshit/CrowdStream/backend/node_modules/mongoose/lib/query.js:4405:17)
    at model.Query.Query.updateOne (/home/harshit/CrowdStream/backend/node_modules/mongoose/lib/query.js:4308:10)
    at _update (/home/harshit/CrowdStream/backend/node_modules/mongoose/lib/model.js:4173:16)
    at model.updateOne (/home/harshit/CrowdStream/backend/node_modules/mongoose/lib/model.js:4104:10)
    at Socket.<anonymous> (/home/harshit/CrowdStream/backend/src/handlers/registerViewer.handler.ts:234:19)
    at processTicksAndRejections (node:internal/process/task_queues:104:5)
2026-08-18 23:27:11 error: RoomId not found
2026-08-18 23:27:30 error: RoomId not found
2026-08-18 23:27:52 error: RoomId not found
2026-08-18 23:28:07 error: ObjectParameterError: Parameter "filter" to updateOne() must be an object, got "6a48c735512699d8407ab848" (type string)
    at _update (/home/harshit/CrowdStream/backend/node_modules/mongoose/lib/query.js:4405:17)
    at model.Query.Query.updateOne (/home/harshit/CrowdStream/backend/node_modules/mongoose/lib/query.js:4308:10)
    at _update (/home/harshit/CrowdStream/backend/node_modules/mongoose/lib/model.js:4173:16)
    at model.updateOne (/home/harshit/CrowdStream/backend/node_modules/mongoose/lib/model.js:4104:10)
    at Socket.<anonymous> (/home/harshit/CrowdStream/backend/src/handlers/registerViewer.handler.ts:234:19)
    at processTicksAndRejections (node:internal/process/task_queues:104:5)
2026-08-18 23:28:24 error: ObjectParameterError: Parameter "filter" to updateOne() must be an object, got "6a48c735512699d8407ab848" (type string)
    at _update (/home/harshit/CrowdStream/backend/node_modules/mongoose/lib/query.js:4405:17)
    at model.Query.Query.updateOne (/home/harshit/CrowdStream/backend/node_modules/mongoose/lib/query.js:4308:10)
    at _update (/home/harshit/CrowdStream/backend/node_modules/mongoose/lib/model.js:4173:16)
    at model.updateOne (/home/harshit/CrowdStream/backend/node_modules/mongoose/lib/model.js:4104:10)
    at Socket.<anonymous> (/home/harshit/CrowdStream/backend/src/handlers/registerViewer.handler.ts:234:19)
    at processTicksAndRejections (node:internal/process/task_queues:104:5)
2026-08-18 23:28:46 error: RoomId not found
2026-08-18 23:28:48 error: RoomId not found
2026-08-18 23:29:05 error: RoomId not found
2026-08-18 23:29:24 error: RoomId not found
2026-08-18 23:29:43 error: RoomId not found
2026-08-18 23:30:24 error: RoomId not found
2026-08-18 23:30:46 error: RoomId not found
2026-08-18 23:31:23 error: RoomId not found
2026-08-18 23:31:48 error: ObjectParameterError: Parameter "filter" to updateOne() must be an object, got "6a48c735512699d8407ab848" (type string)
    at _update (/home/harshit/CrowdStream/backend/node_modules/mongoose/lib/query.js:4405:17)
    at model.Query.Query.updateOne (/home/harshit/CrowdStream/backend/node_modules/mongoose/lib/query.js:4308:10)
    at _update (/home/harshit/CrowdStream/backend/node_modules/mongoose/lib/model.js:4173:16)
    at model.updateOne (/home/harshit/CrowdStream/backend/node_modules/mongoose/lib/model.js:4104:10)
    at Socket.<anonymous> (/home/harshit/CrowdStream/backend/src/handlers/registerViewer.handler.ts:234:19)
    at processTicksAndRejections (node:internal/process/task_queues:104:5)
2026-08-18 23:32:10 error: RoomId not found
2026-08-18 23:32:26 error: RoomId not found
2026-08-18 23:32:52 error: RoomId not found
2026-08-18 23:33:12 error: ObjectParameterError: Parameter "filter" to updateOne() must be an object, got "6a48c735512699d8407ab848" (type string)
    at _update (/home/harshit/CrowdStream/backend/node_modules/mongoose/lib/query.js:4405:17)
    at model.Query.Query.updateOne (/home/harshit/CrowdStream/backend/node_modules/mongoose/lib/query.js:4308:10)
    at _update (/home/harshit/CrowdStream/backend/node_modules/mongoose/lib/model.js:4173:16)
    at model.updateOne (/home/harshit/CrowdStream/backend/node_modules/mongoose/lib/model.js:4104:10)
    at Socket.<anonymous> (/home/harshit/CrowdStream/backend/src/handlers/registerViewer.handler.ts:234:19)
    at processTicksAndRejections (node:internal/process/task_queues:104:5)
2026-08-18 23:33:33 error: RoomId not found
2026-08-18 23:33:52 error: RoomId not found
2026-08-18 23:34:14 error: RoomId not found
2026-08-18 23:34:40 error: RoomId not found
2026-08-18 23:35:20 error: RoomId not found
2026-08-18 23:35:47 error: RoomId not found
2026-08-18 23:36:27 error: RoomId not found
2026-08-18 23:36:28 error: RoomId not found
2026-08-18 23:36:28 error: RoomId not found
2026-08-18 23:36:29 error: RoomId not found
2026-08-18 23:36:29 error: RoomId not found
2026-08-18 23:36:29 error: RoomId not found
2026-08-18 23:36:30 error: RoomId not found
2026-08-18 23:36:30 error: RoomId not found
2026-08-18 23:36:30 error: RoomId not found
2026-08-18 23:36:30 error: RoomId not found
2026-08-18 23:36:31 error: RoomId not found
2026-08-18 23:36:31 error: RoomId not found
2026-08-18 23:36:31 error: RoomId not found
2026-08-18 23:36:31 error: RoomId not found
2026-08-18 23:36:31 error: RoomId not found
2026-08-18 23:36:31 error: RoomId not found
2026-08-18 23:36:31 error: RoomId not found
2026-08-18 23:36:31 error: RoomId not found
2026-08-18 23:36:31 error: RoomId not found
2026-08-18 23:36:31 error: RoomId not found
2026-08-18 23:36:31 error: RoomId not found
2026-08-18 23:36:31 error: RoomId not found
2026-08-18 23:36:31 error: RoomId not found
2026-08-18 23:36:31 error: RoomId not found
2026-08-18 23:36:31 error: RoomId not found
2026-08-18 23:36:31 error: RoomId not found
2026-08-19 08:32:43 error: ObjectParameterError: Parameter "filter" to updateOne() must be an object, got "6a48c735512699d8407ab848" (type string)
    at _update (/home/harshit/CrowdStream/backend/node_modules/mongoose/lib/query.js:4405:17)
    at model.Query.Query.updateOne (/home/harshit/CrowdStream/backend/node_modules/mongoose/lib/query.js:4308:10)
    at _update (/home/harshit/CrowdStream/backend/node_modules/mongoose/lib/model.js:4173:16)
    at model.updateOne (/home/harshit/CrowdStream/backend/node_modules/mongoose/lib/model.js:4104:10)
    at Socket.<anonymous> (/home/harshit/CrowdStream/backend/src/handlers/registerViewer.handler.ts:234:19)
    at processTicksAndRejections (node:internal/process/task_queues:104:5)
2026-08-19 08:32:47 error: ObjectParameterError: Parameter "filter" to updateOne() must be an object, got "6a48c735512699d8407ab848" (type string)
    at _update (/home/harshit/CrowdStream/backend/node_modules/mongoose/lib/query.js:4405:17)
    at model.Query.Query.updateOne (/home/harshit/CrowdStream/backend/node_modules/mongoose/lib/query.js:4308:10)
    at _update (/home/harshit/CrowdStream/backend/node_modules/mongoose/lib/model.js:4173:16)
    at model.updateOne (/home/harshit/CrowdStream/backend/node_modules/mongoose/lib/model.js:4104:10)
    at Socket.<anonymous> (/home/harshit/CrowdStream/backend/src/handlers/registerViewer.handler.ts:234:19)
    at processTicksAndRejections (node:internal/process/task_queues:104:5)
2026-08-19 08:32:51 error: ObjectParameterError: Parameter "filter" to updateOne() must be an object, got "6a48c735512699d8407ab848" (type string)
    at _update (/home/harshit/CrowdStream/backend/node_modules/mongoose/lib/query.js:4405:17)
    at model.Query.Query.updateOne (/home/harshit/CrowdStream/backend/node_modules/mongoose/lib/query.js:4308:10)
    at _update (/home/harshit/CrowdStream/backend/node_modules/mongoose/lib/model.js:4173:16)
    at model.updateOne (/home/harshit/CrowdStream/backend/node_modules/mongoose/lib/model.js:4104:10)
    at Socket.<anonymous> (/home/harshit/CrowdStream/backend/src/handlers/registerViewer.handler.ts:234:19)
    at processTicksAndRejections (node:internal/process/task_queues:104:5)
2026-08-19 08:32:55 error: ObjectParameterError: Parameter "filter" to updateOne() must be an object, got "6a48c735512699d8407ab848" (type string)
    at _update (/home/harshit/CrowdStream/backend/node_modules/mongoose/lib/query.js:4405:17)
    at model.Query.Query.updateOne (/home/harshit/CrowdStream/backend/node_modules/mongoose/lib/query.js:4308:10)
    at _update (/home/harshit/CrowdStream/backend/node_modules/mongoose/lib/model.js:4173:16)
    at model.updateOne (/home/harshit/CrowdStream/backend/node_modules/mongoose/lib/model.js:4104:10)
    at Socket.<anonymous> (/home/harshit/CrowdStream/backend/src/handlers/registerViewer.handler.ts:234:19)
    at processTicksAndRejections (node:internal/process/task_queues:104:5)
2026-08-19 08:32:59 error: ObjectParameterError: Parameter "filter" to updateOne() must be an object, got "6a48c735512699d8407ab848" (type string)
    at _update (/home/harshit/CrowdStream/backend/node_modules/mongoose/lib/query.js:4405:17)
    at model.Query.Query.updateOne (/home/harshit/CrowdStream/backend/node_modules/mongoose/lib/query.js:4308:10)
    at _update (/home/harshit/CrowdStream/backend/node_modules/mongoose/lib/model.js:4173:16)
    at model.updateOne (/home/harshit/CrowdStream/backend/node_modules/mongoose/lib/model.js:4104:10)
    at Socket.<anonymous> (/home/harshit/CrowdStream/backend/src/handlers/registerViewer.handler.ts:234:19)
    at processTicksAndRejections (node:internal/process/task_queues:104:5)
2026-08-19 08:33:03 error: ObjectParameterError: Parameter "filter" to updateOne() must be an object, got "6a48c735512699d8407ab848" (type string)
    at _update (/home/harshit/CrowdStream/backend/node_modules/mongoose/lib/query.js:4405:17)
    at model.Query.Query.updateOne (/home/harshit/CrowdStream/backend/node_modules/mongoose/lib/query.js:4308:10)
    at _update (/home/harshit/CrowdStream/backend/node_modules/mongoose/lib/model.js:4173:16)
    at model.updateOne (/home/harshit/CrowdStream/backend/node_modules/mongoose/lib/model.js:4104:10)
    at Socket.<anonymous> (/home/harshit/CrowdStream/backend/src/handlers/registerViewer.handler.ts:234:19)
    at processTicksAndRejections (node:internal/process/task_queues:104:5)
2026-08-19 08:33:07 error: ObjectParameterError: Parameter "filter" to updateOne() must be an object, got "6a48c735512699d8407ab848" (type string)
    at _update (/home/harshit/CrowdStream/backend/node_modules/mongoose/lib/query.js:4405:17)
    at model.Query.Query.updateOne (/home/harshit/CrowdStream/backend/node_modules/mongoose/lib/query.js:4308:10)
    at _update (/home/harshit/CrowdStream/backend/node_modules/mongoose/lib/model.js:4173:16)
    at model.updateOne (/home/harshit/CrowdStream/backend/node_modules/mongoose/lib/model.js:4104:10)
    at Socket.<anonymous> (/home/harshit/CrowdStream/backend/src/handlers/registerViewer.handler.ts:234:19)
    at processTicksAndRejections (node:internal/process/task_queues:104:5)
2026-08-19 08:33:11 error: ObjectParameterError: Parameter "filter" to updateOne() must be an object, got "6a48c735512699d8407ab848" (type string)
    at _update (/home/harshit/CrowdStream/backend/node_modules/mongoose/lib/query.js:4405:17)
    at model.Query.Query.updateOne (/home/harshit/CrowdStream/backend/node_modules/mongoose/lib/query.js:4308:10)
    at _update (/home/harshit/CrowdStream/backend/node_modules/mongoose/lib/model.js:4173:16)
    at model.updateOne (/home/harshit/CrowdStream/backend/node_modules/mongoose/lib/model.js:4104:10)
    at Socket.<anonymous> (/home/harshit/CrowdStream/backend/src/handlers/registerViewer.handler.ts:234:19)
    at processTicksAndRejections (node:internal/process/task_queues:104:5)
2026-08-19 08:33:15 error: ObjectParameterError: Parameter "filter" to updateOne() must be an object, got "6a48c735512699d8407ab848" (type string)
    at _update (/home/harshit/CrowdStream/backend/node_modules/mongoose/lib/query.js:4405:17)
    at model.Query.Query.updateOne (/home/harshit/CrowdStream/backend/node_modules/mongoose/lib/query.js:4308:10)
    at _update (/home/harshit/CrowdStream/backend/node_modules/mongoose/lib/model.js:4173:16)
    at model.updateOne (/home/harshit/CrowdStream/backend/node_modules/mongoose/lib/model.js:4104:10)
    at Socket.<anonymous> (/home/harshit/CrowdStream/backend/src/handlers/registerViewer.handler.ts:234:19)
    at processTicksAndRejections (node:internal/process/task_queues:104:5)
2026-08-19 08:33:19 error: User disconnected
2026-08-19 08:33:19 error: RoomId not found
2026-08-19 08:33:19 error: ObjectParameterError: Parameter "filter" to updateOne() must be an object, got "6a48c735512699d8407ab848" (type string)
    at _update (/home/harshit/CrowdStream/backend/node_modules/mongoose/lib/query.js:4405:17)
    at model.Query.Query.updateOne (/home/harshit/CrowdStream/backend/node_modules/mongoose/lib/query.js:4308:10)
    at _update (/home/harshit/CrowdStream/backend/node_modules/mongoose/lib/model.js:4173:16)
    at model.updateOne (/home/harshit/CrowdStream/backend/node_modules/mongoose/lib/model.js:4104:10)
    at Socket.<anonymous> (/home/harshit/CrowdStream/backend/src/handlers/registerViewer.handler.ts:234:19)
    at processTicksAndRejections (node:internal/process/task_queues:104:5)
2026-08-19 08:33:24 error: ObjectParameterError: Parameter "filter" to updateOne() must be an object, got "6a48c735512699d8407ab848" (type string)
    at _update (/home/harshit/CrowdStream/backend/node_modules/mongoose/lib/query.js:4405:17)
    at model.Query.Query.updateOne (/home/harshit/CrowdStream/backend/node_modules/mongoose/lib/query.js:4308:10)
    at _update (/home/harshit/CrowdStream/backend/node_modules/mongoose/lib/model.js:4173:16)
    at model.updateOne (/home/harshit/CrowdStream/backend/node_modules/mongoose/lib/model.js:4104:10)
    at Socket.<anonymous> (/home/harshit/CrowdStream/backend/src/handlers/registerViewer.handler.ts:234:19)
    at processTicksAndRejections (node:internal/process/task_queues:104:5)
2026-08-19 08:33:27 error: User disconnected
2026-08-19 08:33:27 error: RoomId not found
2026-08-19 08:33:28 error: ObjectParameterError: Parameter "filter" to updateOne() must be an object, got "6a48c735512699d8407ab848" (type string)
    at _update (/home/harshit/CrowdStream/backend/node_modules/mongoose/lib/query.js:4405:17)
    at model.Query.Query.updateOne (/home/harshit/CrowdStream/backend/node_modules/mongoose/lib/query.js:4308:10)
    at _update (/home/harshit/CrowdStream/backend/node_modules/mongoose/lib/model.js:4173:16)
    at model.updateOne (/home/harshit/CrowdStream/backend/node_modules/mongoose/lib/model.js:4104:10)
    at Socket.<anonymous> (/home/harshit/CrowdStream/backend/src/handlers/registerViewer.handler.ts:234:19)
    at processTicksAndRejections (node:internal/process/task_queues:104:5)
2026-08-19 08:33:31 error: User disconnected
2026-08-19 08:33:31 error: RoomId not found
2026-08-19 08:33:32 error: ObjectParameterError: Parameter "filter" to updateOne() must be an object, got "6a48c735512699d8407ab848" (type string)
    at _update (/home/harshit/CrowdStream/backend/node_modules/mongoose/lib/query.js:4405:17)
    at model.Query.Query.updateOne (/home/harshit/CrowdStream/backend/node_modules/mongoose/lib/query.js:4308:10)
    at _update (/home/harshit/CrowdStream/backend/node_modules/mongoose/lib/model.js:4173:16)
    at model.updateOne (/home/harshit/CrowdStream/backend/node_modules/mongoose/lib/model.js:4104:10)
    at Socket.<anonymous> (/home/harshit/CrowdStream/backend/src/handlers/registerViewer.handler.ts:234:19)
    at processTicksAndRejections (node:internal/process/task_queues:104:5)
2026-08-19 08:33:35 error: User disconnected
2026-08-19 08:33:35 error: RoomId not found
2026-08-19 08:33:36 error: ObjectParameterError: Parameter "filter" to updateOne() must be an object, got "6a48c735512699d8407ab848" (type string)
    at _update (/home/harshit/CrowdStream/backend/node_modules/mongoose/lib/query.js:4405:17)
    at model.Query.Query.updateOne (/home/harshit/CrowdStream/backend/node_modules/mongoose/lib/query.js:4308:10)
    at _update (/home/harshit/CrowdStream/backend/node_modules/mongoose/lib/model.js:4173:16)
    at model.updateOne (/home/harshit/CrowdStream/backend/node_modules/mongoose/lib/model.js:4104:10)
    at Socket.<anonymous> (/home/harshit/CrowdStream/backend/src/handlers/registerViewer.handler.ts:234:19)
    at processTicksAndRejections (node:internal/process/task_queues:104:5)
2026-08-19 08:33:39 error: User disconnected
2026-08-19 08:33:39 error: RoomId not found
2026-08-19 08:33:41 error: ObjectParameterError: Parameter "filter" to updateOne() must be an object, got "6a48c735512699d8407ab848" (type string)
    at _update (/home/harshit/CrowdStream/backend/node_modules/mongoose/lib/query.js:4405:17)
    at model.Query.Query.updateOne (/home/harshit/CrowdStream/backend/node_modules/mongoose/lib/query.js:4308:10)
    at _update (/home/harshit/CrowdStream/backend/node_modules/mongoose/lib/model.js:4173:16)
    at model.updateOne (/home/harshit/CrowdStream/backend/node_modules/mongoose/lib/model.js:4104:10)
    at Socket.<anonymous> (/home/harshit/CrowdStream/backend/src/handlers/registerViewer.handler.ts:234:19)
    at processTicksAndRejections (node:internal/process/task_queues:104:5)
2026-08-19 08:33:43 error: User disconnected
2026-08-19 08:33:43 error: RoomId not found
2026-08-19 08:33:45 error: ObjectParameterError: Parameter "filter" to updateOne() must be an object, got "6a48c735512699d8407ab848" (type string)
    at _update (/home/harshit/CrowdStream/backend/node_modules/mongoose/lib/query.js:4405:17)
    at model.Query.Query.updateOne (/home/harshit/CrowdStream/backend/node_modules/mongoose/lib/query.js:4308:10)
    at _update (/home/harshit/CrowdStream/backend/node_modules/mongoose/lib/model.js:4173:16)
    at model.updateOne (/home/harshit/CrowdStream/backend/node_modules/mongoose/lib/model.js:4104:10)
    at Socket.<anonymous> (/home/harshit/CrowdStream/backend/src/handlers/registerViewer.handler.ts:234:19)
    at processTicksAndRejections (node:internal/process/task_queues:104:5)
2026-08-19 08:33:47 error: User disconnected
2026-08-19 08:33:47 error: RoomId not found
2026-08-19 08:33:49 error: ObjectParameterError: Parameter "filter" to updateOne() must be an object, got "6a48c735512699d8407ab848" (type string)
    at _update (/home/harshit/CrowdStream/backend/node_modules/mongoose/lib/query.js:4405:17)
    at model.Query.Query.updateOne (/home/harshit/CrowdStream/backend/node_modules/mongoose/lib/query.js:4308:10)
    at _update (/home/harshit/CrowdStream/backend/node_modules/mongoose/lib/model.js:4173:16)
    at model.updateOne (/home/harshit/CrowdStream/backend/node_modules/mongoose/lib/model.js:4104:10)
    at Socket.<anonymous> (/home/harshit/CrowdStream/backend/src/handlers/registerViewer.handler.ts:234:19)
    at processTicksAndRejections (node:internal/process/task_queues:104:5)
2026-08-19 08:33:51 error: User disconnected
2026-08-19 08:33:51 error: RoomId not found
2026-08-19 08:33:53 error: ObjectParameterError: Parameter "filter" to updateOne() must be an object, got "6a48c735512699d8407ab848" (type string)
    at _update (/home/harshit/CrowdStream/backend/node_modules/mongoose/lib/query.js:4405:17)
    at model.Query.Query.updateOne (/home/harshit/CrowdStream/backend/node_modules/mongoose/lib/query.js:4308:10)
    at _update (/home/harshit/CrowdStream/backend/node_modules/mongoose/lib/model.js:4173:16)
    at model.updateOne (/home/harshit/CrowdStream/backend/node_modules/mongoose/lib/model.js:4104:10)
    at Socket.<anonymous> (/home/harshit/CrowdStream/backend/src/handlers/registerViewer.handler.ts:234:19)
    at processTicksAndRejections (node:internal/process/task_queues:104:5)
2026-08-19 08:33:56 error: User disconnected
2026-08-19 08:33:56 error: RoomId not found
2026-08-19 08:33:58 error: ObjectParameterError: Parameter "filter" to updateOne() must be an object, got "6a48c735512699d8407ab848" (type string)
    at _update (/home/harshit/CrowdStream/backend/node_modules/mongoose/lib/query.js:4405:17)
    at model.Query.Query.updateOne (/home/harshit/CrowdStream/backend/node_modules/mongoose/lib/query.js:4308:10)
    at _update (/home/harshit/CrowdStream/backend/node_modules/mongoose/lib/model.js:4173:16)
    at model.updateOne (/home/harshit/CrowdStream/backend/node_modules/mongoose/lib/model.js:4104:10)
    at Socket.<anonymous> (/home/harshit/CrowdStream/backend/src/handlers/registerViewer.handler.ts:234:19)
    at processTicksAndRejections (node:internal/process/task_queues:104:5)
2026-08-19 08:34:00 error: User disconnected
2026-08-19 08:34:00 error: RoomId not found
2026-08-19 08:34:02 error: ObjectParameterError: Parameter "filter" to updateOne() must be an object, got "6a48c735512699d8407ab848" (type string)
    at _update (/home/harshit/CrowdStream/backend/node_modules/mongoose/lib/query.js:4405:17)
    at model.Query.Query.updateOne (/home/harshit/CrowdStream/backend/node_modules/mongoose/lib/query.js:4308:10)
    at _update (/home/harshit/CrowdStream/backend/node_modules/mongoose/lib/model.js:4173:16)
    at model.updateOne (/home/harshit/CrowdStream/backend/node_modules/mongoose/lib/model.js:4104:10)
    at Socket.<anonymous> (/home/harshit/CrowdStream/backend/src/handlers/registerViewer.handler.ts:234:19)
    at processTicksAndRejections (node:internal/process/task_queues:104:5)
2026-08-19 08:34:04 error: User disconnected
2026-08-19 08:34:04 error: RoomId not found
2026-08-19 08:34:06 error: ObjectParameterError: Parameter "filter" to updateOne() must be an object, got "6a48c735512699d8407ab848" (type string)
    at _update (/home/harshit/CrowdStream/backend/node_modules/mongoose/lib/query.js:4405:17)
    at model.Query.Query.updateOne (/home/harshit/CrowdStream/backend/node_modules/mongoose/lib/query.js:4308:10)
    at _update (/home/harshit/CrowdStream/backend/node_modules/mongoose/lib/model.js:4173:16)
    at model.updateOne (/home/harshit/CrowdStream/backend/node_modules/mongoose/lib/model.js:4104:10)
    at Socket.<anonymous> (/home/harshit/CrowdStream/backend/src/handlers/registerViewer.handler.ts:234:19)
    at processTicksAndRejections (node:internal/process/task_queues:104:5)
2026-08-19 08:34:08 error: User disconnected
2026-08-19 08:34:08 error: RoomId not found
2026-08-19 08:34:11 error: ObjectParameterError: Parameter "filter" to updateOne() must be an object, got "6a48c735512699d8407ab848" (type string)
    at _update (/home/harshit/CrowdStream/backend/node_modules/mongoose/lib/query.js:4405:17)
    at model.Query.Query.updateOne (/home/harshit/CrowdStream/backend/node_modules/mongoose/lib/query.js:4308:10)
    at _update (/home/harshit/CrowdStream/backend/node_modules/mongoose/lib/model.js:4173:16)
    at model.updateOne (/home/harshit/CrowdStream/backend/node_modules/mongoose/lib/model.js:4104:10)
    at Socket.<anonymous> (/home/harshit/CrowdStream/backend/src/handlers/registerViewer.handler.ts:234:19)
    at processTicksAndRejections (node:internal/process/task_queues:104:5)
2026-08-19 08:34:13 error: User disconnected
2026-08-19 08:34:13 error: RoomId not found
2026-08-19 08:34:15 error: ObjectParameterError: Parameter "filter" to updateOne() must be an object, got "6a48c735512699d8407ab848" (type string)
    at _update (/home/harshit/CrowdStream/backend/node_modules/mongoose/lib/query.js:4405:17)
    at model.Query.Query.updateOne (/home/harshit/CrowdStream/backend/node_modules/mongoose/lib/query.js:4308:10)
    at _update (/home/harshit/CrowdStream/backend/node_modules/mongoose/lib/model.js:4173:16)
    at model.updateOne (/home/harshit/CrowdStream/backend/node_modules/mongoose/lib/model.js:4104:10)
    at Socket.<anonymous> (/home/harshit/CrowdStream/backend/src/handlers/registerViewer.handler.ts:234:19)
    at processTicksAndRejections (node:internal/process/task_queues:104:5)
2026-08-19 08:34:17 error: User disconnected
2026-08-19 08:34:17 error: RoomId not found
2026-08-19 08:34:19 error: ObjectParameterError: Parameter "filter" to updateOne() must be an object, got "6a48c735512699d8407ab848" (type string)
    at _update (/home/harshit/CrowdStream/backend/node_modules/mongoose/lib/query.js:4405:17)
    at model.Query.Query.updateOne (/home/harshit/CrowdStream/backend/node_modules/mongoose/lib/query.js:4308:10)
    at _update (/home/harshit/CrowdStream/backend/node_modules/mongoose/lib/model.js:4173:16)
    at model.updateOne (/home/harshit/CrowdStream/backend/node_modules/mongoose/lib/model.js:4104:10)
    at Socket.<anonymous> (/home/harshit/CrowdStream/backend/src/handlers/registerViewer.handler.ts:234:19)
    at processTicksAndRejections (node:internal/process/task_queues:104:5)
2026-08-19 08:34:21 error: User disconnected
2026-08-19 08:34:21 error: RoomId not found
2026-08-19 08:34:24 error: ObjectParameterError: Parameter "filter" to updateOne() must be an object, got "6a48c735512699d8407ab848" (type string)
    at _update (/home/harshit/CrowdStream/backend/node_modules/mongoose/lib/query.js:4405:17)
    at model.Query.Query.updateOne (/home/harshit/CrowdStream/backend/node_modules/mongoose/lib/query.js:4308:10)
    at _update (/home/harshit/CrowdStream/backend/node_modules/mongoose/lib/model.js:4173:16)
    at model.updateOne (/home/harshit/CrowdStream/backend/node_modules/mongoose/lib/model.js:4104:10)
    at Socket.<anonymous> (/home/harshit/CrowdStream/backend/src/handlers/registerViewer.handler.ts:234:19)
    at processTicksAndRejections (node:internal/process/task_queues:104:5)
2026-08-19 08:34:25 error: User disconnected
2026-08-19 08:34:25 error: RoomId not found
2026-08-19 08:34:28 error: ObjectParameterError: Parameter "filter" to updateOne() must be an object, got "6a48c735512699d8407ab848" (type string)
    at _update (/home/harshit/CrowdStream/backend/node_modules/mongoose/lib/query.js:4405:17)
    at model.Query.Query.updateOne (/home/harshit/CrowdStream/backend/node_modules/mongoose/lib/query.js:4308:10)
    at _update (/home/harshit/CrowdStream/backend/node_modules/mongoose/lib/model.js:4173:16)
    at model.updateOne (/home/harshit/CrowdStream/backend/node_modules/mongoose/lib/model.js:4104:10)
    at Socket.<anonymous> (/home/harshit/CrowdStream/backend/src/handlers/registerViewer.handler.ts:234:19)
    at processTicksAndRejections (node:internal/process/task_queues:104:5)
2026-08-19 08:34:29 error: User disconnected
2026-08-19 08:34:29 error: RoomId not found
2026-08-19 08:34:33 error: ObjectParameterError: Parameter "filter" to updateOne() must be an object, got "6a48c735512699d8407ab848" (type string)
    at _update (/home/harshit/CrowdStream/backend/node_modules/mongoose/lib/query.js:4405:17)
    at model.Query.Query.updateOne (/home/harshit/CrowdStream/backend/node_modules/mongoose/lib/query.js:4308:10)
    at _update (/home/harshit/CrowdStream/backend/node_modules/mongoose/lib/model.js:4173:16)
    at model.updateOne (/home/harshit/CrowdStream/backend/node_modules/mongoose/lib/model.js:4104:10)
    at Socket.<anonymous> (/home/harshit/CrowdStream/backend/src/handlers/registerViewer.handler.ts:234:19)
    at processTicksAndRejections (node:internal/process/task_queues:104:5)
2026-08-19 08:34:34 error: User disconnected
2026-08-19 08:34:34 error: RoomId not found
2026-08-19 08:34:38 error: ObjectParameterError: Parameter "filter" to updateOne() must be an object, got "6a48c735512699d8407ab848" (type string)
    at _update (/home/harshit/CrowdStream/backend/node_modules/mongoose/lib/query.js:4405:17)
    at model.Query.Query.updateOne (/home/harshit/CrowdStream/backend/node_modules/mongoose/lib/query.js:4308:10)
    at _update (/home/harshit/CrowdStream/backend/node_modules/mongoose/lib/model.js:4173:16)
    at model.updateOne (/home/harshit/CrowdStream/backend/node_modules/mongoose/lib/model.js:4104:10)
    at Socket.<anonymous> (/home/harshit/CrowdStream/backend/src/handlers/registerViewer.handler.ts:234:19)
    at processTicksAndRejections (node:internal/process/task_queues:104:5)
2026-08-19 08:34:38 error: User disconnected
2026-08-19 08:34:38 error: RoomId not found
2026-08-19 08:34:42 error: User disconnected
2026-08-19 08:34:42 error: RoomId not found
2026-08-19 08:34:43 error: ObjectParameterError: Parameter "filter" to updateOne() must be an object, got "6a48c735512699d8407ab848" (type string)
    at _update (/home/harshit/CrowdStream/backend/node_modules/mongoose/lib/query.js:4405:17)
    at model.Query.Query.updateOne (/home/harshit/CrowdStream/backend/node_modules/mongoose/lib/query.js:4308:10)
    at _update (/home/harshit/CrowdStream/backend/node_modules/mongoose/lib/model.js:4173:16)
    at model.updateOne (/home/harshit/CrowdStream/backend/node_modules/mongoose/lib/model.js:4104:10)
    at Socket.<anonymous> (/home/harshit/CrowdStream/backend/src/handlers/registerViewer.handler.ts:234:19)
    at processTicksAndRejections (node:internal/process/task_queues:104:5)
2026-08-19 08:34:47 error: User disconnected
2026-08-19 08:34:47 error: RoomId not found
2026-08-19 08:34:48 error: ObjectParameterError: Parameter "filter" to updateOne() must be an object, got "6a48c735512699d8407ab848" (type string)
    at _update (/home/harshit/CrowdStream/backend/node_modules/mongoose/lib/query.js:4405:17)
    at model.Query.Query.updateOne (/home/harshit/CrowdStream/backend/node_modules/mongoose/lib/query.js:4308:10)
    at _update (/home/harshit/CrowdStream/backend/node_modules/mongoose/lib/model.js:4173:16)
    at model.updateOne (/home/harshit/CrowdStream/backend/node_modules/mongoose/lib/model.js:4104:10)
    at Socket.<anonymous> (/home/harshit/CrowdStream/backend/src/handlers/registerViewer.handler.ts:234:19)
    at processTicksAndRejections (node:internal/process/task_queues:104:5)
2026-08-19 08:34:51 error: User disconnected
2026-08-19 08:34:51 error: RoomId not found
2026-08-19 08:34:53 error: ObjectParameterError: Parameter "filter" to updateOne() must be an object, got "6a48c735512699d8407ab848" (type string)
    at _update (/home/harshit/CrowdStream/backend/node_modules/mongoose/lib/query.js:4405:17)
    at model.Query.Query.updateOne (/home/harshit/CrowdStream/backend/node_modules/mongoose/lib/query.js:4308:10)
    at _update (/home/harshit/CrowdStream/backend/node_modules/mongoose/lib/model.js:4173:16)
    at model.updateOne (/home/harshit/CrowdStream/backend/node_modules/mongoose/lib/model.js:4104:10)
    at Socket.<anonymous> (/home/harshit/CrowdStream/backend/src/handlers/registerViewer.handler.ts:234:19)
    at processTicksAndRejections (node:internal/process/task_queues:104:5)
2026-08-19 08:34:55 error: User disconnected
2026-08-19 08:34:55 error: RoomId not found
2026-08-19 08:34:58 error: ObjectParameterError: Parameter "filter" to updateOne() must be an object, got "6a48c735512699d8407ab848" (type string)
    at _update (/home/harshit/CrowdStream/backend/node_modules/mongoose/lib/query.js:4405:17)
    at model.Query.Query.updateOne (/home/harshit/CrowdStream/backend/node_modules/mongoose/lib/query.js:4308:10)
    at _update (/home/harshit/CrowdStream/backend/node_modules/mongoose/lib/model.js:4173:16)
    at model.updateOne (/home/harshit/CrowdStream/backend/node_modules/mongoose/lib/model.js:4104:10)
    at Socket.<anonymous> (/home/harshit/CrowdStream/backend/src/handlers/registerViewer.handler.ts:234:19)
    at processTicksAndRejections (node:internal/process/task_queues:104:5)
2026-08-19 08:35:00 error: User disconnected
2026-08-19 08:35:00 error: RoomId not found
2026-08-19 08:35:03 error: ObjectParameterError: Parameter "filter" to updateOne() must be an object, got "6a48c735512699d8407ab848" (type string)
    at _update (/home/harshit/CrowdStream/backend/node_modules/mongoose/lib/query.js:4405:17)
    at model.Query.Query.updateOne (/home/harshit/CrowdStream/backend/node_modules/mongoose/lib/query.js:4308:10)
    at _update (/home/harshit/CrowdStream/backend/node_modules/mongoose/lib/model.js:4173:16)
    at model.updateOne (/home/harshit/CrowdStream/backend/node_modules/mongoose/lib/model.js:4104:10)
    at Socket.<anonymous> (/home/harshit/CrowdStream/backend/src/handlers/registerViewer.handler.ts:234:19)
    at processTicksAndRejections (node:internal/process/task_queues:104:5)
2026-08-19 08:35:04 error: User disconnected
2026-08-19 08:35:04 error: RoomId not found
2026-08-19 08:35:08 error: ObjectParameterError: Parameter "filter" to updateOne() must be an object, got "6a48c735512699d8407ab848" (type string)
    at _update (/home/harshit/CrowdStream/backend/node_modules/mongoose/lib/query.js:4405:17)
    at model.Query.Query.updateOne (/home/harshit/CrowdStream/backend/node_modules/mongoose/lib/query.js:4308:10)
    at _update (/home/harshit/CrowdStream/backend/node_modules/mongoose/lib/model.js:4173:16)
    at model.updateOne (/home/harshit/CrowdStream/backend/node_modules/mongoose/lib/model.js:4104:10)
    at Socket.<anonymous> (/home/harshit/CrowdStream/backend/src/handlers/registerViewer.handler.ts:234:19)
    at processTicksAndRejections (node:internal/process/task_queues:104:5)
2026-08-19 08:35:08 error: User disconnected
2026-08-19 08:35:08 error: RoomId not found
2026-08-19 08:35:13 error: ObjectParameterError: Parameter "filter" to updateOne() must be an object, got "6a48c735512699d8407ab848" (type string)
    at _update (/home/harshit/CrowdStream/backend/node_modules/mongoose/lib/query.js:4405:17)
    at model.Query.Query.updateOne (/home/harshit/CrowdStream/backend/node_modules/mongoose/lib/query.js:4308:10)
    at _update (/home/harshit/CrowdStream/backend/node_modules/mongoose/lib/model.js:4173:16)
    at model.updateOne (/home/harshit/CrowdStream/backend/node_modules/mongoose/lib/model.js:4104:10)
    at Socket.<anonymous> (/home/harshit/CrowdStream/backend/src/handlers/registerViewer.handler.ts:234:19)
    at processTicksAndRejections (node:internal/process/task_queues:104:5)
2026-08-19 08:35:13 error: User disconnected
2026-08-19 08:35:13 error: RoomId not found
2026-08-19 08:35:18 error: User disconnected
2026-08-19 08:35:18 error: RoomId not found
2026-08-19 08:35:18 error: ObjectParameterError: Parameter "filter" to updateOne() must be an object, got "6a48c735512699d8407ab848" (type string)
    at _update (/home/harshit/CrowdStream/backend/node_modules/mongoose/lib/query.js:4405:17)
    at model.Query.Query.updateOne (/home/harshit/CrowdStream/backend/node_modules/mongoose/lib/query.js:4308:10)
    at _update (/home/harshit/CrowdStream/backend/node_modules/mongoose/lib/model.js:4173:16)
    at model.updateOne (/home/harshit/CrowdStream/backend/node_modules/mongoose/lib/model.js:4104:10)
    at Socket.<anonymous> (/home/harshit/CrowdStream/backend/src/handlers/registerViewer.handler.ts:234:19)
    at processTicksAndRejections (node:internal/process/task_queues:104:5)
2026-08-19 08:35:22 error: User disconnected
2026-08-19 08:35:22 error: RoomId not found
2026-08-19 08:35:23 error: ObjectParameterError: Parameter "filter" to updateOne() must be an object, got "6a48c735512699d8407ab848" (type string)
    at _update (/home/harshit/CrowdStream/backend/node_modules/mongoose/lib/query.js:4405:17)
    at model.Query.Query.updateOne (/home/harshit/CrowdStream/backend/node_modules/mongoose/lib/query.js:4308:10)
    at _update (/home/harshit/CrowdStream/backend/node_modules/mongoose/lib/model.js:4173:16)
    at model.updateOne (/home/harshit/CrowdStream/backend/node_modules/mongoose/lib/model.js:4104:10)
    at Socket.<anonymous> (/home/harshit/CrowdStream/backend/src/handlers/registerViewer.handler.ts:234:19)
    at processTicksAndRejections (node:internal/process/task_queues:104:5)
2026-08-19 08:35:27 error: User disconnected
2026-08-19 08:35:27 error: RoomId not found
2026-08-19 08:35:28 error: ObjectParameterError: Parameter "filter" to updateOne() must be an object, got "6a48c735512699d8407ab848" (type string)
    at _update (/home/harshit/CrowdStream/backend/node_modules/mongoose/lib/query.js:4405:17)
    at model.Query.Query.updateOne (/home/harshit/CrowdStream/backend/node_modules/mongoose/lib/query.js:4308:10)
    at _update (/home/harshit/CrowdStream/backend/node_modules/mongoose/lib/model.js:4173:16)
    at model.updateOne (/home/harshit/CrowdStream/backend/node_modules/mongoose/lib/model.js:4104:10)
    at Socket.<anonymous> (/home/harshit/CrowdStream/backend/src/handlers/registerViewer.handler.ts:234:19)
    at processTicksAndRejections (node:internal/process/task_queues:104:5)
2026-08-19 08:35:32 error: User disconnected
2026-08-19 08:35:32 error: RoomId not found
2026-08-19 08:35:33 error: ObjectParameterError: Parameter "filter" to updateOne() must be an object, got "6a48c735512699d8407ab848" (type string)
    at _update (/home/harshit/CrowdStream/backend/node_modules/mongoose/lib/query.js:4405:17)
    at model.Query.Query.updateOne (/home/harshit/CrowdStream/backend/node_modules/mongoose/lib/query.js:4308:10)
    at _update (/home/harshit/CrowdStream/backend/node_modules/mongoose/lib/model.js:4173:16)
    at model.updateOne (/home/harshit/CrowdStream/backend/node_modules/mongoose/lib/model.js:4104:10)
    at Socket.<anonymous> (/home/harshit/CrowdStream/backend/src/handlers/registerViewer.handler.ts:234:19)
    at processTicksAndRejections (node:internal/process/task_queues:104:5)
2026-08-19 08:35:37 error: User disconnected
2026-08-19 08:35:37 error: RoomId not found
2026-08-19 08:35:38 error: ObjectParameterError: Parameter "filter" to updateOne() must be an object, got "6a48c735512699d8407ab848" (type string)
    at _update (/home/harshit/CrowdStream/backend/node_modules/mongoose/lib/query.js:4405:17)
    at model.Query.Query.updateOne (/home/harshit/CrowdStream/backend/node_modules/mongoose/lib/query.js:4308:10)
    at _update (/home/harshit/CrowdStream/backend/node_modules/mongoose/lib/model.js:4173:16)
    at model.updateOne (/home/harshit/CrowdStream/backend/node_modules/mongoose/lib/model.js:4104:10)
    at Socket.<anonymous> (/home/harshit/CrowdStream/backend/src/handlers/registerViewer.handler.ts:234:19)
    at processTicksAndRejections (node:internal/process/task_queues:104:5)
2026-08-19 08:35:42 error: User disconnected
2026-08-19 08:35:42 error: RoomId not found
2026-08-19 08:35:43 error: ObjectParameterError: Parameter "filter" to updateOne() must be an object, got "6a48c735512699d8407ab848" (type string)
    at _update (/home/harshit/CrowdStream/backend/node_modules/mongoose/lib/query.js:4405:17)
    at model.Query.Query.updateOne (/home/harshit/CrowdStream/backend/node_modules/mongoose/lib/query.js:4308:10)
    at _update (/home/harshit/CrowdStream/backend/node_modules/mongoose/lib/model.js:4173:16)
    at model.updateOne (/home/harshit/CrowdStream/backend/node_modules/mongoose/lib/model.js:4104:10)
    at Socket.<anonymous> (/home/harshit/CrowdStream/backend/src/handlers/registerViewer.handler.ts:234:19)
    at processTicksAndRejections (node:internal/process/task_queues:104:5)
2026-08-19 08:35:47 error: User disconnected
2026-08-19 08:35:47 error: RoomId not found
2026-08-19 08:35:49 error: ObjectParameterError: Parameter "filter" to updateOne() must be an object, got "6a48c735512699d8407ab848" (type string)
    at _update (/home/harshit/CrowdStream/backend/node_modules/mongoose/lib/query.js:4405:17)
    at model.Query.Query.updateOne (/home/harshit/CrowdStream/backend/node_modules/mongoose/lib/query.js:4308:10)
    at _update (/home/harshit/CrowdStream/backend/node_modules/mongoose/lib/model.js:4173:16)
    at model.updateOne (/home/harshit/CrowdStream/backend/node_modules/mongoose/lib/model.js:4104:10)
    at Socket.<anonymous> (/home/harshit/CrowdStream/backend/src/handlers/registerViewer.handler.ts:234:19)
    at processTicksAndRejections (node:internal/process/task_queues:104:5)
2026-08-19 08:35:52 error: User disconnected
2026-08-19 08:35:52 error: RoomId not found
2026-08-19 08:35:54 error: ObjectParameterError: Parameter "filter" to updateOne() must be an object, got "6a48c735512699d8407ab848" (type string)
    at _update (/home/harshit/CrowdStream/backend/node_modules/mongoose/lib/query.js:4405:17)
    at model.Query.Query.updateOne (/home/harshit/CrowdStream/backend/node_modules/mongoose/lib/query.js:4308:10)
    at _update (/home/harshit/CrowdStream/backend/node_modules/mongoose/lib/model.js:4173:16)
    at model.updateOne (/home/harshit/CrowdStream/backend/node_modules/mongoose/lib/model.js:4104:10)
    at Socket.<anonymous> (/home/harshit/CrowdStream/backend/src/handlers/registerViewer.handler.ts:234:19)
    at processTicksAndRejections (node:internal/process/task_queues:104:5)
2026-08-19 08:35:57 error: User disconnected
2026-08-19 08:35:57 error: RoomId not found
2026-08-19 08:36:00 error: ObjectParameterError: Parameter "filter" to updateOne() must be an object, got "6a48c735512699d8407ab848" (type string)
    at _update (/home/harshit/CrowdStream/backend/node_modules/mongoose/lib/query.js:4405:17)
    at model.Query.Query.updateOne (/home/harshit/CrowdStream/backend/node_modules/mongoose/lib/query.js:4308:10)
    at _update (/home/harshit/CrowdStream/backend/node_modules/mongoose/lib/model.js:4173:16)
    at model.updateOne (/home/harshit/CrowdStream/backend/node_modules/mongoose/lib/model.js:4104:10)
    at Socket.<anonymous> (/home/harshit/CrowdStream/backend/src/handlers/registerViewer.handler.ts:234:19)
    at processTicksAndRejections (node:internal/process/task_queues:104:5)
2026-08-19 08:36:02 error: User disconnected
2026-08-19 08:36:02 error: RoomId not found
2026-08-19 08:36:05 error: ObjectParameterError: Parameter "filter" to updateOne() must be an object, got "6a48c735512699d8407ab848" (type string)
    at _update (/home/harshit/CrowdStream/backend/node_modules/mongoose/lib/query.js:4405:17)
    at model.Query.Query.updateOne (/home/harshit/CrowdStream/backend/node_modules/mongoose/lib/query.js:4308:10)
    at _update (/home/harshit/CrowdStream/backend/node_modules/mongoose/lib/model.js:4173:16)
    at model.updateOne (/home/harshit/CrowdStream/backend/node_modules/mongoose/lib/model.js:4104:10)
    at Socket.<anonymous> (/home/harshit/CrowdStream/backend/src/handlers/registerViewer.handler.ts:234:19)
    at processTicksAndRejections (node:internal/process/task_queues:104:5)
2026-08-19 08:36:07 error: User disconnected
2026-08-19 08:36:07 error: RoomId not found
2026-08-19 08:36:11 error: ObjectParameterError: Parameter "filter" to updateOne() must be an object, got "6a48c735512699d8407ab848" (type string)
    at _update (/home/harshit/CrowdStream/backend/node_modules/mongoose/lib/query.js:4405:17)
    at model.Query.Query.updateOne (/home/harshit/CrowdStream/backend/node_modules/mongoose/lib/query.js:4308:10)
    at _update (/home/harshit/CrowdStream/backend/node_modules/mongoose/lib/model.js:4173:16)
    at model.updateOne (/home/harshit/CrowdStream/backend/node_modules/mongoose/lib/model.js:4104:10)
    at Socket.<anonymous> (/home/harshit/CrowdStream/backend/src/handlers/registerViewer.handler.ts:234:19)
    at processTicksAndRejections (node:internal/process/task_queues:104:5)
2026-08-19 08:36:12 error: User disconnected
2026-08-19 08:36:12 error: RoomId not found
2026-08-19 08:36:16 error: ObjectParameterError: Parameter "filter" to updateOne() must be an object, got "6a48c735512699d8407ab848" (type string)
    at _update (/home/harshit/CrowdStream/backend/node_modules/mongoose/lib/query.js:4405:17)
    at model.Query.Query.updateOne (/home/harshit/CrowdStream/backend/node_modules/mongoose/lib/query.js:4308:10)
    at _update (/home/harshit/CrowdStream/backend/node_modules/mongoose/lib/model.js:4173:16)
    at model.updateOne (/home/harshit/CrowdStream/backend/node_modules/mongoose/lib/model.js:4104:10)
    at Socket.<anonymous> (/home/harshit/CrowdStream/backend/src/handlers/registerViewer.handler.ts:234:19)
    at processTicksAndRejections (node:internal/process/task_queues:104:5)
2026-08-19 08:36:17 error: User disconnected
2026-08-19 08:36:17 error: RoomId not found
2026-08-19 08:36:22 error: ObjectParameterError: Parameter "filter" to updateOne() must be an object, got "6a48c735512699d8407ab848" (type string)
    at _update (/home/harshit/CrowdStream/backend/node_modules/mongoose/lib/query.js:4405:17)
    at model.Query.Query.updateOne (/home/harshit/CrowdStream/backend/node_modules/mongoose/lib/query.js:4308:10)
    at _update (/home/harshit/CrowdStream/backend/node_modules/mongoose/lib/model.js:4173:16)
    at model.updateOne (/home/harshit/CrowdStream/backend/node_modules/mongoose/lib/model.js:4104:10)
    at Socket.<anonymous> (/home/harshit/CrowdStream/backend/src/handlers/registerViewer.handler.ts:234:19)
    at processTicksAndRejections (node:internal/process/task_queues:104:5)
2026-08-19 08:36:23 error: User disconnected
2026-08-19 08:36:23 error: RoomId not found
2026-08-19 08:36:28 error: User disconnected
2026-08-19 08:36:28 error: RoomId not found
2026-08-19 08:36:28 error: ObjectParameterError: Parameter "filter" to updateOne() must be an object, got "6a48c735512699d8407ab848" (type string)
    at _update (/home/harshit/CrowdStream/backend/node_modules/mongoose/lib/query.js:4405:17)
    at model.Query.Query.updateOne (/home/harshit/CrowdStream/backend/node_modules/mongoose/lib/query.js:4308:10)
    at _update (/home/harshit/CrowdStream/backend/node_modules/mongoose/lib/model.js:4173:16)
    at model.updateOne (/home/harshit/CrowdStream/backend/node_modules/mongoose/lib/model.js:4104:10)
    at Socket.<anonymous> (/home/harshit/CrowdStream/backend/src/handlers/registerViewer.handler.ts:234:19)
    at processTicksAndRejections (node:internal/process/task_queues:104:5)
2026-08-19 08:36:33 error: User disconnected
2026-08-19 08:36:33 error: RoomId not found
2026-08-19 08:36:34 error: ObjectParameterError: Parameter "filter" to updateOne() must be an object, got "6a48c735512699d8407ab848" (type string)
    at _update (/home/harshit/CrowdStream/backend/node_modules/mongoose/lib/query.js:4405:17)
    at model.Query.Query.updateOne (/home/harshit/CrowdStream/backend/node_modules/mongoose/lib/query.js:4308:10)
    at _update (/home/harshit/CrowdStream/backend/node_modules/mongoose/lib/model.js:4173:16)
    at model.updateOne (/home/harshit/CrowdStream/backend/node_modules/mongoose/lib/model.js:4104:10)
    at Socket.<anonymous> (/home/harshit/CrowdStream/backend/src/handlers/registerViewer.handler.ts:234:19)
    at processTicksAndRejections (node:internal/process/task_queues:104:5)
2026-08-19 08:36:39 error: User disconnected
2026-08-19 08:36:39 error: RoomId not found
2026-08-19 08:36:40 error: ObjectParameterError: Parameter "filter" to updateOne() must be an object, got "6a48c735512699d8407ab848" (type string)
    at _update (/home/harshit/CrowdStream/backend/node_modules/mongoose/lib/query.js:4405:17)
    at model.Query.Query.updateOne (/home/harshit/CrowdStream/backend/node_modules/mongoose/lib/query.js:4308:10)
    at _update (/home/harshit/CrowdStream/backend/node_modules/mongoose/lib/model.js:4173:16)
    at model.updateOne (/home/harshit/CrowdStream/backend/node_modules/mongoose/lib/model.js:4104:10)
    at Socket.<anonymous> (/home/harshit/CrowdStream/backend/src/handlers/registerViewer.handler.ts:234:19)
    at processTicksAndRejections (node:internal/process/task_queues:104:5)
2026-08-19 08:36:44 error: User disconnected
2026-08-19 08:36:44 error: RoomId not found
2026-08-19 08:36:46 error: ObjectParameterError: Parameter "filter" to updateOne() must be an object, got "6a48c735512699d8407ab848" (type string)
    at _update (/home/harshit/CrowdStream/backend/node_modules/mongoose/lib/query.js:4405:17)
    at model.Query.Query.updateOne (/home/harshit/CrowdStream/backend/node_modules/mongoose/lib/query.js:4308:10)
    at _update (/home/harshit/CrowdStream/backend/node_modules/mongoose/lib/model.js:4173:16)
    at model.updateOne (/home/harshit/CrowdStream/backend/node_modules/mongoose/lib/model.js:4104:10)
    at Socket.<anonymous> (/home/harshit/CrowdStream/backend/src/handlers/registerViewer.handler.ts:234:19)
    at processTicksAndRejections (node:internal/process/task_queues:104:5)
2026-08-19 08:36:49 error: User disconnected
2026-08-19 08:36:49 error: RoomId not found
2026-08-19 08:36:52 error: ObjectParameterError: Parameter "filter" to updateOne() must be an object, got "6a48c735512699d8407ab848" (type string)
    at _update (/home/harshit/CrowdStream/backend/node_modules/mongoose/lib/query.js:4405:17)
    at model.Query.Query.updateOne (/home/harshit/CrowdStream/backend/node_modules/mongoose/lib/query.js:4308:10)
    at _update (/home/harshit/CrowdStream/backend/node_modules/mongoose/lib/model.js:4173:16)
    at model.updateOne (/home/harshit/CrowdStream/backend/node_modules/mongoose/lib/model.js:4104:10)
    at Socket.<anonymous> (/home/harshit/CrowdStream/backend/src/handlers/registerViewer.handler.ts:234:19)
    at processTicksAndRejections (node:internal/process/task_queues:104:5)
2026-08-19 08:36:55 error: User disconnected
2026-08-19 08:36:55 error: RoomId not found
2026-08-19 08:36:59 error: ObjectParameterError: Parameter "filter" to updateOne() must be an object, got "6a48c735512699d8407ab848" (type string)
    at _update (/home/harshit/CrowdStream/backend/node_modules/mongoose/lib/query.js:4405:17)
    at model.Query.Query.updateOne (/home/harshit/CrowdStream/backend/node_modules/mongoose/lib/query.js:4308:10)
    at _update (/home/harshit/CrowdStream/backend/node_modules/mongoose/lib/model.js:4173:16)
    at model.updateOne (/home/harshit/CrowdStream/backend/node_modules/mongoose/lib/model.js:4104:10)
    at Socket.<anonymous> (/home/harshit/CrowdStream/backend/src/handlers/registerViewer.handler.ts:234:19)
    at processTicksAndRejections (node:internal/process/task_queues:104:5)
2026-08-19 08:37:01 error: User disconnected
2026-08-19 08:37:01 error: RoomId not found
2026-08-19 08:37:05 error: ObjectParameterError: Parameter "filter" to updateOne() must be an object, got "6a48c735512699d8407ab848" (type string)
    at _update (/home/harshit/CrowdStream/backend/node_modules/mongoose/lib/query.js:4405:17)
    at model.Query.Query.updateOne (/home/harshit/CrowdStream/backend/node_modules/mongoose/lib/query.js:4308:10)
    at _update (/home/harshit/CrowdStream/backend/node_modules/mongoose/lib/model.js:4173:16)
    at model.updateOne (/home/harshit/CrowdStream/backend/node_modules/mongoose/lib/model.js:4104:10)
    at Socket.<anonymous> (/home/harshit/CrowdStream/backend/src/handlers/registerViewer.handler.ts:234:19)
    at processTicksAndRejections (node:internal/process/task_queues:104:5)
2026-08-19 08:37:06 error: User disconnected
2026-08-19 08:37:06 error: RoomId not found
2026-08-19 08:37:12 error: ObjectParameterError: Parameter "filter" to updateOne() must be an object, got "6a48c735512699d8407ab848" (type string)
    at _update (/home/harshit/CrowdStream/backend/node_modules/mongoose/lib/query.js:4405:17)
    at model.Query.Query.updateOne (/home/harshit/CrowdStream/backend/node_modules/mongoose/lib/query.js:4308:10)
    at _update (/home/harshit/CrowdStream/backend/node_modules/mongoose/lib/model.js:4173:16)
    at model.updateOne (/home/harshit/CrowdStream/backend/node_modules/mongoose/lib/model.js:4104:10)
    at Socket.<anonymous> (/home/harshit/CrowdStream/backend/src/handlers/registerViewer.handler.ts:234:19)
    at processTicksAndRejections (node:internal/process/task_queues:104:5)
2026-08-19 08:37:12 error: User disconnected
2026-08-19 08:37:12 error: RoomId not found
2026-08-19 08:37:18 error: User disconnected
2026-08-19 08:37:18 error: RoomId not found
2026-08-19 08:37:19 error: ObjectParameterError: Parameter "filter" to updateOne() must be an object, got "6a48c735512699d8407ab848" (type string)
    at _update (/home/harshit/CrowdStream/backend/node_modules/mongoose/lib/query.js:4405:17)
    at model.Query.Query.updateOne (/home/harshit/CrowdStream/backend/node_modules/mongoose/lib/query.js:4308:10)
    at _update (/home/harshit/CrowdStream/backend/node_modules/mongoose/lib/model.js:4173:16)
    at model.updateOne (/home/harshit/CrowdStream/backend/node_modules/mongoose/lib/model.js:4104:10)
    at Socket.<anonymous> (/home/harshit/CrowdStream/backend/src/handlers/registerViewer.handler.ts:234:19)
    at processTicksAndRejections (node:internal/process/task_queues:104:5)
2026-08-19 08:37:24 error: User disconnected
2026-08-19 08:37:24 error: RoomId not found
2026-08-19 08:37:25 error: ObjectParameterError: Parameter "filter" to updateOne() must be an object, got "6a48c735512699d8407ab848" (type string)
    at _update (/home/harshit/CrowdStream/backend/node_modules/mongoose/lib/query.js:4405:17)
    at model.Query.Query.updateOne (/home/harshit/CrowdStream/backend/node_modules/mongoose/lib/query.js:4308:10)
    at _update (/home/harshit/CrowdStream/backend/node_modules/mongoose/lib/model.js:4173:16)
    at model.updateOne (/home/harshit/CrowdStream/backend/node_modules/mongoose/lib/model.js:4104:10)
    at Socket.<anonymous> (/home/harshit/CrowdStream/backend/src/handlers/registerViewer.handler.ts:234:19)
    at processTicksAndRejections (node:internal/process/task_queues:104:5)
2026-08-19 08:37:30 error: User disconnected
2026-08-19 08:37:30 error: RoomId not found
2026-08-19 08:37:32 error: ObjectParameterError: Parameter "filter" to updateOne() must be an object, got "6a48c735512699d8407ab848" (type string)
    at _update (/home/harshit/CrowdStream/backend/node_modules/mongoose/lib/query.js:4405:17)
    at model.Query.Query.updateOne (/home/harshit/CrowdStream/backend/node_modules/mongoose/lib/query.js:4308:10)
    at _update (/home/harshit/CrowdStream/backend/node_modules/mongoose/lib/model.js:4173:16)
    at model.updateOne (/home/harshit/CrowdStream/backend/node_modules/mongoose/lib/model.js:4104:10)
    at Socket.<anonymous> (/home/harshit/CrowdStream/backend/src/handlers/registerViewer.handler.ts:234:19)
    at processTicksAndRejections (node:internal/process/task_queues:104:5)
2026-08-19 08:37:36 error: User disconnected
2026-08-19 08:37:36 error: RoomId not found
2026-08-19 08:37:40 error: ObjectParameterError: Parameter "filter" to updateOne() must be an object, got "6a48c735512699d8407ab848" (type string)
    at _update (/home/harshit/CrowdStream/backend/node_modules/mongoose/lib/query.js:4405:17)
    at model.Query.Query.updateOne (/home/harshit/CrowdStream/backend/node_modules/mongoose/lib/query.js:4308:10)
    at _update (/home/harshit/CrowdStream/backend/node_modules/mongoose/lib/model.js:4173:16)
    at model.updateOne (/home/harshit/CrowdStream/backend/node_modules/mongoose/lib/model.js:4104:10)
    at Socket.<anonymous> (/home/harshit/CrowdStream/backend/src/handlers/registerViewer.handler.ts:234:19)
    at processTicksAndRejections (node:internal/process/task_queues:104:5)
2026-08-19 08:37:43 error: User disconnected
2026-08-19 08:37:43 error: RoomId not found
2026-08-19 08:37:48 error: ObjectParameterError: Parameter "filter" to updateOne() must be an object, got "6a48c735512699d8407ab848" (type string)
    at _update (/home/harshit/CrowdStream/backend/node_modules/mongoose/lib/query.js:4405:17)
    at model.Query.Query.updateOne (/home/harshit/CrowdStream/backend/node_modules/mongoose/lib/query.js:4308:10)
    at _update (/home/harshit/CrowdStream/backend/node_modules/mongoose/lib/model.js:4173:16)
    at model.updateOne (/home/harshit/CrowdStream/backend/node_modules/mongoose/lib/model.js:4104:10)
    at Socket.<anonymous> (/home/harshit/CrowdStream/backend/src/handlers/registerViewer.handler.ts:234:19)
    at processTicksAndRejections (node:internal/process/task_queues:104:5)
2026-08-19 08:37:49 error: User disconnected
2026-08-19 08:37:49 error: RoomId not found
2026-08-19 08:37:56 error: ObjectParameterError: Parameter "filter" to updateOne() must be an object, got "6a48c735512699d8407ab848" (type string)
    at _update (/home/harshit/CrowdStream/backend/node_modules/mongoose/lib/query.js:4405:17)
    at model.Query.Query.updateOne (/home/harshit/CrowdStream/backend/node_modules/mongoose/lib/query.js:4308:10)
    at _update (/home/harshit/CrowdStream/backend/node_modules/mongoose/lib/model.js:4173:16)
    at model.updateOne (/home/harshit/CrowdStream/backend/node_modules/mongoose/lib/model.js:4104:10)
    at Socket.<anonymous> (/home/harshit/CrowdStream/backend/src/handlers/registerViewer.handler.ts:234:19)
    at processTicksAndRejections (node:internal/process/task_queues:104:5)
2026-08-19 08:37:56 error: User disconnected
2026-08-19 08:37:56 error: RoomId not found
2026-08-19 08:38:02 error: User disconnected
2026-08-19 08:38:02 error: RoomId not found
2026-08-19 08:38:04 error: ObjectParameterError: Parameter "filter" to updateOne() must be an object, got "6a48c735512699d8407ab848" (type string)
    at _update (/home/harshit/CrowdStream/backend/node_modules/mongoose/lib/query.js:4405:17)
    at model.Query.Query.updateOne (/home/harshit/CrowdStream/backend/node_modules/mongoose/lib/query.js:4308:10)
    at _update (/home/harshit/CrowdStream/backend/node_modules/mongoose/lib/model.js:4173:16)
    at model.updateOne (/home/harshit/CrowdStream/backend/node_modules/mongoose/lib/model.js:4104:10)
    at Socket.<anonymous> (/home/harshit/CrowdStream/backend/src/handlers/registerViewer.handler.ts:234:19)
    at processTicksAndRejections (node:internal/process/task_queues:104:5)
2026-08-19 08:38:09 error: User disconnected
2026-08-19 08:38:09 error: RoomId not found
2026-08-19 08:38:13 error: ObjectParameterError: Parameter "filter" to updateOne() must be an object, got "6a48c735512699d8407ab848" (type string)
    at _update (/home/harshit/CrowdStream/backend/node_modules/mongoose/lib/query.js:4405:17)
    at model.Query.Query.updateOne (/home/harshit/CrowdStream/backend/node_modules/mongoose/lib/query.js:4308:10)
    at _update (/home/harshit/CrowdStream/backend/node_modules/mongoose/lib/model.js:4173:16)
    at model.updateOne (/home/harshit/CrowdStream/backend/node_modules/mongoose/lib/model.js:4104:10)
    at Socket.<anonymous> (/home/harshit/CrowdStream/backend/src/handlers/registerViewer.handler.ts:234:19)
    at processTicksAndRejections (node:internal/process/task_queues:104:5)
2026-08-19 08:38:16 error: User disconnected
2026-08-19 08:38:16 error: RoomId not found
2026-08-19 08:38:22 error: ObjectParameterError: Parameter "filter" to updateOne() must be an object, got "6a48c735512699d8407ab848" (type string)
    at _update (/home/harshit/CrowdStream/backend/node_modules/mongoose/lib/query.js:4405:17)
    at model.Query.Query.updateOne (/home/harshit/CrowdStream/backend/node_modules/mongoose/lib/query.js:4308:10)
    at _update (/home/harshit/CrowdStream/backend/node_modules/mongoose/lib/model.js:4173:16)
    at model.updateOne (/home/harshit/CrowdStream/backend/node_modules/mongoose/lib/model.js:4104:10)
    at Socket.<anonymous> (/home/harshit/CrowdStream/backend/src/handlers/registerViewer.handler.ts:234:19)
    at processTicksAndRejections (node:internal/process/task_queues:104:5)
2026-08-19 08:38:23 error: User disconnected
2026-08-19 08:38:23 error: RoomId not found
2026-08-19 08:38:32 error: User disconnected
2026-08-19 08:38:32 error: RoomId not found
2026-08-19 08:38:32 error: ObjectParameterError: Parameter "filter" to updateOne() must be an object, got "6a48c735512699d8407ab848" (type string)
    at _update (/home/harshit/CrowdStream/backend/node_modules/mongoose/lib/query.js:4405:17)
    at model.Query.Query.updateOne (/home/harshit/CrowdStream/backend/node_modules/mongoose/lib/query.js:4308:10)
    at _update (/home/harshit/CrowdStream/backend/node_modules/mongoose/lib/model.js:4173:16)
    at model.updateOne (/home/harshit/CrowdStream/backend/node_modules/mongoose/lib/model.js:4104:10)
    at Socket.<anonymous> (/home/harshit/CrowdStream/backend/src/handlers/registerViewer.handler.ts:234:19)
    at processTicksAndRejections (node:internal/process/task_queues:104:5)
2026-08-19 08:38:39 error: User disconnected
2026-08-19 08:38:39 error: RoomId not found
2026-08-19 08:38:41 error: ObjectParameterError: Parameter "filter" to updateOne() must be an object, got "6a48c735512699d8407ab848" (type string)
    at _update (/home/harshit/CrowdStream/backend/node_modules/mongoose/lib/query.js:4405:17)
    at model.Query.Query.updateOne (/home/harshit/CrowdStream/backend/node_modules/mongoose/lib/query.js:4308:10)
    at _update (/home/harshit/CrowdStream/backend/node_modules/mongoose/lib/model.js:4173:16)
    at model.updateOne (/home/harshit/CrowdStream/backend/node_modules/mongoose/lib/model.js:4104:10)
    at Socket.<anonymous> (/home/harshit/CrowdStream/backend/src/handlers/registerViewer.handler.ts:234:19)
    at processTicksAndRejections (node:internal/process/task_queues:104:5)
2026-08-19 08:38:47 error: User disconnected
2026-08-19 08:38:47 error: RoomId not found
2026-08-19 08:38:51 error: ObjectParameterError: Parameter "filter" to updateOne() must be an object, got "6a48c735512699d8407ab848" (type string)
    at _update (/home/harshit/CrowdStream/backend/node_modules/mongoose/lib/query.js:4405:17)
    at model.Query.Query.updateOne (/home/harshit/CrowdStream/backend/node_modules/mongoose/lib/query.js:4308:10)
    at _update (/home/harshit/CrowdStream/backend/node_modules/mongoose/lib/model.js:4173:16)
    at model.updateOne (/home/harshit/CrowdStream/backend/node_modules/mongoose/lib/model.js:4104:10)
    at Socket.<anonymous> (/home/harshit/CrowdStream/backend/src/handlers/registerViewer.handler.ts:234:19)
    at processTicksAndRejections (node:internal/process/task_queues:104:5)
2026-08-19 08:38:56 error: User disconnected
2026-08-19 08:38:56 error: RoomId not found
2026-08-19 08:39:02 error: ObjectParameterError: Parameter "filter" to updateOne() must be an object, got "6a48c735512699d8407ab848" (type string)
    at _update (/home/harshit/CrowdStream/backend/node_modules/mongoose/lib/query.js:4405:17)
    at model.Query.Query.updateOne (/home/harshit/CrowdStream/backend/node_modules/mongoose/lib/query.js:4308:10)
    at _update (/home/harshit/CrowdStream/backend/node_modules/mongoose/lib/model.js:4173:16)
    at model.updateOne (/home/harshit/CrowdStream/backend/node_modules/mongoose/lib/model.js:4104:10)
    at Socket.<anonymous> (/home/harshit/CrowdStream/backend/src/handlers/registerViewer.handler.ts:234:19)
    at processTicksAndRejections (node:internal/process/task_queues:104:5)
2026-08-19 08:39:05 error: User disconnected
2026-08-19 08:39:05 error: RoomId not found
2026-08-19 08:39:15 error: User disconnected
2026-08-19 08:39:15 error: RoomId not found
2026-08-19 08:39:15 error: ObjectParameterError: Parameter "filter" to updateOne() must be an object, got "6a48c735512699d8407ab848" (type string)
    at _update (/home/harshit/CrowdStream/backend/node_modules/mongoose/lib/query.js:4405:17)
    at model.Query.Query.updateOne (/home/harshit/CrowdStream/backend/node_modules/mongoose/lib/query.js:4308:10)
    at _update (/home/harshit/CrowdStream/backend/node_modules/mongoose/lib/model.js:4173:16)
    at model.updateOne (/home/harshit/CrowdStream/backend/node_modules/mongoose/lib/model.js:4104:10)
    at Socket.<anonymous> (/home/harshit/CrowdStream/backend/src/handlers/registerViewer.handler.ts:234:19)
    at processTicksAndRejections (node:internal/process/task_queues:104:5)
2026-08-19 08:39:25 error: User disconnected
2026-08-19 08:39:25 error: RoomId not found
2026-08-19 08:39:29 error: User disconnected
2026-08-19 08:39:29 error: RoomId not found
2026-08-19 08:39:34 error: User disconnected
2026-08-19 08:39:34 error: RoomId not found
2026-08-19 08:39:45 error: User disconnected
2026-08-19 08:39:45 error: RoomId not found
2026-08-19 08:39:57 error: User disconnected
2026-08-19 08:39:57 error: RoomId not found
2026-08-19 08:40:11 error: User disconnected
2026-08-19 08:40:11 error: RoomId not found
2026-08-19 08:40:22 error: User disconnected
2026-08-19 08:40:22 error: RoomId not found
2026-08-19 08:41:04 error: User disconnected
2026-08-19 08:41:04 error: RoomId not found
2026-08-19 08:41:14 error: User disconnected
2026-08-19 08:41:14 error: RoomId not found
2026-08-19 08:41:57 error: User disconnected
2026-08-19 08:41:57 error: RoomId not found
2026-08-19 08:42:07 error: ObjectParameterError: Parameter "filter" to updateOne() must be an object, got "6a48c735512699d8407ab848" (type string)
    at _update (/home/harshit/CrowdStream/backend/node_modules/mongoose/lib/query.js:4405:17)
    at model.Query.Query.updateOne (/home/harshit/CrowdStream/backend/node_modules/mongoose/lib/query.js:4308:10)
    at _update (/home/harshit/CrowdStream/backend/node_modules/mongoose/lib/model.js:4173:16)
    at model.updateOne (/home/harshit/CrowdStream/backend/node_modules/mongoose/lib/model.js:4104:10)
    at Socket.<anonymous> (/home/harshit/CrowdStream/backend/src/handlers/registerViewer.handler.ts:234:19)
    at processTicksAndRejections (node:internal/process/task_queues:104:5)
2026-08-19 08:42:19 error: User disconnected
2026-08-19 08:42:19 error: RoomId not found
2026-08-19 08:42:49 error: User disconnected
2026-08-19 08:42:49 error: RoomId not found
2026-08-19 08:43:01 error: User disconnected
2026-08-19 08:43:01 error: RoomId not found
2026-08-19 08:43:10 error: ObjectParameterError: Parameter "filter" to updateOne() must be an object, got "6a48c735512699d8407ab848" (type string)
    at _update (/home/harshit/CrowdStream/backend/node_modules/mongoose/lib/query.js:4405:17)
    at model.Query.Query.updateOne (/home/harshit/CrowdStream/backend/node_modules/mongoose/lib/query.js:4308:10)
    at _update (/home/harshit/CrowdStream/backend/node_modules/mongoose/lib/model.js:4173:16)
    at model.updateOne (/home/harshit/CrowdStream/backend/node_modules/mongoose/lib/model.js:4104:10)
    at Socket.<anonymous> (/home/harshit/CrowdStream/backend/src/handlers/registerViewer.handler.ts:234:19)
    at processTicksAndRejections (node:internal/process/task_queues:104:5)
2026-08-19 08:43:23 error: ObjectParameterError: Parameter "filter" to updateOne() must be an object, got "6a48c735512699d8407ab848" (type string)
    at _update (/home/harshit/CrowdStream/backend/node_modules/mongoose/lib/query.js:4405:17)
    at model.Query.Query.updateOne (/home/harshit/CrowdStream/backend/node_modules/mongoose/lib/query.js:4308:10)
    at _update (/home/harshit/CrowdStream/backend/node_modules/mongoose/lib/model.js:4173:16)
    at model.updateOne (/home/harshit/CrowdStream/backend/node_modules/mongoose/lib/model.js:4104:10)
    at Socket.<anonymous> (/home/harshit/CrowdStream/backend/src/handlers/registerViewer.handler.ts:234:19)
    at processTicksAndRejections (node:internal/process/task_queues:104:5)
2026-08-19 08:43:38 error: User disconnected
2026-08-19 08:43:38 error: RoomId not found
2026-08-19 08:43:53 error: User disconnected
2026-08-19 08:43:53 error: RoomId not found
2026-08-19 08:44:06 error: User disconnected
2026-08-19 08:44:06 error: RoomId not found
2026-08-19 08:44:20 error: User disconnected
2026-08-19 08:44:20 error: RoomId not found
2026-08-19 08:44:32 error: User disconnected
2026-08-19 08:44:32 error: RoomId not found
2026-08-19 08:45:15 error: User disconnected
2026-08-19 08:45:15 error: RoomId not found
2026-08-19 08:45:25 error: User disconnected
2026-08-19 08:45:25 error: RoomId not found
2026-08-19 08:46:07 error: User disconnected
2026-08-19 08:46:07 error: RoomId not found
2026-08-19 08:46:18 error: ObjectParameterError: Parameter "filter" to updateOne() must be an object, got "6a48c735512699d8407ab848" (type string)
    at _update (/home/harshit/CrowdStream/backend/node_modules/mongoose/lib/query.js:4405:17)
    at model.Query.Query.updateOne (/home/harshit/CrowdStream/backend/node_modules/mongoose/lib/query.js:4308:10)
    at _update (/home/harshit/CrowdStream/backend/node_modules/mongoose/lib/model.js:4173:16)
    at model.updateOne (/home/harshit/CrowdStream/backend/node_modules/mongoose/lib/model.js:4104:10)
    at Socket.<anonymous> (/home/harshit/CrowdStream/backend/src/handlers/registerViewer.handler.ts:234:19)
    at processTicksAndRejections (node:internal/process/task_queues:104:5)
2026-08-19 08:46:32 error: User disconnected
2026-08-19 08:46:32 error: RoomId not found
2026-08-19 08:46:59 error: User disconnected
2026-08-19 08:46:59 error: RoomId not found
2026-08-19 08:47:14 error: User disconnected
2026-08-19 08:47:14 error: RoomId not found
2026-08-19 08:47:27 error: User disconnected
2026-08-19 08:47:27 error: RoomId not found
2026-08-19 08:48:08 error: User disconnected
2026-08-19 08:48:08 error: RoomId not found
2026-08-19 08:48:17 error: User disconnected
2026-08-19 08:48:17 error: RoomId not found
2026-08-19 08:48:59 error: User disconnected
2026-08-19 08:48:59 error: RoomId not found
2026-08-19 08:49:10 error: User disconnected
2026-08-19 08:49:10 error: RoomId not found
2026-08-19 08:49:52 error: User disconnected
2026-08-19 08:49:52 error: RoomId not found
2026-08-19 08:50:04 error: User disconnected
2026-08-19 08:50:04 error: RoomId not found
2026-08-19 08:50:46 error: User disconnected
2026-08-19 08:50:46 error: RoomId not found
2026-08-19 08:50:58 error: User disconnected
2026-08-19 08:50:58 error: RoomId not found
2026-08-19 08:51:40 error: User disconnected
2026-08-19 08:51:40 error: RoomId not found
2026-08-19 08:51:51 error: ObjectParameterError: Parameter "filter" to updateOne() must be an object, got "6a48c735512699d8407ab848" (type string)
    at _update (/home/harshit/CrowdStream/backend/node_modules/mongoose/lib/query.js:4405:17)
    at model.Query.Query.updateOne (/home/harshit/CrowdStream/backend/node_modules/mongoose/lib/query.js:4308:10)
    at _update (/home/harshit/CrowdStream/backend/node_modules/mongoose/lib/model.js:4173:16)
    at model.updateOne (/home/harshit/CrowdStream/backend/node_modules/mongoose/lib/model.js:4104:10)
    at Socket.<anonymous> (/home/harshit/CrowdStream/backend/src/handlers/registerViewer.handler.ts:234:19)
    at processTicksAndRejections (node:internal/process/task_queues:104:5)
2026-08-19 08:52:06 error: User disconnected
2026-08-19 08:52:06 error: RoomId not found
2026-08-19 08:52:33 error: User disconnected
2026-08-19 08:52:33 error: RoomId not found
2026-08-19 08:52:48 error: User disconnected
2026-08-19 08:52:48 error: RoomId not found
2026-08-19 08:53:01 error: User disconnected
2026-08-19 08:53:01 error: RoomId not found
2026-08-19 08:53:42 error: User disconnected
2026-08-19 08:53:42 error: RoomId not found
2026-08-19 08:53:56 error: ObjectParameterError: Parameter "filter" to updateOne() must be an object, got "6a48c735512699d8407ab848" (type string)
    at _update (/home/harshit/CrowdStream/backend/node_modules/mongoose/lib/query.js:4405:17)
    at model.Query.Query.updateOne (/home/harshit/CrowdStream/backend/node_modules/mongoose/lib/query.js:4308:10)
    at _update (/home/harshit/CrowdStream/backend/node_modules/mongoose/lib/model.js:4173:16)
    at model.updateOne (/home/harshit/CrowdStream/backend/node_modules/mongoose/lib/model.js:4104:10)
    at Socket.<anonymous> (/home/harshit/CrowdStream/backend/src/handlers/registerViewer.handler.ts:234:19)
    at processTicksAndRejections (node:internal/process/task_queues:104:5)
2026-08-19 08:54:12 error: User disconnected
2026-08-19 08:54:13 error: RoomId not found
2026-08-19 08:54:38 error: User disconnected
2026-08-19 08:54:38 error: RoomId not found
2026-08-19 08:54:54 error: User disconnected
2026-08-19 08:54:54 error: RoomId not found
2026-08-19 08:55:11 error: ObjectParameterError: Parameter "filter" to updateOne() must be an object, got "6a48c735512699d8407ab848" (type string)
    at _update (/home/harshit/CrowdStream/backend/node_modules/mongoose/lib/query.js:4405:17)
    at model.Query.Query.updateOne (/home/harshit/CrowdStream/backend/node_modules/mongoose/lib/query.js:4308:10)
    at _update (/home/harshit/CrowdStream/backend/node_modules/mongoose/lib/model.js:4173:16)
    at model.updateOne (/home/harshit/CrowdStream/backend/node_modules/mongoose/lib/model.js:4104:10)
    at Socket.<anonymous> (/home/harshit/CrowdStream/backend/src/handlers/registerViewer.handler.ts:234:19)
    at processTicksAndRejections (node:internal/process/task_queues:104:5)
2026-08-19 08:55:23 error: User disconnected
2026-08-19 08:55:23 error: RoomId not found
2026-08-19 08:55:51 error: User disconnected
2026-08-19 08:55:51 error: RoomId not found
2026-08-19 08:56:06 error: User disconnected
2026-08-19 08:56:06 error: RoomId not found
2026-08-19 08:56:20 error: User disconnected
2026-08-19 08:56:20 error: RoomId not found
2026-08-19 08:57:01 error: User disconnected
2026-08-19 08:57:01 error: RoomId not found
2026-08-19 08:57:18 error: User disconnected
2026-08-19 08:57:18 error: RoomId not found
2026-08-19 08:57:58 error: User disconnected
2026-08-19 08:57:58 error: RoomId not found
2026-08-19 08:58:13 error: ObjectParameterError: Parameter "filter" to updateOne() must be an object, got "6a48c735512699d8407ab848" (type string)
    at _update (/home/harshit/CrowdStream/backend/node_modules/mongoose/lib/query.js:4405:17)
    at model.Query.Query.updateOne (/home/harshit/CrowdStream/backend/node_modules/mongoose/lib/query.js:4308:10)
    at _update (/home/harshit/CrowdStream/backend/node_modules/mongoose/lib/model.js:4173:16)
    at model.updateOne (/home/harshit/CrowdStream/backend/node_modules/mongoose/lib/model.js:4104:10)
    at Socket.<anonymous> (/home/harshit/CrowdStream/backend/src/handlers/registerViewer.handler.ts:234:19)
    at processTicksAndRejections (node:internal/process/task_queues:104:5)
2026-08-19 08:58:27 error: ObjectParameterError: Parameter "filter" to updateOne() must be an object, got "6a48c735512699d8407ab848" (type string)
    at _update (/home/harshit/CrowdStream/backend/node_modules/mongoose/lib/query.js:4405:17)
    at model.Query.Query.updateOne (/home/harshit/CrowdStream/backend/node_modules/mongoose/lib/query.js:4308:10)
    at _update (/home/harshit/CrowdStream/backend/node_modules/mongoose/lib/model.js:4173:16)
    at model.updateOne (/home/harshit/CrowdStream/backend/node_modules/mongoose/lib/model.js:4104:10)
    at Socket.<anonymous> (/home/harshit/CrowdStream/backend/src/handlers/registerViewer.handler.ts:234:19)
    at processTicksAndRejections (node:internal/process/task_queues:104:5)
2026-08-19 08:58:40 error: ObjectParameterError: Parameter "filter" to updateOne() must be an object, got "6a48c735512699d8407ab848" (type string)
    at _update (/home/harshit/CrowdStream/backend/node_modules/mongoose/lib/query.js:4405:17)
    at model.Query.Query.updateOne (/home/harshit/CrowdStream/backend/node_modules/mongoose/lib/query.js:4308:10)
    at _update (/home/harshit/CrowdStream/backend/node_modules/mongoose/lib/model.js:4173:16)
    at model.updateOne (/home/harshit/CrowdStream/backend/node_modules/mongoose/lib/model.js:4104:10)
    at Socket.<anonymous> (/home/harshit/CrowdStream/backend/src/handlers/registerViewer.handler.ts:234:19)
    at processTicksAndRejections (node:internal/process/task_queues:104:5)
2026-08-19 08:58:51 error: ObjectParameterError: Parameter "filter" to updateOne() must be an object, got "6a48c735512699d8407ab848" (type string)
    at _update (/home/harshit/CrowdStream/backend/node_modules/mongoose/lib/query.js:4405:17)
    at model.Query.Query.updateOne (/home/harshit/CrowdStream/backend/node_modules/mongoose/lib/query.js:4308:10)
    at _update (/home/harshit/CrowdStream/backend/node_modules/mongoose/lib/model.js:4173:16)
    at model.updateOne (/home/harshit/CrowdStream/backend/node_modules/mongoose/lib/model.js:4104:10)
    at Socket.<anonymous> (/home/harshit/CrowdStream/backend/src/handlers/registerViewer.handler.ts:234:19)
    at processTicksAndRejections (node:internal/process/task_queues:104:5)
2026-08-19 08:58:52 error: User disconnected
2026-08-19 08:58:52 error: RoomId not found
2026-08-19 08:58:52 error: User disconnected
2026-08-19 08:58:52 error: RoomId not found
2026-08-19 08:58:52 error: User disconnected
2026-08-19 08:58:52 error: User disconnected
2026-08-19 08:58:53 error: User disconnected
2026-08-19 08:58:53 error: User disconnected
2026-08-19 08:58:53 error: RoomId not found
2026-08-19 08:58:53 error: User disconnected
2026-08-19 08:58:53 error: RoomId not found
2026-08-19 08:58:53 error: User disconnected
2026-08-19 08:58:53 error: User disconnected
2026-08-19 08:58:53 error: RoomId not found
2026-08-19 08:58:53 error: User disconnected
2026-08-19 08:58:53 error: User disconnected
2026-08-19 08:58:53 error: User disconnected
2026-08-19 08:58:53 error: RoomId not found
2026-08-19 08:58:53 error: User disconnected
2026-08-19 08:58:53 error: User disconnected
2026-08-19 08:58:53 error: User disconnected
2026-08-19 08:58:53 error: User disconnected
2026-08-19 08:58:53 error: User disconnected
2026-08-19 08:58:53 error: User disconnected
2026-08-19 08:58:53 error: User disconnected
2026-08-19 08:58:53 error: RoomId not found
2026-08-19 08:58:53 error: User disconnected
2026-08-19 08:58:53 error: User disconnected
2026-08-19 08:58:53 error: User disconnected
2026-08-19 08:58:53 error: User disconnected
2026-08-19 08:58:53 error: User disconnected
2026-08-19 08:58:53 error: User disconnected
2026-08-19 08:58:53 error: User disconnected
2026-08-19 08:58:53 error: RoomId not found
2026-08-19 08:58:53 error: User disconnected
2026-08-19 08:58:53 error: User disconnected
2026-08-19 08:58:53 error: User disconnected
2026-08-19 08:58:53 error: RoomId not found
2026-08-19 08:58:53 error: User disconnected
2026-08-19 08:58:53 error: RoomId not found
2026-08-19 08:58:53 error: User disconnected
2026-08-19 08:58:53 error: RoomId not found
2026-08-19 08:58:53 error: User disconnected
2026-08-19 08:58:53 error: User disconnected
2026-08-19 08:58:53 error: RoomId not found
2026-08-19 08:58:53 error: User disconnected
2026-08-19 08:58:53 error: RoomId not found
2026-08-19 08:58:53 error: User disconnected
2026-08-19 08:58:53 error: User disconnected
2026-08-19 08:58:53 error: User disconnected
2026-08-19 08:58:53 error: RoomId not found
2026-08-19 08:58:53 error: User disconnected
2026-08-19 08:58:53 error: User disconnected
2026-08-19 08:58:53 error: User disconnected
2026-08-19 08:58:53 error: RoomId not found
2026-08-19 08:58:53 error: User disconnected
2026-08-19 08:58:53 error: User disconnected
2026-08-19 08:58:53 error: User disconnected
2026-08-19 08:58:53 error: User disconnected
2026-08-19 08:58:53 error: User disconnected
2026-08-19 08:58:53 error: User disconnected
2026-08-19 08:58:53 error: User disconnected
2026-08-19 08:58:53 error: User disconnected
2026-08-19 08:58:53 error: User disconnected
2026-08-19 08:58:53 error: User disconnected
2026-08-19 08:58:53 error: User disconnected
2026-08-19 08:58:53 error: User disconnected
2026-08-19 08:58:53 error: User disconnected
2026-08-19 08:58:53 error: User disconnected
2026-08-19 08:58:54 error: User disconnected
2026-08-19 08:58:54 error: User disconnected
2026-08-19 08:58:54 error: User disconnected
2026-08-19 08:58:54 error: User disconnected
2026-08-19 08:58:54 error: User disconnected
2026-08-19 08:58:54 error: User disconnected
2026-08-19 08:58:54 error: User disconnected
2026-08-19 08:58:54 error: User disconnected
2026-08-19 08:58:54 error: User disconnected
2026-08-19 08:58:54 error: User disconnected
2026-08-19 08:58:54 error: User disconnected
2026-08-19 08:58:54 error: User disconnected
2026-08-19 08:58:54 error: User disconnected
2026-08-19 08:58:54 error: User disconnected
2026-08-19 08:58:54 error: User disconnected
2026-08-19 08:58:54 error: User disconnected
2026-08-19 08:58:54 error: User disconnected
2026-08-19 08:58:54 error: User disconnected
2026-08-19 08:58:54 error: User disconnected
2026-08-19 08:58:54 error: User disconnected
2026-08-19 08:58:54 error: User disconnected
2026-08-19 08:58:54 error: User disconnected
2026-08-19 08:58:54 error: User disconnected
2026-08-19 08:58:54 error: User disconnected
2026-08-19 08:58:54 error: User disconnected
2026-08-19 08:58:54 error: User disconnected
2026-08-19 08:58:54 error: User disconnected
2026-08-19 08:58:54 error: User disconnected
2026-08-19 08:58:54 error: User disconnected
2026-08-19 08:58:54 error: User disconnected
2026-08-19 08:58:54 error: User disconnected
2026-08-19 08:58:54 error: User disconnected
2026-08-19 08:58:54 error: User disconnected
2026-08-19 08:58:54 error: User disconnected
2026-08-19 08:58:54 error: User disconnected
2026-08-19 08:58:54 error: User disconnected
2026-08-19 08:58:54 error: User disconnected
2026-08-19 08:58:54 error: User disconnected
2026-08-19 08:58:54 error: User disconnected
2026-08-19 08:58:54 error: User disconnected
2026-08-19 08:58:54 error: User disconnected
2026-08-19 08:58:54 error: User disconnected
2026-08-19 08:58:54 error: User disconnected
2026-08-19 08:58:54 error: User disconnected
2026-08-19 08:58:54 error: RoomId not found
2026-08-19 08:58:54 error: User disconnected
2026-08-19 08:58:54 error: RoomId not found
2026-08-19 08:58:54 error: User disconnected
2026-08-19 08:58:54 error: RoomId not found
2026-08-19 08:58:54 error: User disconnected
2026-08-19 08:58:54 error: RoomId not found
2026-08-19 08:58:54 error: User disconnected
2026-08-19 08:58:54 error: RoomId not found
2026-08-19 08:58:54 error: User disconnected
2026-08-19 08:58:54 error: RoomId not found
2026-08-19 08:59:24 error: User disconnected
2026-08-19 08:59:24 error: RoomId not found
2026-08-19 08:59:34 error: User disconnected
2026-08-19 08:59:34 error: RoomId not found
2026-08-19 09:03:16 error: ObjectParameterError: Parameter "filter" to updateOne() must be an object, got "6a48c735512699d8407ab848" (type string)
    at _update (/home/harshit/CrowdStream/backend/node_modules/mongoose/lib/query.js:4405:17)
    at model.Query.Query.updateOne (/home/harshit/CrowdStream/backend/node_modules/mongoose/lib/query.js:4308:10)
    at _update (/home/harshit/CrowdStream/backend/node_modules/mongoose/lib/model.js:4173:16)
    at model.updateOne (/home/harshit/CrowdStream/backend/node_modules/mongoose/lib/model.js:4104:10)
    at Socket.<anonymous> (/home/harshit/CrowdStream/backend/src/handlers/registerViewer.handler.ts:234:19)
    at processTicksAndRejections (node:internal/process/task_queues:104:5)
2026-08-19 09:03:20 error: ObjectParameterError: Parameter "filter" to updateOne() must be an object, got "6a48c735512699d8407ab848" (type string)
    at _update (/home/harshit/CrowdStream/backend/node_modules/mongoose/lib/query.js:4405:17)
    at model.Query.Query.updateOne (/home/harshit/CrowdStream/backend/node_modules/mongoose/lib/query.js:4308:10)
    at _update (/home/harshit/CrowdStream/backend/node_modules/mongoose/lib/model.js:4173:16)
    at model.updateOne (/home/harshit/CrowdStream/backend/node_modules/mongoose/lib/model.js:4104:10)
    at Socket.<anonymous> (/home/harshit/CrowdStream/backend/src/handlers/registerViewer.handler.ts:234:19)
    at processTicksAndRejections (node:internal/process/task_queues:104:5)
2026-08-19 09:03:23 error: ObjectParameterError: Parameter "filter" to updateOne() must be an object, got "6a48c735512699d8407ab848" (type string)
    at _update (/home/harshit/CrowdStream/backend/node_modules/mongoose/lib/query.js:4405:17)
    at model.Query.Query.updateOne (/home/harshit/CrowdStream/backend/node_modules/mongoose/lib/query.js:4308:10)
    at _update (/home/harshit/CrowdStream/backend/node_modules/mongoose/lib/model.js:4173:16)
    at model.updateOne (/home/harshit/CrowdStream/backend/node_modules/mongoose/lib/model.js:4104:10)
    at Socket.<anonymous> (/home/harshit/CrowdStream/backend/src/handlers/registerViewer.handler.ts:234:19)
    at processTicksAndRejections (node:internal/process/task_queues:104:5)
2026-08-19 09:03:27 error: ObjectParameterError: Parameter "filter" to updateOne() must be an object, got "6a48c735512699d8407ab848" (type string)
    at _update (/home/harshit/CrowdStream/backend/node_modules/mongoose/lib/query.js:4405:17)
    at model.Query.Query.updateOne (/home/harshit/CrowdStream/backend/node_modules/mongoose/lib/query.js:4308:10)
    at _update (/home/harshit/CrowdStream/backend/node_modules/mongoose/lib/model.js:4173:16)
    at model.updateOne (/home/harshit/CrowdStream/backend/node_modules/mongoose/lib/model.js:4104:10)
    at Socket.<anonymous> (/home/harshit/CrowdStream/backend/src/handlers/registerViewer.handler.ts:234:19)
    at processTicksAndRejections (node:internal/process/task_queues:104:5)
2026-08-19 09:03:31 error: ObjectParameterError: Parameter "filter" to updateOne() must be an object, got "6a48c735512699d8407ab848" (type string)
    at _update (/home/harshit/CrowdStream/backend/node_modules/mongoose/lib/query.js:4405:17)
    at model.Query.Query.updateOne (/home/harshit/CrowdStream/backend/node_modules/mongoose/lib/query.js:4308:10)
    at _update (/home/harshit/CrowdStream/backend/node_modules/mongoose/lib/model.js:4173:16)
    at model.updateOne (/home/harshit/CrowdStream/backend/node_modules/mongoose/lib/model.js:4104:10)
    at Socket.<anonymous> (/home/harshit/CrowdStream/backend/src/handlers/registerViewer.handler.ts:234:19)
    at processTicksAndRejections (node:internal/process/task_queues:104:5)
2026-08-19 09:03:35 error: ObjectParameterError: Parameter "filter" to updateOne() must be an object, got "6a48c735512699d8407ab848" (type string)
    at _update (/home/harshit/CrowdStream/backend/node_modules/mongoose/lib/query.js:4405:17)
    at model.Query.Query.updateOne (/home/harshit/CrowdStream/backend/node_modules/mongoose/lib/query.js:4308:10)
    at _update (/home/harshit/CrowdStream/backend/node_modules/mongoose/lib/model.js:4173:16)
    at model.updateOne (/home/harshit/CrowdStream/backend/node_modules/mongoose/lib/model.js:4104:10)
    at Socket.<anonymous> (/home/harshit/CrowdStream/backend/src/handlers/registerViewer.handler.ts:234:19)
    at processTicksAndRejections (node:internal/process/task_queues:104:5)
2026-08-19 09:03:40 error: ObjectParameterError: Parameter "filter" to updateOne() must be an object, got "6a48c735512699d8407ab848" (type string)
    at _update (/home/harshit/CrowdStream/backend/node_modules/mongoose/lib/query.js:4405:17)
    at model.Query.Query.updateOne (/home/harshit/CrowdStream/backend/node_modules/mongoose/lib/query.js:4308:10)
    at _update (/home/harshit/CrowdStream/backend/node_modules/mongoose/lib/model.js:4173:16)
    at model.updateOne (/home/harshit/CrowdStream/backend/node_modules/mongoose/lib/model.js:4104:10)
    at Socket.<anonymous> (/home/harshit/CrowdStream/backend/src/handlers/registerViewer.handler.ts:234:19)
    at processTicksAndRejections (node:internal/process/task_queues:104:5)
2026-08-19 09:03:44 error: ObjectParameterError: Parameter "filter" to updateOne() must be an object, got "6a48c735512699d8407ab848" (type string)
    at _update (/home/harshit/CrowdStream/backend/node_modules/mongoose/lib/query.js:4405:17)
    at model.Query.Query.updateOne (/home/harshit/CrowdStream/backend/node_modules/mongoose/lib/query.js:4308:10)
    at _update (/home/harshit/CrowdStream/backend/node_modules/mongoose/lib/model.js:4173:16)
    at model.updateOne (/home/harshit/CrowdStream/backend/node_modules/mongoose/lib/model.js:4104:10)
    at Socket.<anonymous> (/home/harshit/CrowdStream/backend/src/handlers/registerViewer.handler.ts:234:19)
    at processTicksAndRejections (node:internal/process/task_queues:104:5)
2026-08-19 09:03:48 error: ObjectParameterError: Parameter "filter" to updateOne() must be an object, got "6a48c735512699d8407ab848" (type string)
    at _update (/home/harshit/CrowdStream/backend/node_modules/mongoose/lib/query.js:4405:17)
    at model.Query.Query.updateOne (/home/harshit/CrowdStream/backend/node_modules/mongoose/lib/query.js:4308:10)
    at _update (/home/harshit/CrowdStream/backend/node_modules/mongoose/lib/model.js:4173:16)
    at model.updateOne (/home/harshit/CrowdStream/backend/node_modules/mongoose/lib/model.js:4104:10)
    at Socket.<anonymous> (/home/harshit/CrowdStream/backend/src/handlers/registerViewer.handler.ts:234:19)
    at processTicksAndRejections (node:internal/process/task_queues:104:5)
2026-08-19 09:03:52 error: User disconnected, sC6oWNq7aUWmRjh0AAAB reason: ping timeout details: undefined
2026-08-19 09:03:52 error: RoomId not found
2026-08-19 09:03:52 error: ObjectParameterError: Parameter "filter" to updateOne() must be an object, got "6a48c735512699d8407ab848" (type string)
    at _update (/home/harshit/CrowdStream/backend/node_modules/mongoose/lib/query.js:4405:17)
    at model.Query.Query.updateOne (/home/harshit/CrowdStream/backend/node_modules/mongoose/lib/query.js:4308:10)
    at _update (/home/harshit/CrowdStream/backend/node_modules/mongoose/lib/model.js:4173:16)
    at model.updateOne (/home/harshit/CrowdStream/backend/node_modules/mongoose/lib/model.js:4104:10)
    at Socket.<anonymous> (/home/harshit/CrowdStream/backend/src/handlers/registerViewer.handler.ts:234:19)
    at processTicksAndRejections (node:internal/process/task_queues:104:5)
2026-08-19 09:03:56 error: ObjectParameterError: Parameter "filter" to updateOne() must be an object, got "6a48c735512699d8407ab848" (type string)
    at _update (/home/harshit/CrowdStream/backend/node_modules/mongoose/lib/query.js:4405:17)
    at model.Query.Query.updateOne (/home/harshit/CrowdStream/backend/node_modules/mongoose/lib/query.js:4308:10)
    at _update (/home/harshit/CrowdStream/backend/node_modules/mongoose/lib/model.js:4173:16)
    at model.updateOne (/home/harshit/CrowdStream/backend/node_modules/mongoose/lib/model.js:4104:10)
    at Socket.<anonymous> (/home/harshit/CrowdStream/backend/src/handlers/registerViewer.handler.ts:234:19)
    at processTicksAndRejections (node:internal/process/task_queues:104:5)
2026-08-19 09:04:00 error: User disconnected, pZrt_yYzAyYgkbElAAAG reason: ping timeout details: undefined
2026-08-19 09:04:00 error: RoomId not found
2026-08-19 09:04:01 error: ObjectParameterError: Parameter "filter" to updateOne() must be an object, got "6a48c735512699d8407ab848" (type string)
    at _update (/home/harshit/CrowdStream/backend/node_modules/mongoose/lib/query.js:4405:17)
    at model.Query.Query.updateOne (/home/harshit/CrowdStream/backend/node_modules/mongoose/lib/query.js:4308:10)
    at _update (/home/harshit/CrowdStream/backend/node_modules/mongoose/lib/model.js:4173:16)
    at model.updateOne (/home/harshit/CrowdStream/backend/node_modules/mongoose/lib/model.js:4104:10)
    at Socket.<anonymous> (/home/harshit/CrowdStream/backend/src/handlers/registerViewer.handler.ts:234:19)
    at processTicksAndRejections (node:internal/process/task_queues:104:5)
2026-08-19 09:04:04 error: User disconnected, vIl2qeiyEGL-3kO2AAAK reason: ping timeout details: undefined
2026-08-19 09:04:04 error: RoomId not found
2026-08-19 09:04:05 error: ObjectParameterError: Parameter "filter" to updateOne() must be an object, got "6a48c735512699d8407ab848" (type string)
    at _update (/home/harshit/CrowdStream/backend/node_modules/mongoose/lib/query.js:4405:17)
    at model.Query.Query.updateOne (/home/harshit/CrowdStream/backend/node_modules/mongoose/lib/query.js:4308:10)
    at _update (/home/harshit/CrowdStream/backend/node_modules/mongoose/lib/model.js:4173:16)
    at model.updateOne (/home/harshit/CrowdStream/backend/node_modules/mongoose/lib/model.js:4104:10)
    at Socket.<anonymous> (/home/harshit/CrowdStream/backend/src/handlers/registerViewer.handler.ts:234:19)
    at processTicksAndRejections (node:internal/process/task_queues:104:5)
2026-08-19 09:04:08 error: User disconnected, Dl3dVzfDufCsgFGxAAAO reason: ping timeout details: undefined
2026-08-19 09:04:08 error: RoomId not found
2026-08-19 09:04:09 error: ObjectParameterError: Parameter "filter" to updateOne() must be an object, got "6a48c735512699d8407ab848" (type string)
    at _update (/home/harshit/CrowdStream/backend/node_modules/mongoose/lib/query.js:4405:17)
    at model.Query.Query.updateOne (/home/harshit/CrowdStream/backend/node_modules/mongoose/lib/query.js:4308:10)
    at _update (/home/harshit/CrowdStream/backend/node_modules/mongoose/lib/model.js:4173:16)
    at model.updateOne (/home/harshit/CrowdStream/backend/node_modules/mongoose/lib/model.js:4104:10)
    at Socket.<anonymous> (/home/harshit/CrowdStream/backend/src/handlers/registerViewer.handler.ts:234:19)
    at processTicksAndRejections (node:internal/process/task_queues:104:5)
2026-08-19 09:04:12 error: User disconnected, -pRDWR15hGK4Ai3FAAAS reason: ping timeout details: undefined
2026-08-19 09:04:12 error: RoomId not found
2026-08-19 09:04:13 error: ObjectParameterError: Parameter "filter" to updateOne() must be an object, got "6a48c735512699d8407ab848" (type string)
    at _update (/home/harshit/CrowdStream/backend/node_modules/mongoose/lib/query.js:4405:17)
    at model.Query.Query.updateOne (/home/harshit/CrowdStream/backend/node_modules/mongoose/lib/query.js:4308:10)
    at _update (/home/harshit/CrowdStream/backend/node_modules/mongoose/lib/model.js:4173:16)
    at model.updateOne (/home/harshit/CrowdStream/backend/node_modules/mongoose/lib/model.js:4104:10)
    at Socket.<anonymous> (/home/harshit/CrowdStream/backend/src/handlers/registerViewer.handler.ts:234:19)
    at processTicksAndRejections (node:internal/process/task_queues:104:5)
2026-08-19 09:04:16 error: User disconnected, CXlgnCe9DrdCcEMcAAAW reason: ping timeout details: undefined
2026-08-19 09:04:16 error: RoomId not found
2026-08-19 09:04:18 error: ObjectParameterError: Parameter "filter" to updateOne() must be an object, got "6a48c735512699d8407ab848" (type string)
    at _update (/home/harshit/CrowdStream/backend/node_modules/mongoose/lib/query.js:4405:17)
    at model.Query.Query.updateOne (/home/harshit/CrowdStream/backend/node_modules/mongoose/lib/query.js:4308:10)
    at _update (/home/harshit/CrowdStream/backend/node_modules/mongoose/lib/model.js:4173:16)
    at model.updateOne (/home/harshit/CrowdStream/backend/node_modules/mongoose/lib/model.js:4104:10)
    at Socket.<anonymous> (/home/harshit/CrowdStream/backend/src/handlers/registerViewer.handler.ts:234:19)
    at processTicksAndRejections (node:internal/process/task_queues:104:5)
2026-08-19 09:04:20 error: User disconnected, mp-1aVfe8tNHcq47AAAa reason: ping timeout details: undefined
2026-08-19 09:04:20 error: RoomId not found
2026-08-19 09:04:22 error: ObjectParameterError: Parameter "filter" to updateOne() must be an object, got "6a48c735512699d8407ab848" (type string)
    at _update (/home/harshit/CrowdStream/backend/node_modules/mongoose/lib/query.js:4405:17)
    at model.Query.Query.updateOne (/home/harshit/CrowdStream/backend/node_modules/mongoose/lib/query.js:4308:10)
    at _update (/home/harshit/CrowdStream/backend/node_modules/mongoose/lib/model.js:4173:16)
    at model.updateOne (/home/harshit/CrowdStream/backend/node_modules/mongoose/lib/model.js:4104:10)
    at Socket.<anonymous> (/home/harshit/CrowdStream/backend/src/handlers/registerViewer.handler.ts:234:19)
    at processTicksAndRejections (node:internal/process/task_queues:104:5)
2026-08-19 09:04:24 error: User disconnected, v2d76oUXFO7W2VNTAAAe reason: ping timeout details: undefined
2026-08-19 09:04:24 error: RoomId not found
2026-08-19 09:04:26 error: ObjectParameterError: Parameter "filter" to updateOne() must be an object, got "6a48c735512699d8407ab848" (type string)
    at _update (/home/harshit/CrowdStream/backend/node_modules/mongoose/lib/query.js:4405:17)
    at model.Query.Query.updateOne (/home/harshit/CrowdStream/backend/node_modules/mongoose/lib/query.js:4308:10)
    at _update (/home/harshit/CrowdStream/backend/node_modules/mongoose/lib/model.js:4173:16)
    at model.updateOne (/home/harshit/CrowdStream/backend/node_modules/mongoose/lib/model.js:4104:10)
    at Socket.<anonymous> (/home/harshit/CrowdStream/backend/src/handlers/registerViewer.handler.ts:234:19)
    at processTicksAndRejections (node:internal/process/task_queues:104:5)
2026-08-19 09:04:28 error: User disconnected, x-R_kThlGKp6at3nAAAi reason: ping timeout details: undefined
2026-08-19 09:04:28 error: RoomId not found
2026-08-19 09:04:31 error: ObjectParameterError: Parameter "filter" to updateOne() must be an object, got "6a48c735512699d8407ab848" (type string)
    at _update (/home/harshit/CrowdStream/backend/node_modules/mongoose/lib/query.js:4405:17)
    at model.Query.Query.updateOne (/home/harshit/CrowdStream/backend/node_modules/mongoose/lib/query.js:4308:10)
    at _update (/home/harshit/CrowdStream/backend/node_modules/mongoose/lib/model.js:4173:16)
    at model.updateOne (/home/harshit/CrowdStream/backend/node_modules/mongoose/lib/model.js:4104:10)
    at Socket.<anonymous> (/home/harshit/CrowdStream/backend/src/handlers/registerViewer.handler.ts:234:19)
    at processTicksAndRejections (node:internal/process/task_queues:104:5)
2026-08-19 09:04:33 error: User disconnected, DqXZYtWFY4TtZCssAAAm reason: ping timeout details: undefined
2026-08-19 09:04:33 error: RoomId not found
2026-08-19 09:04:35 error: ObjectParameterError: Parameter "filter" to updateOne() must be an object, got "6a48c735512699d8407ab848" (type string)
    at _update (/home/harshit/CrowdStream/backend/node_modules/mongoose/lib/query.js:4405:17)
    at model.Query.Query.updateOne (/home/harshit/CrowdStream/backend/node_modules/mongoose/lib/query.js:4308:10)
    at _update (/home/harshit/CrowdStream/backend/node_modules/mongoose/lib/model.js:4173:16)
    at model.updateOne (/home/harshit/CrowdStream/backend/node_modules/mongoose/lib/model.js:4104:10)
    at Socket.<anonymous> (/home/harshit/CrowdStream/backend/src/handlers/registerViewer.handler.ts:234:19)
    at processTicksAndRejections (node:internal/process/task_queues:104:5)
2026-08-19 09:04:37 error: User disconnected, m5kK0khFXsNh-a1sAAAq reason: ping timeout details: undefined
2026-08-19 09:04:37 error: RoomId not found
2026-08-19 09:04:39 error: ObjectParameterError: Parameter "filter" to updateOne() must be an object, got "6a48c735512699d8407ab848" (type string)
    at _update (/home/harshit/CrowdStream/backend/node_modules/mongoose/lib/query.js:4405:17)
    at model.Query.Query.updateOne (/home/harshit/CrowdStream/backend/node_modules/mongoose/lib/query.js:4308:10)
    at _update (/home/harshit/CrowdStream/backend/node_modules/mongoose/lib/model.js:4173:16)
    at model.updateOne (/home/harshit/CrowdStream/backend/node_modules/mongoose/lib/model.js:4104:10)
    at Socket.<anonymous> (/home/harshit/CrowdStream/backend/src/handlers/registerViewer.handler.ts:234:19)
    at processTicksAndRejections (node:internal/process/task_queues:104:5)
2026-08-19 09:04:41 error: User disconnected, RBCyx2dgPhLSsZWpAAAu reason: ping timeout details: undefined
2026-08-19 09:04:41 error: RoomId not found
2026-08-19 09:04:43 error: ObjectParameterError: Parameter "filter" to updateOne() must be an object, got "6a48c735512699d8407ab848" (type string)
    at _update (/home/harshit/CrowdStream/backend/node_modules/mongoose/lib/query.js:4405:17)
    at model.Query.Query.updateOne (/home/harshit/CrowdStream/backend/node_modules/mongoose/lib/query.js:4308:10)
    at _update (/home/harshit/CrowdStream/backend/node_modules/mongoose/lib/model.js:4173:16)
    at model.updateOne (/home/harshit/CrowdStream/backend/node_modules/mongoose/lib/model.js:4104:10)
    at Socket.<anonymous> (/home/harshit/CrowdStream/backend/src/handlers/registerViewer.handler.ts:234:19)
    at processTicksAndRejections (node:internal/process/task_queues:104:5)
2026-08-19 09:04:45 error: User disconnected, cvjbIRao69xTDTKZAAAy reason: ping timeout details: undefined
2026-08-19 09:04:45 error: RoomId not found
2026-08-19 09:04:48 error: ObjectParameterError: Parameter "filter" to updateOne() must be an object, got "6a48c735512699d8407ab848" (type string)
    at _update (/home/harshit/CrowdStream/backend/node_modules/mongoose/lib/query.js:4405:17)
    at model.Query.Query.updateOne (/home/harshit/CrowdStream/backend/node_modules/mongoose/lib/query.js:4308:10)
    at _update (/home/harshit/CrowdStream/backend/node_modules/mongoose/lib/model.js:4173:16)
    at model.updateOne (/home/harshit/CrowdStream/backend/node_modules/mongoose/lib/model.js:4104:10)
    at Socket.<anonymous> (/home/harshit/CrowdStream/backend/src/handlers/registerViewer.handler.ts:234:19)
    at processTicksAndRejections (node:internal/process/task_queues:104:5)
2026-08-19 09:04:50 error: User disconnected, iv72zziSIZ0QCKOlAAA2 reason: ping timeout details: undefined
2026-08-19 09:04:50 error: RoomId not found
2026-08-19 09:04:52 error: ObjectParameterError: Parameter "filter" to updateOne() must be an object, got "6a48c735512699d8407ab848" (type string)
    at _update (/home/harshit/CrowdStream/backend/node_modules/mongoose/lib/query.js:4405:17)
    at model.Query.Query.updateOne (/home/harshit/CrowdStream/backend/node_modules/mongoose/lib/query.js:4308:10)
    at _update (/home/harshit/CrowdStream/backend/node_modules/mongoose/lib/model.js:4173:16)
    at model.updateOne (/home/harshit/CrowdStream/backend/node_modules/mongoose/lib/model.js:4104:10)
    at Socket.<anonymous> (/home/harshit/CrowdStream/backend/src/handlers/registerViewer.handler.ts:234:19)
    at processTicksAndRejections (node:internal/process/task_queues:104:5)
2026-08-19 09:04:54 error: User disconnected, 31Fwxt-steGgAI_hAAA6 reason: ping timeout details: undefined
2026-08-19 09:04:54 error: RoomId not found
2026-08-19 09:04:57 error: ObjectParameterError: Parameter "filter" to updateOne() must be an object, got "6a48c735512699d8407ab848" (type string)
    at _update (/home/harshit/CrowdStream/backend/node_modules/mongoose/lib/query.js:4405:17)
    at model.Query.Query.updateOne (/home/harshit/CrowdStream/backend/node_modules/mongoose/lib/query.js:4308:10)
    at _update (/home/harshit/CrowdStream/backend/node_modules/mongoose/lib/model.js:4173:16)
    at model.updateOne (/home/harshit/CrowdStream/backend/node_modules/mongoose/lib/model.js:4104:10)
    at Socket.<anonymous> (/home/harshit/CrowdStream/backend/src/handlers/registerViewer.handler.ts:234:19)
    at processTicksAndRejections (node:internal/process/task_queues:104:5)
2026-08-19 09:04:58 error: User disconnected, dC36r4nvjIR0ja8JAAA- reason: ping timeout details: undefined
2026-08-19 09:04:58 error: RoomId not found
2026-08-19 09:05:02 error: ObjectParameterError: Parameter "filter" to updateOne() must be an object, got "6a48c735512699d8407ab848" (type string)
    at _update (/home/harshit/CrowdStream/backend/node_modules/mongoose/lib/query.js:4405:17)
    at model.Query.Query.updateOne (/home/harshit/CrowdStream/backend/node_modules/mongoose/lib/query.js:4308:10)
    at _update (/home/harshit/CrowdStream/backend/node_modules/mongoose/lib/model.js:4173:16)
    at model.updateOne (/home/harshit/CrowdStream/backend/node_modules/mongoose/lib/model.js:4104:10)
    at Socket.<anonymous> (/home/harshit/CrowdStream/backend/src/handlers/registerViewer.handler.ts:234:19)
    at processTicksAndRejections (node:internal/process/task_queues:104:5)
2026-08-19 09:05:02 error: User disconnected, 8U8xtfEBnJQSUK3_AABC reason: ping timeout details: undefined
2026-08-19 09:05:02 error: RoomId not found
2026-08-19 09:05:06 error: User disconnected, PFjfureenQ3GO-IeAABG reason: ping timeout details: undefined
2026-08-19 09:05:06 error: RoomId not found
2026-08-19 09:05:07 error: ObjectParameterError: Parameter "filter" to updateOne() must be an object, got "6a48c735512699d8407ab848" (type string)
    at _update (/home/harshit/CrowdStream/backend/node_modules/mongoose/lib/query.js:4405:17)
    at model.Query.Query.updateOne (/home/harshit/CrowdStream/backend/node_modules/mongoose/lib/query.js:4308:10)
    at _update (/home/harshit/CrowdStream/backend/node_modules/mongoose/lib/model.js:4173:16)
    at model.updateOne (/home/harshit/CrowdStream/backend/node_modules/mongoose/lib/model.js:4104:10)
    at Socket.<anonymous> (/home/harshit/CrowdStream/backend/src/handlers/registerViewer.handler.ts:234:19)
    at processTicksAndRejections (node:internal/process/task_queues:104:5)
2026-08-19 09:05:11 error: User disconnected, -oUopNa521zRn_YiAABK reason: ping timeout details: undefined
2026-08-19 09:05:11 error: RoomId not found
2026-08-19 09:05:11 error: ObjectParameterError: Parameter "filter" to updateOne() must be an object, got "6a48c735512699d8407ab848" (type string)
    at _update (/home/harshit/CrowdStream/backend/node_modules/mongoose/lib/query.js:4405:17)
    at model.Query.Query.updateOne (/home/harshit/CrowdStream/backend/node_modules/mongoose/lib/query.js:4308:10)
    at _update (/home/harshit/CrowdStream/backend/node_modules/mongoose/lib/model.js:4173:16)
    at model.updateOne (/home/harshit/CrowdStream/backend/node_modules/mongoose/lib/model.js:4104:10)
    at Socket.<anonymous> (/home/harshit/CrowdStream/backend/src/handlers/registerViewer.handler.ts:234:19)
    at processTicksAndRejections (node:internal/process/task_queues:104:5)
2026-08-19 09:05:15 error: User disconnected, Q2bDtp-pJ5AkQJQwAABO reason: ping timeout details: undefined
2026-08-19 09:05:15 error: RoomId not found
2026-08-19 09:05:16 error: ObjectParameterError: Parameter "filter" to updateOne() must be an object, got "6a48c735512699d8407ab848" (type string)
    at _update (/home/harshit/CrowdStream/backend/node_modules/mongoose/lib/query.js:4405:17)
    at model.Query.Query.updateOne (/home/harshit/CrowdStream/backend/node_modules/mongoose/lib/query.js:4308:10)
    at _update (/home/harshit/CrowdStream/backend/node_modules/mongoose/lib/model.js:4173:16)
    at model.updateOne (/home/harshit/CrowdStream/backend/node_modules/mongoose/lib/model.js:4104:10)
    at Socket.<anonymous> (/home/harshit/CrowdStream/backend/src/handlers/registerViewer.handler.ts:234:19)
    at processTicksAndRejections (node:internal/process/task_queues:104:5)
2026-08-19 09:05:19 error: User disconnected, XXlMKR5q22od0qYDAABS reason: ping timeout details: undefined
2026-08-19 09:05:19 error: RoomId not found
2026-08-19 09:05:21 error: ObjectParameterError: Parameter "filter" to updateOne() must be an object, got "6a48c735512699d8407ab848" (type string)
    at _update (/home/harshit/CrowdStream/backend/node_modules/mongoose/lib/query.js:4405:17)
    at model.Query.Query.updateOne (/home/harshit/CrowdStream/backend/node_modules/mongoose/lib/query.js:4308:10)
    at _update (/home/harshit/CrowdStream/backend/node_modules/mongoose/lib/model.js:4173:16)
    at model.updateOne (/home/harshit/CrowdStream/backend/node_modules/mongoose/lib/model.js:4104:10)
    at Socket.<anonymous> (/home/harshit/CrowdStream/backend/src/handlers/registerViewer.handler.ts:234:19)
    at processTicksAndRejections (node:internal/process/task_queues:104:5)
2026-08-19 09:05:24 error: User disconnected, Hv6HPizUQfUOqS02AABW reason: ping timeout details: undefined
2026-08-19 09:05:24 error: RoomId not found
2026-08-19 09:05:26 error: ObjectParameterError: Parameter "filter" to updateOne() must be an object, got "6a48c735512699d8407ab848" (type string)
    at _update (/home/harshit/CrowdStream/backend/node_modules/mongoose/lib/query.js:4405:17)
    at model.Query.Query.updateOne (/home/harshit/CrowdStream/backend/node_modules/mongoose/lib/query.js:4308:10)
    at _update (/home/harshit/CrowdStream/backend/node_modules/mongoose/lib/model.js:4173:16)
    at model.updateOne (/home/harshit/CrowdStream/backend/node_modules/mongoose/lib/model.js:4104:10)
    at Socket.<anonymous> (/home/harshit/CrowdStream/backend/src/handlers/registerViewer.handler.ts:234:19)
    at processTicksAndRejections (node:internal/process/task_queues:104:5)
2026-08-19 09:05:28 error: User disconnected, PRv5hOKWtDS1w7UgAABa reason: ping timeout details: undefined
2026-08-19 09:05:28 error: RoomId not found
2026-08-19 09:05:31 error: ObjectParameterError: Parameter "filter" to updateOne() must be an object, got "6a48c735512699d8407ab848" (type string)
    at _update (/home/harshit/CrowdStream/backend/node_modules/mongoose/lib/query.js:4405:17)
    at model.Query.Query.updateOne (/home/harshit/CrowdStream/backend/node_modules/mongoose/lib/query.js:4308:10)
    at _update (/home/harshit/CrowdStream/backend/node_modules/mongoose/lib/model.js:4173:16)
    at model.updateOne (/home/harshit/CrowdStream/backend/node_modules/mongoose/lib/model.js:4104:10)
    at Socket.<anonymous> (/home/harshit/CrowdStream/backend/src/handlers/registerViewer.handler.ts:234:19)
    at processTicksAndRejections (node:internal/process/task_queues:104:5)
2026-08-19 09:05:33 error: User disconnected, pdlovnPAo5w3fqZOAABe reason: ping timeout details: undefined
2026-08-19 09:05:33 error: RoomId not found
2026-08-19 09:05:36 error: ObjectParameterError: Parameter "filter" to updateOne() must be an object, got "6a48c735512699d8407ab848" (type string)
    at _update (/home/harshit/CrowdStream/backend/node_modules/mongoose/lib/query.js:4405:17)
    at model.Query.Query.updateOne (/home/harshit/CrowdStream/backend/node_modules/mongoose/lib/query.js:4308:10)
    at _update (/home/harshit/CrowdStream/backend/node_modules/mongoose/lib/model.js:4173:16)
    at model.updateOne (/home/harshit/CrowdStream/backend/node_modules/mongoose/lib/model.js:4104:10)
    at Socket.<anonymous> (/home/harshit/CrowdStream/backend/src/handlers/registerViewer.handler.ts:234:19)
    at processTicksAndRejections (node:internal/process/task_queues:104:5)
2026-08-19 09:05:37 error: User disconnected, Of3jBa3UdVKp71FYAABi reason: ping timeout details: undefined
2026-08-19 09:05:37 error: RoomId not found
2026-08-19 09:05:41 error: ObjectParameterError: Parameter "filter" to updateOne() must be an object, got "6a48c735512699d8407ab848" (type string)
    at _update (/home/harshit/CrowdStream/backend/node_modules/mongoose/lib/query.js:4405:17)
    at model.Query.Query.updateOne (/home/harshit/CrowdStream/backend/node_modules/mongoose/lib/query.js:4308:10)
    at _update (/home/harshit/CrowdStream/backend/node_modules/mongoose/lib/model.js:4173:16)
    at model.updateOne (/home/harshit/CrowdStream/backend/node_modules/mongoose/lib/model.js:4104:10)
    at Socket.<anonymous> (/home/harshit/CrowdStream/backend/src/handlers/registerViewer.handler.ts:234:19)
    at processTicksAndRejections (node:internal/process/task_queues:104:5)
2026-08-19 09:05:42 error: User disconnected, 08F6vjffpV83PUtpAABm reason: ping timeout details: undefined
2026-08-19 09:05:42 error: RoomId not found
2026-08-19 09:05:46 error: ObjectParameterError: Parameter "filter" to updateOne() must be an object, got "6a48c735512699d8407ab848" (type string)
    at _update (/home/harshit/CrowdStream/backend/node_modules/mongoose/lib/query.js:4405:17)
    at model.Query.Query.updateOne (/home/harshit/CrowdStream/backend/node_modules/mongoose/lib/query.js:4308:10)
    at _update (/home/harshit/CrowdStream/backend/node_modules/mongoose/lib/model.js:4173:16)
    at model.updateOne (/home/harshit/CrowdStream/backend/node_modules/mongoose/lib/model.js:4104:10)
    at Socket.<anonymous> (/home/harshit/CrowdStream/backend/src/handlers/registerViewer.handler.ts:234:19)
    at processTicksAndRejections (node:internal/process/task_queues:104:5)
2026-08-19 09:05:46 error: User disconnected, D7f4n9BoB59cB8sAAABq reason: ping timeout details: undefined
2026-08-19 09:05:46 error: RoomId not found
2026-08-19 09:05:51 error: ObjectParameterError: Parameter "filter" to updateOne() must be an object, got "6a48c735512699d8407ab848" (type string)
    at _update (/home/harshit/CrowdStream/backend/node_modules/mongoose/lib/query.js:4405:17)
    at model.Query.Query.updateOne (/home/harshit/CrowdStream/backend/node_modules/mongoose/lib/query.js:4308:10)
    at _update (/home/harshit/CrowdStream/backend/node_modules/mongoose/lib/model.js:4173:16)
    at model.updateOne (/home/harshit/CrowdStream/backend/node_modules/mongoose/lib/model.js:4104:10)
    at Socket.<anonymous> (/home/harshit/CrowdStream/backend/src/handlers/registerViewer.handler.ts:234:19)
    at processTicksAndRejections (node:internal/process/task_queues:104:5)
2026-08-19 09:05:51 error: User disconnected, xYYnG9_yCzOmzgwiAABu reason: ping timeout details: undefined
2026-08-19 09:05:51 error: RoomId not found
2026-08-19 09:05:56 error: User disconnected, -p25NhAKO5BSeBTyAABy reason: ping timeout details: undefined
2026-08-19 09:05:56 error: RoomId not found
2026-08-19 09:05:56 error: ObjectParameterError: Parameter "filter" to updateOne() must be an object, got "6a48c735512699d8407ab848" (type string)
    at _update (/home/harshit/CrowdStream/backend/node_modules/mongoose/lib/query.js:4405:17)
    at model.Query.Query.updateOne (/home/harshit/CrowdStream/backend/node_modules/mongoose/lib/query.js:4308:10)
    at _update (/home/harshit/CrowdStream/backend/node_modules/mongoose/lib/model.js:4173:16)
    at model.updateOne (/home/harshit/CrowdStream/backend/node_modules/mongoose/lib/model.js:4104:10)
    at Socket.<anonymous> (/home/harshit/CrowdStream/backend/src/handlers/registerViewer.handler.ts:234:19)
    at processTicksAndRejections (node:internal/process/task_queues:104:5)
2026-08-19 09:06:01 error: User disconnected, bvaHsdppQcbJJMOdAAB2 reason: ping timeout details: undefined
2026-08-19 09:06:01 error: RoomId not found
2026-08-19 09:06:01 error: ObjectParameterError: Parameter "filter" to updateOne() must be an object, got "6a48c735512699d8407ab848" (type string)
    at _update (/home/harshit/CrowdStream/backend/node_modules/mongoose/lib/query.js:4405:17)
    at model.Query.Query.updateOne (/home/harshit/CrowdStream/backend/node_modules/mongoose/lib/query.js:4308:10)
    at _update (/home/harshit/CrowdStream/backend/node_modules/mongoose/lib/model.js:4173:16)
    at model.updateOne (/home/harshit/CrowdStream/backend/node_modules/mongoose/lib/model.js:4104:10)
    at Socket.<anonymous> (/home/harshit/CrowdStream/backend/src/handlers/registerViewer.handler.ts:234:19)
    at processTicksAndRejections (node:internal/process/task_queues:104:5)
2026-08-19 09:06:06 error: User disconnected, EeRmYkO0LCCAhC6hAAB6 reason: ping timeout details: undefined
2026-08-19 09:06:06 error: RoomId not found
2026-08-19 09:06:06 error: ObjectParameterError: Parameter "filter" to updateOne() must be an object, got "6a48c735512699d8407ab848" (type string)
    at _update (/home/harshit/CrowdStream/backend/node_modules/mongoose/lib/query.js:4405:17)
    at model.Query.Query.updateOne (/home/harshit/CrowdStream/backend/node_modules/mongoose/lib/query.js:4308:10)
    at _update (/home/harshit/CrowdStream/backend/node_modules/mongoose/lib/model.js:4173:16)
    at model.updateOne (/home/harshit/CrowdStream/backend/node_modules/mongoose/lib/model.js:4104:10)
    at Socket.<anonymous> (/home/harshit/CrowdStream/backend/src/handlers/registerViewer.handler.ts:234:19)
    at processTicksAndRejections (node:internal/process/task_queues:104:5)
2026-08-19 09:06:11 error: User disconnected, bacYjcEnMkK8sMFkAAB- reason: ping timeout details: undefined
2026-08-19 09:06:11 error: RoomId not found
2026-08-19 09:06:11 error: ObjectParameterError: Parameter "filter" to updateOne() must be an object, got "6a48c735512699d8407ab848" (type string)
    at _update (/home/harshit/CrowdStream/backend/node_modules/mongoose/lib/query.js:4405:17)
    at model.Query.Query.updateOne (/home/harshit/CrowdStream/backend/node_modules/mongoose/lib/query.js:4308:10)
    at _update (/home/harshit/CrowdStream/backend/node_modules/mongoose/lib/model.js:4173:16)
    at model.updateOne (/home/harshit/CrowdStream/backend/node_modules/mongoose/lib/model.js:4104:10)
    at Socket.<anonymous> (/home/harshit/CrowdStream/backend/src/handlers/registerViewer.handler.ts:234:19)
    at processTicksAndRejections (node:internal/process/task_queues:104:5)
2026-08-19 09:06:15 error: User disconnected, FKy6y43PDU2xgAd1AACC reason: ping timeout details: undefined
2026-08-19 09:06:15 error: RoomId not found
2026-08-19 09:06:17 error: ObjectParameterError: Parameter "filter" to updateOne() must be an object, got "6a48c735512699d8407ab848" (type string)
    at _update (/home/harshit/CrowdStream/backend/node_modules/mongoose/lib/query.js:4405:17)
    at model.Query.Query.updateOne (/home/harshit/CrowdStream/backend/node_modules/mongoose/lib/query.js:4308:10)
    at _update (/home/harshit/CrowdStream/backend/node_modules/mongoose/lib/model.js:4173:16)
    at model.updateOne (/home/harshit/CrowdStream/backend/node_modules/mongoose/lib/model.js:4104:10)
    at Socket.<anonymous> (/home/harshit/CrowdStream/backend/src/handlers/registerViewer.handler.ts:234:19)
    at processTicksAndRejections (node:internal/process/task_queues:104:5)
2026-08-19 09:06:21 error: User disconnected, xI3NoHBF6Brr58JZAACG reason: ping timeout details: undefined
2026-08-19 09:06:21 error: RoomId not found
2026-08-19 09:06:22 error: ObjectParameterError: Parameter "filter" to updateOne() must be an object, got "6a48c735512699d8407ab848" (type string)
    at _update (/home/harshit/CrowdStream/backend/node_modules/mongoose/lib/query.js:4405:17)
    at model.Query.Query.updateOne (/home/harshit/CrowdStream/backend/node_modules/mongoose/lib/query.js:4308:10)
    at _update (/home/harshit/CrowdStream/backend/node_modules/mongoose/lib/model.js:4173:16)
    at model.updateOne (/home/harshit/CrowdStream/backend/node_modules/mongoose/lib/model.js:4104:10)
    at Socket.<anonymous> (/home/harshit/CrowdStream/backend/src/handlers/registerViewer.handler.ts:234:19)
    at processTicksAndRejections (node:internal/process/task_queues:104:5)
2026-08-19 09:06:25 error: User disconnected, m2cqawexHtMvxULoAACK reason: ping timeout details: undefined
2026-08-19 09:06:25 error: RoomId not found
2026-08-19 09:06:27 error: ObjectParameterError: Parameter "filter" to updateOne() must be an object, got "6a48c735512699d8407ab848" (type string)
    at _update (/home/harshit/CrowdStream/backend/node_modules/mongoose/lib/query.js:4405:17)
    at model.Query.Query.updateOne (/home/harshit/CrowdStream/backend/node_modules/mongoose/lib/query.js:4308:10)
    at _update (/home/harshit/CrowdStream/backend/node_modules/mongoose/lib/model.js:4173:16)
    at model.updateOne (/home/harshit/CrowdStream/backend/node_modules/mongoose/lib/model.js:4104:10)
    at Socket.<anonymous> (/home/harshit/CrowdStream/backend/src/handlers/registerViewer.handler.ts:234:19)
    at processTicksAndRejections (node:internal/process/task_queues:104:5)
2026-08-19 09:06:30 error: User disconnected, FPTN1HDZyw8pZeOyAACO reason: ping timeout details: undefined
2026-08-19 09:06:30 error: RoomId not found
2026-08-19 09:06:33 error: ObjectParameterError: Parameter "filter" to updateOne() must be an object, got "6a48c735512699d8407ab848" (type string)
    at _update (/home/harshit/CrowdStream/backend/node_modules/mongoose/lib/query.js:4405:17)
    at model.Query.Query.updateOne (/home/harshit/CrowdStream/backend/node_modules/mongoose/lib/query.js:4308:10)
    at _update (/home/harshit/CrowdStream/backend/node_modules/mongoose/lib/model.js:4173:16)
    at model.updateOne (/home/harshit/CrowdStream/backend/node_modules/mongoose/lib/model.js:4104:10)
    at Socket.<anonymous> (/home/harshit/CrowdStream/backend/src/handlers/registerViewer.handler.ts:234:19)
    at processTicksAndRejections (node:internal/process/task_queues:104:5)
2026-08-19 09:06:35 error: User disconnected, _-dGeRaZiVkK5DwCAACS reason: ping timeout details: undefined
2026-08-19 09:06:35 error: RoomId not found
2026-08-19 09:06:38 error: ObjectParameterError: Parameter "filter" to updateOne() must be an object, got "6a48c735512699d8407ab848" (type string)
    at _update (/home/harshit/CrowdStream/backend/node_modules/mongoose/lib/query.js:4405:17)
    at model.Query.Query.updateOne (/home/harshit/CrowdStream/backend/node_modules/mongoose/lib/query.js:4308:10)
    at _update (/home/harshit/CrowdStream/backend/node_modules/mongoose/lib/model.js:4173:16)
    at model.updateOne (/home/harshit/CrowdStream/backend/node_modules/mongoose/lib/model.js:4104:10)
    at Socket.<anonymous> (/home/harshit/CrowdStream/backend/src/handlers/registerViewer.handler.ts:234:19)
    at processTicksAndRejections (node:internal/process/task_queues:104:5)
2026-08-19 09:06:40 error: User disconnected, LzLfsBAUV4ozTa6tAACW reason: ping timeout details: undefined
2026-08-19 09:06:40 error: RoomId not found
2026-08-19 09:06:44 error: ObjectParameterError: Parameter "filter" to updateOne() must be an object, got "6a48c735512699d8407ab848" (type string)
    at _update (/home/harshit/CrowdStream/backend/node_modules/mongoose/lib/query.js:4405:17)
    at model.Query.Query.updateOne (/home/harshit/CrowdStream/backend/node_modules/mongoose/lib/query.js:4308:10)
    at _update (/home/harshit/CrowdStream/backend/node_modules/mongoose/lib/model.js:4173:16)
    at model.updateOne (/home/harshit/CrowdStream/backend/node_modules/mongoose/lib/model.js:4104:10)
    at Socket.<anonymous> (/home/harshit/CrowdStream/backend/src/handlers/registerViewer.handler.ts:234:19)
    at processTicksAndRejections (node:internal/process/task_queues:104:5)
2026-08-19 09:06:46 error: User disconnected, H6Iajq6Bs1VzWmpdAACa reason: ping timeout details: undefined
2026-08-19 09:06:46 error: RoomId not found
2026-08-19 09:06:49 error: ObjectParameterError: Parameter "filter" to updateOne() must be an object, got "6a48c735512699d8407ab848" (type string)
    at _update (/home/harshit/CrowdStream/backend/node_modules/mongoose/lib/query.js:4405:17)
    at model.Query.Query.updateOne (/home/harshit/CrowdStream/backend/node_modules/mongoose/lib/query.js:4308:10)
    at _update (/home/harshit/CrowdStream/backend/node_modules/mongoose/lib/model.js:4173:16)
    at model.updateOne (/home/harshit/CrowdStream/backend/node_modules/mongoose/lib/model.js:4104:10)
    at Socket.<anonymous> (/home/harshit/CrowdStream/backend/src/handlers/registerViewer.handler.ts:234:19)
    at processTicksAndRejections (node:internal/process/task_queues:104:5)
2026-08-19 09:06:51 error: User disconnected, S99-fcUAkLZTjqCuAACe reason: ping timeout details: undefined
2026-08-19 09:06:51 error: RoomId not found
2026-08-19 09:06:55 error: ObjectParameterError: Parameter "filter" to updateOne() must be an object, got "6a48c735512699d8407ab848" (type string)
    at _update (/home/harshit/CrowdStream/backend/node_modules/mongoose/lib/query.js:4405:17)
    at model.Query.Query.updateOne (/home/harshit/CrowdStream/backend/node_modules/mongoose/lib/query.js:4308:10)
    at _update (/home/harshit/CrowdStream/backend/node_modules/mongoose/lib/model.js:4173:16)
    at model.updateOne (/home/harshit/CrowdStream/backend/node_modules/mongoose/lib/model.js:4104:10)
    at Socket.<anonymous> (/home/harshit/CrowdStream/backend/src/handlers/registerViewer.handler.ts:234:19)
    at processTicksAndRejections (node:internal/process/task_queues:104:5)
2026-08-19 09:06:56 error: User disconnected, -_OYPoaGiO4CCqynAACi reason: ping timeout details: undefined
2026-08-19 09:06:56 error: RoomId not found
2026-08-19 09:07:01 error: User disconnected, TyYpEfo8vpm0IBC9AACm reason: ping timeout details: undefined
2026-08-19 09:07:01 error: RoomId not found
2026-08-19 09:07:01 error: ObjectParameterError: Parameter "filter" to updateOne() must be an object, got "6a48c735512699d8407ab848" (type string)
    at _update (/home/harshit/CrowdStream/backend/node_modules/mongoose/lib/query.js:4405:17)
    at model.Query.Query.updateOne (/home/harshit/CrowdStream/backend/node_modules/mongoose/lib/query.js:4308:10)
    at _update (/home/harshit/CrowdStream/backend/node_modules/mongoose/lib/model.js:4173:16)
    at model.updateOne (/home/harshit/CrowdStream/backend/node_modules/mongoose/lib/model.js:4104:10)
    at Socket.<anonymous> (/home/harshit/CrowdStream/backend/src/handlers/registerViewer.handler.ts:234:19)
    at processTicksAndRejections (node:internal/process/task_queues:104:5)
2026-08-19 09:07:06 error: User disconnected, R5XddepaQyUtuc_cAACq reason: ping timeout details: undefined
2026-08-19 09:07:06 error: RoomId not found
2026-08-19 09:07:07 error: ObjectParameterError: Parameter "filter" to updateOne() must be an object, got "6a48c735512699d8407ab848" (type string)
    at _update (/home/harshit/CrowdStream/backend/node_modules/mongoose/lib/query.js:4405:17)
    at model.Query.Query.updateOne (/home/harshit/CrowdStream/backend/node_modules/mongoose/lib/query.js:4308:10)
    at _update (/home/harshit/CrowdStream/backend/node_modules/mongoose/lib/model.js:4173:16)
    at model.updateOne (/home/harshit/CrowdStream/backend/node_modules/mongoose/lib/model.js:4104:10)
    at Socket.<anonymous> (/home/harshit/CrowdStream/backend/src/handlers/registerViewer.handler.ts:234:19)
    at processTicksAndRejections (node:internal/process/task_queues:104:5)
2026-08-19 09:07:12 error: User disconnected, LlyEVaA3Kv90LJUOAACu reason: ping timeout details: undefined
2026-08-19 09:07:12 error: RoomId not found
2026-08-19 09:07:13 error: ObjectParameterError: Parameter "filter" to updateOne() must be an object, got "6a48c735512699d8407ab848" (type string)
    at _update (/home/harshit/CrowdStream/backend/node_modules/mongoose/lib/query.js:4405:17)
    at model.Query.Query.updateOne (/home/harshit/CrowdStream/backend/node_modules/mongoose/lib/query.js:4308:10)
    at _update (/home/harshit/CrowdStream/backend/node_modules/mongoose/lib/model.js:4173:16)
    at model.updateOne (/home/harshit/CrowdStream/backend/node_modules/mongoose/lib/model.js:4104:10)
    at Socket.<anonymous> (/home/harshit/CrowdStream/backend/src/handlers/registerViewer.handler.ts:234:19)
    at processTicksAndRejections (node:internal/process/task_queues:104:5)
2026-08-19 09:07:17 error: User disconnected, JC7v0Bar5jLKmDGsAACy reason: ping timeout details: undefined
2026-08-19 09:07:17 error: RoomId not found
2026-08-19 09:07:19 error: ObjectParameterError: Parameter "filter" to updateOne() must be an object, got "6a48c735512699d8407ab848" (type string)
    at _update (/home/harshit/CrowdStream/backend/node_modules/mongoose/lib/query.js:4405:17)
    at model.Query.Query.updateOne (/home/harshit/CrowdStream/backend/node_modules/mongoose/lib/query.js:4308:10)
    at _update (/home/harshit/CrowdStream/backend/node_modules/mongoose/lib/model.js:4173:16)
    at model.updateOne (/home/harshit/CrowdStream/backend/node_modules/mongoose/lib/model.js:4104:10)
    at Socket.<anonymous> (/home/harshit/CrowdStream/backend/src/handlers/registerViewer.handler.ts:234:19)
    at processTicksAndRejections (node:internal/process/task_queues:104:5)
2026-08-19 09:07:23 error: User disconnected, oM1rx9JFH0JXGe7wAAC2 reason: ping timeout details: undefined
2026-08-19 09:07:23 error: RoomId not found
2026-08-19 09:07:26 error: ObjectParameterError: Parameter "filter" to updateOne() must be an object, got "6a48c735512699d8407ab848" (type string)
    at _update (/home/harshit/CrowdStream/backend/node_modules/mongoose/lib/query.js:4405:17)
    at model.Query.Query.updateOne (/home/harshit/CrowdStream/backend/node_modules/mongoose/lib/query.js:4308:10)
    at _update (/home/harshit/CrowdStream/backend/node_modules/mongoose/lib/model.js:4173:16)
    at model.updateOne (/home/harshit/CrowdStream/backend/node_modules/mongoose/lib/model.js:4104:10)
    at Socket.<anonymous> (/home/harshit/CrowdStream/backend/src/handlers/registerViewer.handler.ts:234:19)
    at processTicksAndRejections (node:internal/process/task_queues:104:5)
2026-08-19 09:07:28 error: User disconnected, c9MMnyKyqMa_pi3aAAC6 reason: ping timeout details: undefined
2026-08-19 09:07:28 error: RoomId not found
2026-08-19 09:07:32 error: ObjectParameterError: Parameter "filter" to updateOne() must be an object, got "6a48c735512699d8407ab848" (type string)
    at _update (/home/harshit/CrowdStream/backend/node_modules/mongoose/lib/query.js:4405:17)
    at model.Query.Query.updateOne (/home/harshit/CrowdStream/backend/node_modules/mongoose/lib/query.js:4308:10)
    at _update (/home/harshit/CrowdStream/backend/node_modules/mongoose/lib/model.js:4173:16)
    at model.updateOne (/home/harshit/CrowdStream/backend/node_modules/mongoose/lib/model.js:4104:10)
    at Socket.<anonymous> (/home/harshit/CrowdStream/backend/src/handlers/registerViewer.handler.ts:234:19)
    at processTicksAndRejections (node:internal/process/task_queues:104:5)
2026-08-19 09:07:34 error: User disconnected, pOKZO8DsKNVKp2aCAAC- reason: ping timeout details: undefined
2026-08-19 09:07:34 error: RoomId not found
2026-08-19 09:07:38 error: ObjectParameterError: Parameter "filter" to updateOne() must be an object, got "6a48c735512699d8407ab848" (type string)
    at _update (/home/harshit/CrowdStream/backend/node_modules/mongoose/lib/query.js:4405:17)
    at model.Query.Query.updateOne (/home/harshit/CrowdStream/backend/node_modules/mongoose/lib/query.js:4308:10)
    at _update (/home/harshit/CrowdStream/backend/node_modules/mongoose/lib/model.js:4173:16)
    at model.updateOne (/home/harshit/CrowdStream/backend/node_modules/mongoose/lib/model.js:4104:10)
    at Socket.<anonymous> (/home/harshit/CrowdStream/backend/src/handlers/registerViewer.handler.ts:234:19)
    at processTicksAndRejections (node:internal/process/task_queues:104:5)
2026-08-19 09:07:39 error: User disconnected, -pSUAa3VKfcVQuwVAADC reason: ping timeout details: undefined
2026-08-19 09:07:39 error: RoomId not found
2026-08-19 09:07:45 error: ObjectParameterError: Parameter "filter" to updateOne() must be an object, got "6a48c735512699d8407ab848" (type string)
    at _update (/home/harshit/CrowdStream/backend/node_modules/mongoose/lib/query.js:4405:17)
    at model.Query.Query.updateOne (/home/harshit/CrowdStream/backend/node_modules/mongoose/lib/query.js:4308:10)
    at _update (/home/harshit/CrowdStream/backend/node_modules/mongoose/lib/model.js:4173:16)
    at model.updateOne (/home/harshit/CrowdStream/backend/node_modules/mongoose/lib/model.js:4104:10)
    at Socket.<anonymous> (/home/harshit/CrowdStream/backend/src/handlers/registerViewer.handler.ts:234:19)
    at processTicksAndRejections (node:internal/process/task_queues:104:5)
2026-08-19 09:07:45 error: User disconnected, LMYhrynvTrkXbrKGAADG reason: ping timeout details: undefined
2026-08-19 09:07:45 error: RoomId not found
2026-08-19 09:07:51 error: User disconnected, Zc_VXQprB7icYL1TAADK reason: ping timeout details: undefined
2026-08-19 09:07:51 error: RoomId not found
2026-08-19 09:07:52 error: ObjectParameterError: Parameter "filter" to updateOne() must be an object, got "6a48c735512699d8407ab848" (type string)
    at _update (/home/harshit/CrowdStream/backend/node_modules/mongoose/lib/query.js:4405:17)
    at model.Query.Query.updateOne (/home/harshit/CrowdStream/backend/node_modules/mongoose/lib/query.js:4308:10)
    at _update (/home/harshit/CrowdStream/backend/node_modules/mongoose/lib/model.js:4173:16)
    at model.updateOne (/home/harshit/CrowdStream/backend/node_modules/mongoose/lib/model.js:4104:10)
    at Socket.<anonymous> (/home/harshit/CrowdStream/backend/src/handlers/registerViewer.handler.ts:234:19)
    at processTicksAndRejections (node:internal/process/task_queues:104:5)
2026-08-19 09:07:57 error: User disconnected, wmuyOQ5SY403RzXnAADO reason: ping timeout details: undefined
2026-08-19 09:07:57 error: RoomId not found
2026-08-19 09:07:58 error: ObjectParameterError: Parameter "filter" to updateOne() must be an object, got "6a48c735512699d8407ab848" (type string)
    at _update (/home/harshit/CrowdStream/backend/node_modules/mongoose/lib/query.js:4405:17)
    at model.Query.Query.updateOne (/home/harshit/CrowdStream/backend/node_modules/mongoose/lib/query.js:4308:10)
    at _update (/home/harshit/CrowdStream/backend/node_modules/mongoose/lib/model.js:4173:16)
    at model.updateOne (/home/harshit/CrowdStream/backend/node_modules/mongoose/lib/model.js:4104:10)
    at Socket.<anonymous> (/home/harshit/CrowdStream/backend/src/handlers/registerViewer.handler.ts:234:19)
    at processTicksAndRejections (node:internal/process/task_queues:104:5)
2026-08-19 09:08:04 error: User disconnected, HhSsM5u8Lw20X0VzAADS reason: ping timeout details: undefined
2026-08-19 09:08:04 error: RoomId not found
2026-08-19 09:08:05 error: ObjectParameterError: Parameter "filter" to updateOne() must be an object, got "6a48c735512699d8407ab848" (type string)
    at _update (/home/harshit/CrowdStream/backend/node_modules/mongoose/lib/query.js:4405:17)
    at model.Query.Query.updateOne (/home/harshit/CrowdStream/backend/node_modules/mongoose/lib/query.js:4308:10)
    at _update (/home/harshit/CrowdStream/backend/node_modules/mongoose/lib/model.js:4173:16)
    at model.updateOne (/home/harshit/CrowdStream/backend/node_modules/mongoose/lib/model.js:4104:10)
    at Socket.<anonymous> (/home/harshit/CrowdStream/backend/src/handlers/registerViewer.handler.ts:234:19)
    at processTicksAndRejections (node:internal/process/task_queues:104:5)
2026-08-19 09:08:10 error: User disconnected, WlpH7ZJadGpheUbBAADW reason: ping timeout details: undefined
2026-08-19 09:08:10 error: RoomId not found
2026-08-19 09:08:12 error: ObjectParameterError: Parameter "filter" to updateOne() must be an object, got "6a48c735512699d8407ab848" (type string)
    at _update (/home/harshit/CrowdStream/backend/node_modules/mongoose/lib/query.js:4405:17)
    at model.Query.Query.updateOne (/home/harshit/CrowdStream/backend/node_modules/mongoose/lib/query.js:4308:10)
    at _update (/home/harshit/CrowdStream/backend/node_modules/mongoose/lib/model.js:4173:16)
    at model.updateOne (/home/harshit/CrowdStream/backend/node_modules/mongoose/lib/model.js:4104:10)
    at Socket.<anonymous> (/home/harshit/CrowdStream/backend/src/handlers/registerViewer.handler.ts:234:19)
    at processTicksAndRejections (node:internal/process/task_queues:104:5)
2026-08-19 09:08:16 error: User disconnected, ZWL9yHKlO-fx1S3LAADa reason: ping timeout details: undefined
2026-08-19 09:08:16 error: RoomId not found
2026-08-19 09:08:19 error: ObjectParameterError: Parameter "filter" to updateOne() must be an object, got "6a48c735512699d8407ab848" (type string)
    at _update (/home/harshit/CrowdStream/backend/node_modules/mongoose/lib/query.js:4405:17)
    at model.Query.Query.updateOne (/home/harshit/CrowdStream/backend/node_modules/mongoose/lib/query.js:4308:10)
    at _update (/home/harshit/CrowdStream/backend/node_modules/mongoose/lib/model.js:4173:16)
    at model.updateOne (/home/harshit/CrowdStream/backend/node_modules/mongoose/lib/model.js:4104:10)
    at Socket.<anonymous> (/home/harshit/CrowdStream/backend/src/handlers/registerViewer.handler.ts:234:19)
    at processTicksAndRejections (node:internal/process/task_queues:104:5)
2026-08-19 09:08:22 error: User disconnected, 85DDP4nnlchYAREVAADe reason: ping timeout details: undefined
2026-08-19 09:08:22 error: RoomId not found
2026-08-19 09:08:27 error: ObjectParameterError: Parameter "filter" to updateOne() must be an object, got "6a48c735512699d8407ab848" (type string)
    at _update (/home/harshit/CrowdStream/backend/node_modules/mongoose/lib/query.js:4405:17)
    at model.Query.Query.updateOne (/home/harshit/CrowdStream/backend/node_modules/mongoose/lib/query.js:4308:10)
    at _update (/home/harshit/CrowdStream/backend/node_modules/mongoose/lib/model.js:4173:16)
    at model.updateOne (/home/harshit/CrowdStream/backend/node_modules/mongoose/lib/model.js:4104:10)
    at Socket.<anonymous> (/home/harshit/CrowdStream/backend/src/handlers/registerViewer.handler.ts:234:19)
    at processTicksAndRejections (node:internal/process/task_queues:104:5)
2026-08-19 09:08:29 error: User disconnected, HWn1BMHKIN1GLDw3AADi reason: ping timeout details: undefined
2026-08-19 09:08:29 error: RoomId not found
2026-08-19 09:08:35 error: ObjectParameterError: Parameter "filter" to updateOne() must be an object, got "6a48c735512699d8407ab848" (type string)
    at _update (/home/harshit/CrowdStream/backend/node_modules/mongoose/lib/query.js:4405:17)
    at model.Query.Query.updateOne (/home/harshit/CrowdStream/backend/node_modules/mongoose/lib/query.js:4308:10)
    at _update (/home/harshit/CrowdStream/backend/node_modules/mongoose/lib/model.js:4173:16)
    at model.updateOne (/home/harshit/CrowdStream/backend/node_modules/mongoose/lib/model.js:4104:10)
    at Socket.<anonymous> (/home/harshit/CrowdStream/backend/src/handlers/registerViewer.handler.ts:234:19)
    at processTicksAndRejections (node:internal/process/task_queues:104:5)
2026-08-19 09:08:36 error: User disconnected, NSof0IoQF8rptRdhAADm reason: ping timeout details: undefined
2026-08-19 09:08:36 error: RoomId not found
2026-08-19 09:08:42 error: User disconnected, gylE1OaRP1k2HWS3AADq reason: ping timeout details: undefined
2026-08-19 09:08:42 error: RoomId not found
2026-08-19 09:08:44 error: ObjectParameterError: Parameter "filter" to updateOne() must be an object, got "6a48c735512699d8407ab848" (type string)
    at _update (/home/harshit/CrowdStream/backend/node_modules/mongoose/lib/query.js:4405:17)
    at model.Query.Query.updateOne (/home/harshit/CrowdStream/backend/node_modules/mongoose/lib/query.js:4308:10)
    at _update (/home/harshit/CrowdStream/backend/node_modules/mongoose/lib/model.js:4173:16)
    at model.updateOne (/home/harshit/CrowdStream/backend/node_modules/mongoose/lib/model.js:4104:10)
    at Socket.<anonymous> (/home/harshit/CrowdStream/backend/src/handlers/registerViewer.handler.ts:234:19)
    at processTicksAndRejections (node:internal/process/task_queues:104:5)
2026-08-19 09:08:49 error: User disconnected, xW9g6N89OgG0BQdOAADu reason: ping timeout details: undefined
2026-08-19 09:08:49 error: RoomId not found
2026-08-19 09:08:51 error: ObjectParameterError: Parameter "filter" to updateOne() must be an object, got "6a48c735512699d8407ab848" (type string)
    at _update (/home/harshit/CrowdStream/backend/node_modules/mongoose/lib/query.js:4405:17)
    at model.Query.Query.updateOne (/home/harshit/CrowdStream/backend/node_modules/mongoose/lib/query.js:4308:10)
    at _update (/home/harshit/CrowdStream/backend/node_modules/mongoose/lib/model.js:4173:16)
    at model.updateOne (/home/harshit/CrowdStream/backend/node_modules/mongoose/lib/model.js:4104:10)
    at Socket.<anonymous> (/home/harshit/CrowdStream/backend/src/handlers/registerViewer.handler.ts:234:19)
    at processTicksAndRejections (node:internal/process/task_queues:104:5)
2026-08-19 09:08:56 error: User disconnected, g8N8fCLT906fAjIUAADy reason: ping timeout details: undefined
2026-08-19 09:08:56 error: RoomId not found
2026-08-19 09:09:01 error: User disconnected, 5LALgrYgTkZXR_NfAAEM reason: forced server close details: undefined
2026-08-19 09:09:01 error: RoomId not found
2026-08-19 09:09:03 error: User disconnected, hgah-7kqXFgoQzUzAAD2 reason: ping timeout details: undefined
2026-08-19 09:09:03 error: RoomId not found
2026-08-19 09:09:11 error: User disconnected, driaDQ9AkR_MyJWvAAD6 reason: ping timeout details: undefined
2026-08-19 09:09:11 error: RoomId not found
2026-08-19 09:09:18 error: User disconnected, -NSP3rfas-T-AbvjAAD- reason: ping timeout details: undefined
2026-08-19 09:09:18 error: RoomId not found
2026-08-19 09:09:26 error: User disconnected, -dVF1PR-S463Jsq0AAEC reason: ping timeout details: undefined
2026-08-19 09:09:26 error: RoomId not found
2026-08-19 09:09:35 error: User disconnected, Zv5bTYO7rdEkyG-NAAEG reason: ping timeout details: undefined
2026-08-19 09:09:35 error: RoomId not found
2026-08-19 09:09:44 error: User disconnected, REF0VvWu0tsBuU4SAAEK reason: ping timeout details: undefined
2026-08-19 09:09:44 error: RoomId not found
2026-08-19 09:09:50 error: ObjectParameterError: Parameter "filter" to updateOne() must be an object, got "6a48c735512699d8407ab848" (type string)
    at _update (/home/harshit/CrowdStream/backend/node_modules/mongoose/lib/query.js:4405:17)
    at model.Query.Query.updateOne (/home/harshit/CrowdStream/backend/node_modules/mongoose/lib/query.js:4308:10)
    at _update (/home/harshit/CrowdStream/backend/node_modules/mongoose/lib/model.js:4173:16)
    at model.updateOne (/home/harshit/CrowdStream/backend/node_modules/mongoose/lib/model.js:4104:10)
    at Socket.<anonymous> (/home/harshit/CrowdStream/backend/src/handlers/registerViewer.handler.ts:234:19)
    at processTicksAndRejections (node:internal/process/task_queues:104:5)
2026-08-19 09:09:59 error: ObjectParameterError: Parameter "filter" to updateOne() must be an object, got "6a48c735512699d8407ab848" (type string)
    at _update (/home/harshit/CrowdStream/backend/node_modules/mongoose/lib/query.js:4405:17)
    at model.Query.Query.updateOne (/home/harshit/CrowdStream/backend/node_modules/mongoose/lib/query.js:4308:10)
    at _update (/home/harshit/CrowdStream/backend/node_modules/mongoose/lib/model.js:4173:16)
    at model.updateOne (/home/harshit/CrowdStream/backend/node_modules/mongoose/lib/model.js:4104:10)
    at Socket.<anonymous> (/home/harshit/CrowdStream/backend/src/handlers/registerViewer.handler.ts:234:19)
    at processTicksAndRejections (node:internal/process/task_queues:104:5)
2026-08-19 09:10:10 error: ObjectParameterError: Parameter "filter" to updateOne() must be an object, got "6a48c735512699d8407ab848" (type string)
    at _update (/home/harshit/CrowdStream/backend/node_modules/mongoose/lib/query.js:4405:17)
    at model.Query.Query.updateOne (/home/harshit/CrowdStream/backend/node_modules/mongoose/lib/query.js:4308:10)
    at _update (/home/harshit/CrowdStream/backend/node_modules/mongoose/lib/model.js:4173:16)
    at model.updateOne (/home/harshit/CrowdStream/backend/node_modules/mongoose/lib/model.js:4104:10)
    at Socket.<anonymous> (/home/harshit/CrowdStream/backend/src/handlers/registerViewer.handler.ts:234:19)
    at processTicksAndRejections (node:internal/process/task_queues:104:5)
2026-08-19 09:10:20 error: ObjectParameterError: Parameter "filter" to updateOne() must be an object, got "6a48c735512699d8407ab848" (type string)
    at _update (/home/harshit/CrowdStream/backend/node_modules/mongoose/lib/query.js:4405:17)
    at model.Query.Query.updateOne (/home/harshit/CrowdStream/backend/node_modules/mongoose/lib/query.js:4308:10)
    at _update (/home/harshit/CrowdStream/backend/node_modules/mongoose/lib/model.js:4173:16)
    at model.updateOne (/home/harshit/CrowdStream/backend/node_modules/mongoose/lib/model.js:4104:10)
    at Socket.<anonymous> (/home/harshit/CrowdStream/backend/src/handlers/registerViewer.handler.ts:234:19)
    at processTicksAndRejections (node:internal/process/task_queues:104:5)
2026-08-19 09:10:31 error: ObjectParameterError: Parameter "filter" to updateOne() must be an object, got "6a48c735512699d8407ab848" (type string)
    at _update (/home/harshit/CrowdStream/backend/node_modules/mongoose/lib/query.js:4405:17)
    at model.Query.Query.updateOne (/home/harshit/CrowdStream/backend/node_modules/mongoose/lib/query.js:4308:10)
    at _update (/home/harshit/CrowdStream/backend/node_modules/mongoose/lib/model.js:4173:16)
    at model.updateOne (/home/harshit/CrowdStream/backend/node_modules/mongoose/lib/model.js:4104:10)
    at Socket.<anonymous> (/home/harshit/CrowdStream/backend/src/handlers/registerViewer.handler.ts:234:19)
    at processTicksAndRejections (node:internal/process/task_queues:104:5)
2026-08-19 09:10:33 error: User disconnected, 9a7afqCgTfOwYdQlAAEQ reason: ping timeout details: undefined
2026-08-19 09:10:33 error: RoomId not found
2026-08-19 09:10:42 error: User disconnected, zc4PHu4j5iaTUJnuAAEm reason: forced server close details: undefined
2026-08-19 09:10:42 error: RoomId not found
2026-08-19 09:10:43 error: User disconnected, 3ngi7i6Ebffz7K3RAAEU reason: ping timeout details: undefined
2026-08-19 09:10:43 error: RoomId not found
2026-08-19 09:10:53 error: User disconnected, dyYeDCcnM-weTMA9AAEY reason: ping timeout details: undefined
2026-08-19 09:10:53 error: RoomId not found
2026-08-19 09:11:03 error: User disconnected, glTmk9fSdrW2ULd0AAEc reason: ping timeout details: undefined
2026-08-19 09:11:03 error: RoomId not found
2026-08-19 09:11:14 error: User disconnected, rl3SyBYTygZ540ZcAAEg reason: ping timeout details: undefined
2026-08-19 09:11:14 error: RoomId not found
2026-08-19 09:11:25 error: User disconnected, NlTmXt7qHopXE8f3AAEk reason: ping timeout details: undefined
2026-08-19 09:11:25 error: RoomId not found
2026-08-19 09:11:34 error: ObjectParameterError: Parameter "filter" to updateOne() must be an object, got "6a48c735512699d8407ab848" (type string)
    at _update (/home/harshit/CrowdStream/backend/node_modules/mongoose/lib/query.js:4405:17)
    at model.Query.Query.updateOne (/home/harshit/CrowdStream/backend/node_modules/mongoose/lib/query.js:4308:10)
    at _update (/home/harshit/CrowdStream/backend/node_modules/mongoose/lib/model.js:4173:16)
    at model.updateOne (/home/harshit/CrowdStream/backend/node_modules/mongoose/lib/model.js:4104:10)
    at Socket.<anonymous> (/home/harshit/CrowdStream/backend/src/handlers/registerViewer.handler.ts:234:19)
    at processTicksAndRejections (node:internal/process/task_queues:104:5)
2026-08-19 09:11:47 error: ObjectParameterError: Parameter "filter" to updateOne() must be an object, got "6a48c735512699d8407ab848" (type string)
    at _update (/home/harshit/CrowdStream/backend/node_modules/mongoose/lib/query.js:4405:17)
    at model.Query.Query.updateOne (/home/harshit/CrowdStream/backend/node_modules/mongoose/lib/query.js:4308:10)
    at _update (/home/harshit/CrowdStream/backend/node_modules/mongoose/lib/model.js:4173:16)
    at model.updateOne (/home/harshit/CrowdStream/backend/node_modules/mongoose/lib/model.js:4104:10)
    at Socket.<anonymous> (/home/harshit/CrowdStream/backend/src/handlers/registerViewer.handler.ts:234:19)
    at processTicksAndRejections (node:internal/process/task_queues:104:5)
2026-08-19 09:11:59 error: User disconnected, KZ53JlEC-kVjSCn5AAE0 reason: forced server close details: undefined
2026-08-19 09:11:59 error: RoomId not found
2026-08-19 09:12:16 error: User disconnected, 3zUNXSRf0J-JNFTvAAEq reason: ping timeout details: undefined
2026-08-19 09:12:16 error: RoomId not found
2026-08-19 09:12:29 error: User disconnected, ZWwDdqZMUAzwhV1vAAEu reason: ping timeout details: undefined
2026-08-19 09:12:29 error: RoomId not found
2026-08-19 09:12:42 error: User disconnected, V_frCl04yh9yrn2gAAEy reason: ping timeout details: undefined
2026-08-19 09:12:42 error: RoomId not found
2026-08-19 09:12:51 error: ObjectParameterError: Parameter "filter" to updateOne() must be an object, got "6a48c735512699d8407ab848" (type string)
    at _update (/home/harshit/CrowdStream/backend/node_modules/mongoose/lib/query.js:4405:17)
    at model.Query.Query.updateOne (/home/harshit/CrowdStream/backend/node_modules/mongoose/lib/query.js:4308:10)
    at _update (/home/harshit/CrowdStream/backend/node_modules/mongoose/lib/model.js:4173:16)
    at model.updateOne (/home/harshit/CrowdStream/backend/node_modules/mongoose/lib/model.js:4104:10)
    at Socket.<anonymous> (/home/harshit/CrowdStream/backend/src/handlers/registerViewer.handler.ts:234:19)
    at processTicksAndRejections (node:internal/process/task_queues:104:5)
2026-08-19 09:13:04 error: ObjectParameterError: Parameter "filter" to updateOne() must be an object, got "6a48c735512699d8407ab848" (type string)
    at _update (/home/harshit/CrowdStream/backend/node_modules/mongoose/lib/query.js:4405:17)
    at model.Query.Query.updateOne (/home/harshit/CrowdStream/backend/node_modules/mongoose/lib/query.js:4308:10)
    at _update (/home/harshit/CrowdStream/backend/node_modules/mongoose/lib/model.js:4173:16)
    at model.updateOne (/home/harshit/CrowdStream/backend/node_modules/mongoose/lib/model.js:4104:10)
    at Socket.<anonymous> (/home/harshit/CrowdStream/backend/src/handlers/registerViewer.handler.ts:234:19)
    at processTicksAndRejections (node:internal/process/task_queues:104:5)
2026-08-19 09:13:20 error: ObjectParameterError: Parameter "filter" to updateOne() must be an object, got "6a48c735512699d8407ab848" (type string)
    at _update (/home/harshit/CrowdStream/backend/node_modules/mongoose/lib/query.js:4405:17)
    at model.Query.Query.updateOne (/home/harshit/CrowdStream/backend/node_modules/mongoose/lib/query.js:4308:10)
    at _update (/home/harshit/CrowdStream/backend/node_modules/mongoose/lib/model.js:4173:16)
    at model.updateOne (/home/harshit/CrowdStream/backend/node_modules/mongoose/lib/model.js:4104:10)
    at Socket.<anonymous> (/home/harshit/CrowdStream/backend/src/handlers/registerViewer.handler.ts:234:19)
    at processTicksAndRejections (node:internal/process/task_queues:104:5)
2026-08-19 09:13:33 error: User disconnected, 5jWxgo8g80a_mTt3AAE4 reason: ping timeout details: undefined
2026-08-19 09:13:33 error: RoomId not found
2026-08-19 09:13:36 error: User disconnected, yqCPIYCJBlKN16crAAFG reason: forced server close details: undefined
2026-08-19 09:13:36 error: RoomId not found
2026-08-19 09:13:47 error: User disconnected, yJOfQxTXDmLDZ3xjAAE8 reason: ping timeout details: undefined
2026-08-19 09:13:47 error: RoomId not found
2026-08-19 09:14:01 error: User disconnected, 4UA42ev8ujThwjVtAAFA reason: ping timeout details: undefined
2026-08-19 09:14:01 error: RoomId not found
2026-08-19 09:14:17 error: User disconnected, if4wOAIQwkhn-J7KAAFE reason: ping timeout details: undefined
2026-08-19 09:14:17 error: RoomId not found
2026-08-19 09:14:31 error: ObjectParameterError: Parameter "filter" to updateOne() must be an object, got "6a48c735512699d8407ab848" (type string)
    at _update (/home/harshit/CrowdStream/backend/node_modules/mongoose/lib/query.js:4405:17)
    at model.Query.Query.updateOne (/home/harshit/CrowdStream/backend/node_modules/mongoose/lib/query.js:4308:10)
    at _update (/home/harshit/CrowdStream/backend/node_modules/mongoose/lib/model.js:4173:16)
    at model.updateOne (/home/harshit/CrowdStream/backend/node_modules/mongoose/lib/model.js:4104:10)
    at Socket.<anonymous> (/home/harshit/CrowdStream/backend/src/handlers/registerViewer.handler.ts:234:19)
    at processTicksAndRejections (node:internal/process/task_queues:104:5)
2026-08-19 09:14:43 error: ObjectParameterError: Parameter "filter" to updateOne() must be an object, got "6a48c735512699d8407ab848" (type string)
    at _update (/home/harshit/CrowdStream/backend/node_modules/mongoose/lib/query.js:4405:17)
    at model.Query.Query.updateOne (/home/harshit/CrowdStream/backend/node_modules/mongoose/lib/query.js:4308:10)
    at _update (/home/harshit/CrowdStream/backend/node_modules/mongoose/lib/model.js:4173:16)
    at model.updateOne (/home/harshit/CrowdStream/backend/node_modules/mongoose/lib/model.js:4104:10)
    at Socket.<anonymous> (/home/harshit/CrowdStream/backend/src/handlers/registerViewer.handler.ts:234:19)
    at processTicksAndRejections (node:internal/process/task_queues:104:5)
2026-08-19 09:14:51 error: ObjectParameterError: Parameter "filter" to updateOne() must be an object, got "6a48c735512699d8407ab848" (type string)
    at _update (/home/harshit/CrowdStream/backend/node_modules/mongoose/lib/query.js:4405:17)
    at model.Query.Query.updateOne (/home/harshit/CrowdStream/backend/node_modules/mongoose/lib/query.js:4308:10)
    at _update (/home/harshit/CrowdStream/backend/node_modules/mongoose/lib/model.js:4173:16)
    at model.updateOne (/home/harshit/CrowdStream/backend/node_modules/mongoose/lib/model.js:4104:10)
    at Socket.<anonymous> (/home/harshit/CrowdStream/backend/src/handlers/registerViewer.handler.ts:234:19)
    at processTicksAndRejections (node:internal/process/task_queues:104:5)
2026-08-19 09:15:07 error: ObjectParameterError: Parameter "filter" to updateOne() must be an object, got "6a48c735512699d8407ab848" (type string)
    at _update (/home/harshit/CrowdStream/backend/node_modules/mongoose/lib/query.js:4405:17)
    at model.Query.Query.updateOne (/home/harshit/CrowdStream/backend/node_modules/mongoose/lib/query.js:4308:10)
    at _update (/home/harshit/CrowdStream/backend/node_modules/mongoose/lib/model.js:4173:16)
    at model.updateOne (/home/harshit/CrowdStream/backend/node_modules/mongoose/lib/model.js:4104:10)
    at Socket.<anonymous> (/home/harshit/CrowdStream/backend/src/handlers/registerViewer.handler.ts:234:19)
    at processTicksAndRejections (node:internal/process/task_queues:104:5)
2026-08-19 09:15:12 error: User disconnected, vbOFEMuHVlSj0BErAAFK reason: ping timeout details: undefined
2026-08-19 09:15:12 error: RoomId not found
2026-08-19 09:15:22 error: ObjectParameterError: Parameter "filter" to updateOne() must be an object, got "6a48c735512699d8407ab848" (type string)
    at _update (/home/harshit/CrowdStream/backend/node_modules/mongoose/lib/query.js:4405:17)
    at model.Query.Query.updateOne (/home/harshit/CrowdStream/backend/node_modules/mongoose/lib/query.js:4308:10)
    at _update (/home/harshit/CrowdStream/backend/node_modules/mongoose/lib/model.js:4173:16)
    at model.updateOne (/home/harshit/CrowdStream/backend/node_modules/mongoose/lib/model.js:4104:10)
    at Socket.<anonymous> (/home/harshit/CrowdStream/backend/src/handlers/registerViewer.handler.ts:234:19)
    at processTicksAndRejections (node:internal/process/task_queues:104:5)
2026-08-19 09:15:26 error: User disconnected, 1LUYMfXcCZdlGPO8AAFO reason: ping timeout details: undefined
2026-08-19 09:15:26 error: RoomId not found
2026-08-19 09:15:29 error: ObjectParameterError: Parameter "filter" to updateOne() must be an object, got "6a48c735512699d8407ab848" (type string)
    at _update (/home/harshit/CrowdStream/backend/node_modules/mongoose/lib/query.js:4405:17)
    at model.Query.Query.updateOne (/home/harshit/CrowdStream/backend/node_modules/mongoose/lib/query.js:4308:10)
    at _update (/home/harshit/CrowdStream/backend/node_modules/mongoose/lib/model.js:4173:16)
    at model.updateOne (/home/harshit/CrowdStream/backend/node_modules/mongoose/lib/model.js:4104:10)
    at Socket.<anonymous> (/home/harshit/CrowdStream/backend/src/handlers/registerViewer.handler.ts:234:19)
    at processTicksAndRejections (node:internal/process/task_queues:104:5)
2026-08-19 09:15:34 error: User disconnected, Zs8qmqh6_CFVMUxQAAFS reason: ping timeout details: undefined
2026-08-19 09:15:34 error: RoomId not found
2026-08-19 09:15:39 error: ObjectParameterError: Parameter "filter" to updateOne() must be an object, got "6a48c735512699d8407ab848" (type string)
    at _update (/home/harshit/CrowdStream/backend/node_modules/mongoose/lib/query.js:4405:17)
    at model.Query.Query.updateOne (/home/harshit/CrowdStream/backend/node_modules/mongoose/lib/query.js:4308:10)
    at _update (/home/harshit/CrowdStream/backend/node_modules/mongoose/lib/model.js:4173:16)
    at model.updateOne (/home/harshit/CrowdStream/backend/node_modules/mongoose/lib/model.js:4104:10)
    at Socket.<anonymous> (/home/harshit/CrowdStream/backend/src/handlers/registerViewer.handler.ts:234:19)
    at processTicksAndRejections (node:internal/process/task_queues:104:5)
2026-08-19 09:15:49 error: User disconnected, mKafo7jluBvQtixlAAFW reason: ping timeout details: undefined
2026-08-19 09:15:49 error: RoomId not found
2026-08-19 09:15:52 error: ObjectParameterError: Parameter "filter" to updateOne() must be an object, got "6a48c735512699d8407ab848" (type string)
    at _update (/home/harshit/CrowdStream/backend/node_modules/mongoose/lib/query.js:4405:17)
    at model.Query.Query.updateOne (/home/harshit/CrowdStream/backend/node_modules/mongoose/lib/query.js:4308:10)
    at _update (/home/harshit/CrowdStream/backend/node_modules/mongoose/lib/model.js:4173:16)
    at model.updateOne (/home/harshit/CrowdStream/backend/node_modules/mongoose/lib/model.js:4104:10)
    at Socket.<anonymous> (/home/harshit/CrowdStream/backend/src/handlers/registerViewer.handler.ts:234:19)
    at processTicksAndRejections (node:internal/process/task_queues:104:5)
2026-08-19 09:16:04 error: ObjectParameterError: Parameter "filter" to updateOne() must be an object, got "6a48c735512699d8407ab848" (type string)
    at _update (/home/harshit/CrowdStream/backend/node_modules/mongoose/lib/query.js:4405:17)
    at model.Query.Query.updateOne (/home/harshit/CrowdStream/backend/node_modules/mongoose/lib/query.js:4308:10)
    at _update (/home/harshit/CrowdStream/backend/node_modules/mongoose/lib/model.js:4173:16)
    at model.updateOne (/home/harshit/CrowdStream/backend/node_modules/mongoose/lib/model.js:4104:10)
    at Socket.<anonymous> (/home/harshit/CrowdStream/backend/src/handlers/registerViewer.handler.ts:234:19)
    at processTicksAndRejections (node:internal/process/task_queues:104:5)
2026-08-19 09:16:04 error: User disconnected, 2NSfAQYL9_XX5QkhAAFa reason: ping timeout details: undefined
2026-08-19 09:16:04 error: RoomId not found
2026-08-19 09:16:13 error: User disconnected, YSTp6fzK2_Ij63siAAFe reason: ping timeout details: undefined
2026-08-19 09:16:13 error: RoomId not found
2026-08-19 09:16:16 error: User disconnected, SMe3Td1coyzVpCP5AAFw reason: forced server close details: undefined
2026-08-19 09:16:16 error: RoomId not found
2026-08-19 09:16:22 error: User disconnected, QV_mHB6l7poHlYpWAAFi reason: ping timeout details: undefined
2026-08-19 09:16:22 error: RoomId not found
2026-08-19 09:16:33 error: User disconnected, IV-xpm0eq3fzyjkUAAFm reason: ping timeout details: undefined
2026-08-19 09:16:33 error: RoomId not found
2026-08-19 09:16:47 error: User disconnected, O7bNhEK7iulbVaDzAAFq reason: ping timeout details: undefined
2026-08-19 09:16:47 error: RoomId not found
2026-08-19 09:16:57 error: User disconnected, JgoF_VteNUZQXuwSAAFu reason: ping timeout details: undefined
2026-08-19 09:16:58 error: RoomId not found
2026-08-19 09:17:08 error: ObjectParameterError: Parameter "filter" to updateOne() must be an object, got "6a48c735512699d8407ab848" (type string)
    at _update (/home/harshit/CrowdStream/backend/node_modules/mongoose/lib/query.js:4405:17)
    at model.Query.Query.updateOne (/home/harshit/CrowdStream/backend/node_modules/mongoose/lib/query.js:4308:10)
    at _update (/home/harshit/CrowdStream/backend/node_modules/mongoose/lib/model.js:4173:16)
    at model.updateOne (/home/harshit/CrowdStream/backend/node_modules/mongoose/lib/model.js:4104:10)
    at Socket.<anonymous> (/home/harshit/CrowdStream/backend/src/handlers/registerViewer.handler.ts:234:19)
    at processTicksAndRejections (node:internal/process/task_queues:104:5)
2026-08-19 09:17:16 error: ObjectParameterError: Parameter "filter" to updateOne() must be an object, got "6a48c735512699d8407ab848" (type string)
    at _update (/home/harshit/CrowdStream/backend/node_modules/mongoose/lib/query.js:4405:17)
    at model.Query.Query.updateOne (/home/harshit/CrowdStream/backend/node_modules/mongoose/lib/query.js:4308:10)
    at _update (/home/harshit/CrowdStream/backend/node_modules/mongoose/lib/model.js:4173:16)
    at model.updateOne (/home/harshit/CrowdStream/backend/node_modules/mongoose/lib/model.js:4104:10)
    at Socket.<anonymous> (/home/harshit/CrowdStream/backend/src/handlers/registerViewer.handler.ts:234:19)
    at processTicksAndRejections (node:internal/process/task_queues:104:5)
2026-08-19 09:17:28 error: ObjectParameterError: Parameter "filter" to updateOne() must be an object, got "6a48c735512699d8407ab848" (type string)
    at _update (/home/harshit/CrowdStream/backend/node_modules/mongoose/lib/query.js:4405:17)
    at model.Query.Query.updateOne (/home/harshit/CrowdStream/backend/node_modules/mongoose/lib/query.js:4308:10)
    at _update (/home/harshit/CrowdStream/backend/node_modules/mongoose/lib/model.js:4173:16)
    at model.updateOne (/home/harshit/CrowdStream/backend/node_modules/mongoose/lib/model.js:4104:10)
    at Socket.<anonymous> (/home/harshit/CrowdStream/backend/src/handlers/registerViewer.handler.ts:234:19)
    at processTicksAndRejections (node:internal/process/task_queues:104:5)
2026-08-19 09:17:42 error: User disconnected, -zqaxhDvmTEsAKezAAGC reason: forced server close details: undefined
2026-08-19 09:17:42 error: RoomId not found
2026-08-19 09:17:52 error: User disconnected, Aw1lI3Ch--M-CZ65AAF0 reason: ping timeout details: undefined
2026-08-19 09:17:52 error: RoomId not found
2026-08-19 09:17:58 error: User disconnected, LPsYw-1jqwedOk30AAF4 reason: ping timeout details: undefined
2026-08-19 09:17:58 error: RoomId not found
2026-08-19 09:18:10 error: User disconnected, Iiu0cRX1NPO5AIrXAAF8 reason: ping timeout details: undefined
2026-08-19 09:18:10 error: RoomId not found
2026-08-19 09:18:23 error: User disconnected, kkGcABW7t5Qa7Y2mAAGA reason: ping timeout details: undefined
2026-08-19 09:18:23 error: RoomId not found
2026-08-19 09:18:28 error: ObjectParameterError: Parameter "filter" to updateOne() must be an object, got "6a48c735512699d8407ab848" (type string)
    at _update (/home/harshit/CrowdStream/backend/node_modules/mongoose/lib/query.js:4405:17)
    at model.Query.Query.updateOne (/home/harshit/CrowdStream/backend/node_modules/mongoose/lib/query.js:4308:10)
    at _update (/home/harshit/CrowdStream/backend/node_modules/mongoose/lib/model.js:4173:16)
    at model.updateOne (/home/harshit/CrowdStream/backend/node_modules/mongoose/lib/model.js:4104:10)
    at Socket.<anonymous> (/home/harshit/CrowdStream/backend/src/handlers/registerViewer.handler.ts:234:19)
    at processTicksAndRejections (node:internal/process/task_queues:104:5)
2026-08-19 09:18:35 error: User disconnected, K1wwxMpwIOQnLM7xAAGM reason: forced server close details: undefined
2026-08-19 09:18:35 error: RoomId not found
2026-08-19 09:19:12 error: User disconnected, wcZN25rj1SzVTcYpAAGG reason: ping timeout details: undefined
2026-08-19 09:19:12 error: RoomId not found
2026-08-19 09:19:19 error: User disconnected, pnIREE233XGI_focAAGK reason: ping timeout details: undefined
2026-08-19 09:19:19 error: RoomId not found
2026-08-19 09:19:26 error: ObjectParameterError: Parameter "filter" to updateOne() must be an object, got "6a48c735512699d8407ab848" (type string)
    at _update (/home/harshit/CrowdStream/backend/node_modules/mongoose/lib/query.js:4405:17)
    at model.Query.Query.updateOne (/home/harshit/CrowdStream/backend/node_modules/mongoose/lib/query.js:4308:10)
    at _update (/home/harshit/CrowdStream/backend/node_modules/mongoose/lib/model.js:4173:16)
    at model.updateOne (/home/harshit/CrowdStream/backend/node_modules/mongoose/lib/model.js:4104:10)
    at Socket.<anonymous> (/home/harshit/CrowdStream/backend/src/handlers/registerViewer.handler.ts:234:19)
    at processTicksAndRejections (node:internal/process/task_queues:104:5)
2026-08-19 09:19:36 error: ObjectParameterError: Parameter "filter" to updateOne() must be an object, got "6a48c735512699d8407ab848" (type string)
    at _update (/home/harshit/CrowdStream/backend/node_modules/mongoose/lib/query.js:4405:17)
    at model.Query.Query.updateOne (/home/harshit/CrowdStream/backend/node_modules/mongoose/lib/query.js:4308:10)
    at _update (/home/harshit/CrowdStream/backend/node_modules/mongoose/lib/model.js:4173:16)
    at model.updateOne (/home/harshit/CrowdStream/backend/node_modules/mongoose/lib/model.js:4104:10)
    at Socket.<anonymous> (/home/harshit/CrowdStream/backend/src/handlers/registerViewer.handler.ts:234:19)
    at processTicksAndRejections (node:internal/process/task_queues:104:5)
2026-08-19 09:19:48 error: User disconnected, 1iNcbelNrTpPdMDyAAGa reason: forced server close details: undefined
2026-08-19 09:19:48 error: RoomId not found
2026-08-19 09:20:10 error: User disconnected, 3vssV3CLRR4WaMx4AAGQ reason: ping timeout details: undefined
2026-08-19 09:20:10 error: RoomId not found
2026-08-19 09:20:18 error: User disconnected, rCwfhj8FFhurk5yRAAGU reason: ping timeout details: undefined
2026-08-19 09:20:18 error: RoomId not found
2026-08-19 09:20:31 error: User disconnected, Lt5JwxjFWiAJh4pEAAGY reason: ping timeout details: undefined
2026-08-19 09:20:31 error: RoomId not found
2026-08-19 09:20:42 error: ObjectParameterError: Parameter "filter" to updateOne() must be an object, got "6a48c735512699d8407ab848" (type string)
    at _update (/home/harshit/CrowdStream/backend/node_modules/mongoose/lib/query.js:4405:17)
    at model.Query.Query.updateOne (/home/harshit/CrowdStream/backend/node_modules/mongoose/lib/query.js:4308:10)
    at _update (/home/harshit/CrowdStream/backend/node_modules/mongoose/lib/model.js:4173:16)
    at model.updateOne (/home/harshit/CrowdStream/backend/node_modules/mongoose/lib/model.js:4104:10)
    at Socket.<anonymous> (/home/harshit/CrowdStream/backend/src/handlers/registerViewer.handler.ts:234:19)
    at processTicksAndRejections (node:internal/process/task_queues:104:5)
2026-08-19 09:20:55 error: ObjectParameterError: Parameter "filter" to updateOne() must be an object, got "6a48c735512699d8407ab848" (type string)
    at _update (/home/harshit/CrowdStream/backend/node_modules/mongoose/lib/query.js:4405:17)
    at model.Query.Query.updateOne (/home/harshit/CrowdStream/backend/node_modules/mongoose/lib/query.js:4308:10)
    at _update (/home/harshit/CrowdStream/backend/node_modules/mongoose/lib/model.js:4173:16)
    at model.updateOne (/home/harshit/CrowdStream/backend/node_modules/mongoose/lib/model.js:4104:10)
    at Socket.<anonymous> (/home/harshit/CrowdStream/backend/src/handlers/registerViewer.handler.ts:234:19)
    at processTicksAndRejections (node:internal/process/task_queues:104:5)
2026-08-19 09:20:57 error: User disconnected, KoU56Nrq6t-kHPbLAAGi reason: transport close details: undefined
2026-08-19 09:20:57 error: RoomId not found
2026-08-19 09:20:57 error: User disconnected, BlDF5RshLgM34VeSAAGc reason: transport close details: undefined
2026-08-19 09:20:57 error: RoomId not found
2026-08-19 09:20:57 error: User disconnected, 4IjSM0I45WScOYhmAAGg reason: transport close details: undefined
2026-08-19 09:20:57 error: User disconnected, DWbvf3403qGmo11rAAFk reason: transport close details: undefined
2026-08-19 09:20:57 error: User disconnected, mFseFdtDK3mBqffQAAGk reason: transport close details: undefined
2026-08-19 09:20:57 error: User disconnected, VUmK3azuH3bh9RteAAFs reason: transport close details: undefined
2026-08-19 09:20:57 error: User disconnected, Wa1HVr5BtY7uGummAAGE reason: transport close details: undefined
2026-08-19 09:20:57 error: RoomId not found
2026-08-19 09:20:57 error: User disconnected, lg43Jj6vzdhhNZZXAAF- reason: transport close details: undefined
2026-08-19 09:20:57 error: User disconnected, tGOrta0mTDxmhJKbAAGW reason: transport close details: undefined
2026-08-19 09:20:58 error: User disconnected, 475eOA2yHM377RBKAADU reason: transport error details: Error: write error
2026-08-19 09:20:58 error: User disconnected, EPVOqa9YldTN6TMYAAEe reason: transport error details: Error: write error
2026-08-19 09:20:58 error: User disconnected, 4MZN1L2fo-oHzc0aAAE6 reason: transport error details: Error: write error
2026-08-19 09:20:58 error: User disconnected, i_xk3vqxmaHNm8qjAAFQ reason: transport error details: Error: write error
2026-08-19 09:20:58 error: User disconnected, o2_43VMsFjwvNN2PAAFc reason: transport error details: Error: write error
2026-08-19 09:20:58 error: User disconnected, no_1TOtuqYQveVOhAAF2 reason: transport error details: Error: write error
2026-08-19 09:20:58 error: User disconnected, As4jpMYRqy-v1ja3AAGI reason: transport error details: Error: write error
2026-08-19 09:20:58 error: User disconnected, vtRZzmPZLuudpeorAAGO reason: transport close details: undefined
2026-08-19 09:20:58 error: RoomId not found
2026-08-19 09:20:58 error: User disconnected, 5tc9NTB7_GJlus_vAAF6 reason: transport close details: undefined
2026-08-19 09:20:58 error: User disconnected, AUdFAPkcaONOZ4zGAABo reason: transport close details: undefined
2026-08-19 09:20:58 error: User disconnected, Y_Q3mgy7HfZXLYtaAAGS reason: transport close details: undefined
2026-08-19 09:20:58 error: User disconnected, YA-L4VX-hpuvb9CvAAAI reason: transport error details: Error: write error
2026-08-19 09:20:58 error: User disconnected, RxGBZbd7QyxNsvf5AAAM reason: transport error details: Error: write error
2026-08-19 09:20:58 error: User disconnected, KXBHqT0NEEZYZK8xAAAQ reason: transport error details: Error: write error
2026-08-19 09:20:58 error: User disconnected, 3l5TNnmZgBuOJYkWAAAU reason: transport error details: Error: write error
2026-08-19 09:20:58 error: User disconnected, 6JZHt7eW57lUxYU7AAAY reason: transport error details: Error: write error
2026-08-19 09:20:58 error: User disconnected, XUrzHJJU2Cz39wDpAAAc reason: transport error details: Error: write error
2026-08-19 09:20:58 error: User disconnected, UI3mB8UEvmNVAI-nAAAk reason: transport error details: Error: write error
2026-08-19 09:20:58 error: User disconnected, RYZPJcecWAhg1R-mAAAo reason: transport error details: Error: write error
2026-08-19 09:20:58 error: User disconnected, zWWv00g1a8LTvS3fAAAw reason: transport error details: Error: write error
2026-08-19 09:20:58 error: User disconnected, 4jqlmv3HzGcrWdmNAAA0 reason: transport error details: Error: write error
2026-08-19 09:20:58 error: User disconnected, EEO95COQYbGajDJ5AAA4 reason: transport error details: Error: write error
2026-08-19 09:20:58 error: User disconnected, 4FJFVy8_6JAKjvlcAAA8 reason: transport error details: Error: write error
2026-08-19 09:20:58 error: User disconnected, BTojedU6Yp4RkGHCAABA reason: transport error details: Error: write error
2026-08-19 09:20:58 error: User disconnected, vQa4o-x8EemzYCZVAABE reason: transport error details: Error: write error
2026-08-19 09:20:58 error: User disconnected, UQqFoty1-y2OltmIAABI reason: transport error details: Error: write error
2026-08-19 09:20:58 error: User disconnected, kM9ehglyOhAQlMBiAABM reason: transport error details: Error: write error
2026-08-19 09:20:58 error: User disconnected, U3Mki6tb_gy3hv-nAABQ reason: transport error details: Error: write error
2026-08-19 09:20:58 error: User disconnected, p8p0TjkTAe0xZqUPAABU reason: transport error details: Error: write error
2026-08-19 09:20:58 error: User disconnected, FZr2Z6iwhAapdMerAABY reason: transport error details: Error: write error
2026-08-19 09:20:58 error: User disconnected, IXf5KL31ZgznwklFAABc reason: transport error details: Error: write error
2026-08-19 09:20:58 error: User disconnected, -l9-0F7Hw99RUu4fAABg reason: transport error details: Error: write error
2026-08-19 09:20:58 error: User disconnected, yQ2Ux8BOjaTDKJXUAABw reason: transport error details: Error: write error
2026-08-19 09:20:58 error: User disconnected, FIyhCBtJkv1GHt2gAAB0 reason: transport error details: Error: write error
2026-08-19 09:20:58 error: User disconnected, fNhYGn_sBa7Jygj1AAB4 reason: transport error details: Error: write error
2026-08-19 09:20:58 error: User disconnected, cFndyNSy6R_qUy1yAAB8 reason: transport error details: Error: write error
2026-08-19 09:20:58 error: User disconnected, ZOBm2_geNAjDuPlrAACA reason: transport error details: Error: write error
2026-08-19 09:20:58 error: User disconnected, mxzniBdZJC7ROIfnAACE reason: transport error details: Error: write error
2026-08-19 09:20:58 error: User disconnected, SYwr7clF8lHc0EUBAACI reason: transport error details: Error: write error
2026-08-19 09:20:58 error: User disconnected, oy3SrJfgdQuNKuW3AACM reason: transport error details: Error: write error
2026-08-19 09:20:58 error: User disconnected, NnYYElLduD_D9ZQlAACQ reason: transport error details: Error: write error
2026-08-19 09:20:58 error: User disconnected, AaMzvNJzeasmL1SrAACU reason: transport error details: Error: write error
2026-08-19 09:20:58 error: User disconnected, cx8OOd-Q4kU5DDLrAACY reason: transport error details: Error: write error
2026-08-19 09:20:58 error: User disconnected, IY0g9T1fv6Leutf4AACc reason: transport error details: Error: write error
2026-08-19 09:20:58 error: User disconnected, CC9jZv_ZVdsmzpfjAACg reason: transport error details: Error: write error
2026-08-19 09:20:58 error: User disconnected, YXxPhX26bq83KRu_AACk reason: transport error details: Error: write error
2026-08-19 09:20:58 error: User disconnected, xmO2uEVh31Bm-nT6AACo reason: transport error details: Error: write error
2026-08-19 09:20:58 error: User disconnected, sof1-jVRHwIxBmsdAACs reason: transport error details: Error: write error
2026-08-19 09:20:58 error: User disconnected, TRLYss3I0npROG-DAACw reason: transport error details: Error: write error
2026-08-19 09:20:58 error: User disconnected, BnLLDTp7TAtyUhl9AAC0 reason: transport error details: Error: write error
2026-08-19 09:20:58 error: User disconnected, U3djHEvTwUHkRtNEAAC4 reason: transport error details: Error: write error
2026-08-19 09:20:58 error: User disconnected, FlpRS0piu6tYFNcgAAC8 reason: transport error details: Error: write error
2026-08-19 09:20:58 error: User disconnected, J0yxBXQx0MYbVG9fAADA reason: transport error details: Error: write error
2026-08-19 09:20:58 error: User disconnected, 9NImJzipIiVNKvd0AADE reason: transport error details: Error: write error
2026-08-19 09:20:58 error: User disconnected, eKfAiF1nGZ8Ahzn2AADI reason: transport error details: Error: write error
2026-08-19 09:20:58 error: User disconnected, cJl2P-DRcDmzGv2OAADM reason: transport error details: Error: write error
2026-08-19 09:20:58 error: User disconnected, 3kb-bwsdOSFm78qtAADQ reason: transport error details: Error: write error
2026-08-19 09:20:58 error: User disconnected, e9xYPVnlTPnNVEK0AADY reason: transport error details: Error: write error
2026-08-19 09:20:58 error: User disconnected, aX1tI7uRd3nXrr2FAADc reason: transport error details: Error: write error
2026-08-19 09:20:58 error: User disconnected, kZv5_RH6v-CJ-HQTAADg reason: transport error details: Error: write error
2026-08-19 09:20:58 error: User disconnected, -zCPSe4qrRxUurPfAADk reason: transport error details: Error: write error
2026-08-19 09:20:58 error: User disconnected, SCJsFY02-68l2MrtAADo reason: transport error details: Error: write error
2026-08-19 09:20:58 error: User disconnected, 5XMQfmYwmpw5SZ3iAADs reason: transport error details: Error: write error
2026-08-19 09:20:58 error: User disconnected, a4HZfOVeHVLfrnDoAADw reason: transport error details: Error: write error
2026-08-19 09:20:58 error: User disconnected, NOcyhiwWHUPdUrSyAAD0 reason: transport error details: Error: write error
2026-08-19 09:20:58 error: User disconnected, p250yxvAZTFBzov6AAD4 reason: transport error details: Error: write error
2026-08-19 09:20:58 error: User disconnected, fTs8wiJ7WD30YaeGAAD8 reason: transport error details: Error: write error
2026-08-19 09:20:58 error: User disconnected, eOFNQ46mHzfdjRKNAAEA reason: transport error details: Error: write error
2026-08-19 09:20:58 error: User disconnected, 8w5iws2z3DFGtlswAAEE reason: transport error details: Error: write error
2026-08-19 09:20:58 error: User disconnected, 2FC5PWZaAdeSzOjFAAEI reason: transport error details: Error: write error
2026-08-19 09:20:58 error: User disconnected, nWaBUXvmFSlbeBsJAAES reason: transport error details: Error: write error
2026-08-19 09:20:58 error: User disconnected, FYURRzdV_b3WUZy1AAEW reason: transport error details: Error: write error
2026-08-19 09:20:58 error: User disconnected, RwJFquR-cDiCZAkWAAEa reason: transport error details: Error: write error
2026-08-19 09:20:58 error: User disconnected, BHfCTnOhDr6ASWzOAAEi reason: transport error details: Error: write error
2026-08-19 09:20:58 error: User disconnected, qHR74BO5_tDXusPSAAEs reason: transport error details: Error: write error
2026-08-19 09:20:58 error: User disconnected, gSmSB8lZ-GsOAdsAAAEw reason: transport error details: Error: write error
2026-08-19 09:20:58 error: User disconnected, 1Q8WMcBeyVBORGGUAAE- reason: transport error details: Error: write error
2026-08-19 09:20:58 error: User disconnected, 9NV7b6ahwnsgiwn0AAFC reason: transport error details: Error: write error
2026-08-19 09:20:58 error: User disconnected, 1OC0q92i0Nk3lcIXAAFM reason: transport error details: Error: write error
2026-08-19 09:20:58 error: User disconnected, q8xdLkERluKSWogWAAFU reason: transport error details: Error: write error
2026-08-19 09:20:58 error: User disconnected, DvoEADoX3mMUa7s8AAFY reason: transport error details: Error: write error
2026-08-19 09:20:58 error: User disconnected, z76A2rzC1KyCs-I0AAFg reason: transport error details: Error: write error
2026-08-19 09:20:58 error: User disconnected, jhonVoO3MxHVyl-GAAFo reason: transport error details: Error: write error
2026-08-19 09:20:58 error: User disconnected, Vp2NWOFbd3a78pSgAABs reason: transport error details: Error: write error
2026-08-19 09:20:58 error: User disconnected, e_LIXzqhYeZpdoO6AAAE reason: transport close details: undefined
2026-08-19 09:20:58 error: User disconnected, EnFCgwh-dH4rpF2IAABk reason: transport close details: undefined
2026-08-19 09:20:58 error: User disconnected, 1XRUPPc2VRYVQBiFAAAs reason: transport close details: undefined
2026-08-19 09:20:58 error: User disconnected, xTOu7KuM2plyGh9JAAEO reason: transport close details: undefined
2026-08-19 09:20:58 error: RoomId not found
2026-08-19 09:20:58 error: User disconnected, 2k5JgN5BCh5JkIa8AAEo reason: transport close details: undefined
2026-08-19 09:20:58 error: RoomId not found
2026-08-19 09:20:58 error: User disconnected, 8G5DVbo5w0otGv1oAAE2 reason: transport close details: undefined
2026-08-19 09:20:58 error: RoomId not found
2026-08-19 09:20:58 error: User disconnected, keud_yRdZvdmFIJpAAFI reason: transport close details: undefined
2026-08-19 09:20:58 error: RoomId not found
2026-08-19 09:20:58 error: User disconnected, msWvPWG3gi5hH7IVAAGe reason: transport close details: undefined
2026-08-19 09:20:58 error: RoomId not found
2026-08-19 09:20:58 error: User disconnected, EjBMf1gwgdjAJyRjAAFy reason: transport close details: undefined
2026-08-19 09:20:58 error: RoomId not found
2026-08-19 09:20:58 error: User disconnected, seZtQIledgHVuCMnAAAg reason: transport close details: undefined
